hf_pk,productID,name1,date,openBalance,received,consumption,closeBalance,Stock_Cover,Days_of_Stock_Remaining,Previous_Month_Consumption,Consumption_Change,Rolling_3_Month_Consumption,Previous_Month_Received,Rolling_3_Month_Received,Previous_Month_OpenBalance,Previous_Month_CloseBalance,Previous_Month_Stockout,stockout_next_month
10166,20,"Water for Injection 10ml, Inj, Amp",2019-10-01,77,0,40,37,1.925,57.75,,,,,,,,,0
10166,28,"Benzyl Benzoate 25%, Emulsion, 100ml, Bot",2019-10-01,0,0,200,0,0.0,0.0,,,,,,,,,1
10166,34,"Folic Acid 5mg, Tab",2019-10-01,1324,0,372,952,3.559139785,106.7741935,,,,,,,,,0
10166,35,"Oxytocin 10IU, Inj, Amp",2019-10-01,116,0,17,99,6.823529412,204.7058824,,,,,,,,,0
10166,38,"Albendazole 400mg, Tab",2019-10-01,0,0,16,0,0.0,0.0,,,,,,,,,0
10166,39,"Oral Rehydration Salts (ORS), Sachet",2019-10-01,264,0,94,170,2.808510638,84.25531915,,,,,,,,,0
10166,43,"Zinc Sulphate 20mg, Dispersible, Tab",2019-10-01,998,0,70,928,14.25714286,427.7142857,,,,,,,,,0
10166,50,"Paracetamol (Acetaminophen) 500mg, Tab",2019-10-01,29,0,1816,0,0.015969163,0.47907489,,,,,,,,,1
10166,52,"Povidone Iodine 10%, Solution, Bot",2019-10-01,10,0,0,10,,,,,,,,,,,0
10166,20,"Water for Injection 10ml, Inj, Amp",2019-11-01,37,0,37,0,1.0,30.0,40.0,-3.0,40.0,0.0,0.0,77.0,37.0,0.0,0
10166,34,"Folic Acid 5mg, Tab",2019-11-01,952,0,846,106,1.125295508,33.75886525,372.0,474.0,372.0,0.0,0.0,1324.0,952.0,0.0,0
10166,35,"Oxytocin 10IU, Inj, Amp",2019-11-01,99,0,8,91,12.375,371.25,17.0,-9.0,17.0,0.0,0.0,116.0,99.0,0.0,0
10166,39,"Oral Rehydration Salts (ORS), Sachet",2019-11-01,170,0,182,0,0.934065934,28.02197802,94.0,88.0,94.0,0.0,0.0,264.0,170.0,0.0,0
10166,50,"Paracetamol (Acetaminophen) 500mg, Tab",2019-11-01,0,0,2297,0,0.0,0.0,1816.0,481.0,1816.0,0.0,0.0,29.0,0.0,0.0,0
10166,52,"Povidone Iodine 10%, Solution, Bot",2019-11-01,10,0,0,10,,,0.0,0.0,0.0,0.0,0.0,10.0,10.0,0.0,0
10166,34,"Folic Acid 5mg, Tab",2019-12-01,106,2000,722,1384,0.146814404,4.404432133,846.0,-124.0,609.0,0.0,0.0,952.0,106.0,0.0,0
10166,35,"Oxytocin 10IU, Inj, Amp",2019-12-01,91,2000,6,2085,15.16666667,455.0,8.0,-2.0,12.5,0.0,0.0,99.0,91.0,0.0,0
10166,42,"Methyldopa 250mg, Tab",2019-12-01,0,200,20,180,0.0,0.0,,,,,,,,,0
10166,50,"Paracetamol (Acetaminophen) 500mg, Tab",2019-12-01,0,2000,1774,226,0.0,0.0,2297.0,-523.0,2056.5,0.0,0.0,0.0,0.0,1.0,0
10166,52,"Povidone Iodine 10%, Solution, Bot",2019-12-01,10,0,5,5,2.0,60.0,0.0,5.0,0.0,0.0,0.0,10.0,10.0,0.0,0
10166,32,"Ampicillin 500mg, Pdr for IM/IV, Inj, Vial",2020-01-01,0,100,45,55,0.0,0.0,62.0,-17.0,62.0,0.0,0.0,37.0,0.0,0.0,0
10166,34,"Folic Acid 5mg, Tab",2020-01-01,1384,0,404,980,3.425742574,102.7722772,722.0,-318.0,646.6666666666666,2000.0,666.6666666666666,106.0,1384.0,0.0,0
10166,35,"Oxytocin 10IU, Inj, Amp",2020-01-01,2085,0,10,2075,208.5,6255.0,6.0,4.0,10.333333333333334,2000.0,666.6666666666666,91.0,2085.0,0.0,0
10166,42,"Methyldopa 250mg, Tab",2020-01-01,180,0,14,166,12.85714286,385.7142857,20.0,-6.0,20.0,200.0,200.0,0.0,180.0,0.0,0
10166,46,"Paracetamol (Acetaminophen) 250mg, Dispersible, Tab",2020-01-01,513,0,325,188,1.578461538,47.35384615,,,,,,,,,0
10166,50,"Paracetamol (Acetaminophen) 500mg, Tab",2020-01-01,226,1000,1912,0,0.118200837,3.546025105,1774.0,138.0,1962.3333333333333,2000.0,666.6666666666666,0.0,226.0,0.0,1
10166,52,"Povidone Iodine 10%, Solution, Bot",2020-01-01,5,0,0,5,,,5.0,-5.0,1.6666666666666667,0.0,0.0,10.0,5.0,0.0,0
10166,32,"Ampicillin 500mg, Pdr for IM/IV, Inj, Vial",2020-02-01,55,0,153,0,0.359477124,10.78431373,45.0,108.0,53.5,100.0,50.0,0.0,55.0,0.0,0
10166,34,"Folic Acid 5mg, Tab",2020-02-01,980,0,746,234,1.313672922,39.41018767,404.0,342.0,657.3333333333334,0.0,666.6666666666666,1384.0,980.0,0.0,0
10166,35,"Oxytocin 10IU, Inj, Amp",2020-02-01,2075,0,2,2073,1037.5,31125.0,10.0,-8.0,8.0,0.0,666.6666666666666,2085.0,2075.0,0.0,0
10166,38,"Albendazole 400mg, Tab",2020-02-01,0,0,38,0,0.0,0.0,400.0,-362.0,208.0,400.0,200.0,0.0,0.0,0.0,0
10166,39,"Oral Rehydration Salts (ORS), Sachet",2020-02-01,280,0,150,130,1.866666667,56.0,103.0,47.0,126.33333333333331,500.0,166.66666666666666,0.0,397.0,0.0,0
10166,42,"Methyldopa 250mg, Tab",2020-02-01,166,0,154,12,1.077922078,32.33766234,14.0,140.0,17.0,0.0,100.0,180.0,166.0,0.0,0
10166,43,"Zinc Sulphate 20mg, Dispersible, Tab",2020-02-01,1652,0,140,1512,11.8,354.0,50.0,90.0,60.0,0.0,0.0,928.0,878.0,0.0,0
10166,46,"Paracetamol (Acetaminophen) 250mg, Dispersible, Tab",2020-02-01,188,0,289,0,0.650519031,19.51557093,325.0,-36.0,325.0,0.0,0.0,513.0,188.0,0.0,0
10166,32,"Ampicillin 500mg, Pdr for IM/IV, Inj, Vial",2020-03-01,0,100,43,100,0.0,0.0,153.0,-110.0,86.66666666666667,0.0,33.333333333333336,55.0,0.0,0.0,0
10166,34,"Folic Acid 5mg, Tab",2020-03-01,234,0,142,92,1.647887324,49.43661972,746.0,-604.0,624.0,0.0,666.6666666666666,980.0,234.0,0.0,0
10166,35,"Oxytocin 10IU, Inj, Amp",2020-03-01,2073,40,11,2102,188.4545455,5653.636364,2.0,9.0,6.0,0.0,666.6666666666666,2075.0,2073.0,0.0,0
10166,38,"Albendazole 400mg, Tab",2020-03-01,0,100,32,100,0.0,0.0,38.0,-6.0,151.33333333333334,0.0,133.33333333333334,0.0,0.0,0.0,0
10166,39,"Oral Rehydration Salts (ORS), Sachet",2020-03-01,130,400,99,431,1.313131313,39.39393939,150.0,-51.0,145.0,0.0,166.66666666666666,280.0,130.0,0.0,0
10166,42,"Methyldopa 250mg, Tab",2020-03-01,12,0,0,12,,,154.0,-154.0,62.66666666666666,0.0,66.66666666666667,166.0,12.0,0.0,0
10166,43,"Zinc Sulphate 20mg, Dispersible, Tab",2020-03-01,1512,400,120,1792,12.6,378.0,140.0,-20.0,86.66666666666667,0.0,0.0,1652.0,1512.0,0.0,0
10166,19,"Ferrous Sulphate 200mg, Tab",2020-04-01,0,0,1205,0,0.0,0.0,800.0,405.0,460.0,0.0,0.0,0.0,0.0,1.0,1
10166,20,"Water for Injection 10ml, Inj, Amp",2020-04-01,100,0,42,58,2.380952381,71.42857143,32.0,10.0,36.333333333333336,100.0,33.333333333333336,0.0,68.0,0.0,1
10166,32,"Ampicillin 500mg, Pdr for IM/IV, Inj, Vial",2020-04-01,100,0,53,47,1.886792453,56.60377358,43.0,10.0,80.33333333333333,100.0,66.66666666666667,0.0,100.0,0.0,1
10166,34,"Folic Acid 5mg, Tab",2020-04-01,92,0,150,0,0.613333333,18.4,142.0,8.0,430.6666666666667,0.0,0.0,234.0,92.0,0.0,1
10166,35,"Oxytocin 10IU, Inj, Amp",2020-04-01,2102,0,7,2095,300.2857143,9008.571429,11.0,-4.0,7.666666666666667,40.0,13.333333333333334,2073.0,2102.0,0.0,0
10166,38,"Albendazole 400mg, Tab",2020-04-01,100,0,12,88,8.333333333,250.0,32.0,-20.0,156.66666666666666,100.0,166.66666666666666,0.0,100.0,0.0,0
10166,39,"Oral Rehydration Salts (ORS), Sachet",2020-04-01,431,0,55,376,7.836363636,235.0909091,99.0,-44.0,117.33333333333331,400.0,300.0,130.0,431.0,0.0,0
10166,43,"Zinc Sulphate 20mg, Dispersible, Tab",2020-04-01,1792,0,50,1742,35.84,1075.2,120.0,-70.0,103.33333333333331,400.0,133.33333333333334,1512.0,1792.0,0.0,0
10166,19,"Ferrous Sulphate 200mg, Tab",2020-05-01,0,0,1300,0,0.0,0.0,1205.0,95.0,708.3333333333334,0.0,0.0,0.0,0.0,0.0,1
10166,20,"Water for Injection 10ml, Inj, Amp",2020-05-01,58,0,58,0,1.0,30.0,42.0,16.0,37.0,0.0,33.333333333333336,100.0,58.0,0.0,1
10166,32,"Ampicillin 500mg, Pdr for IM/IV, Inj, Vial",2020-05-01,47,0,47,0,1.0,30.0,53.0,-6.0,83.0,0.0,33.333333333333336,100.0,47.0,0.0,1
10166,34,"Folic Acid 5mg, Tab",2020-05-01,0,0,132,0,0.0,0.0,150.0,-18.0,346.0,0.0,0.0,92.0,0.0,0.0,1
10166,35,"Oxytocin 10IU, Inj, Amp",2020-05-01,2095,0,1,2069,2095.0,62850.0,7.0,-6.0,6.666666666666667,0.0,13.333333333333334,2102.0,2095.0,0.0,0
10166,38,"Albendazole 400mg, Tab",2020-05-01,88,0,21,67,4.19047619,125.7142857,12.0,9.0,27.33333333333333,0.0,33.333333333333336,100.0,88.0,0.0,0
10166,39,"Oral Rehydration Salts (ORS), Sachet",2020-05-01,376,0,89,287,4.224719101,126.741573,55.0,34.0,101.33333333333331,0.0,133.33333333333334,431.0,376.0,0.0,0
10166,43,"Zinc Sulphate 20mg, Dispersible, Tab",2020-05-01,1742,0,50,1692,34.84,1045.2,50.0,0.0,103.33333333333331,0.0,133.33333333333334,1792.0,1742.0,0.0,0
10166,50,"Paracetamol (Acetaminophen) 500mg, Tab",2020-05-01,5067,0,1340,3727,3.781343284,113.4402985,1519.0,-179.0,1735.0,0.0,1000.0,0.0,0.0,1.0,0
10166,52,"Povidone Iodine 10%, Solution, Bot",2020-05-01,5,0,2,3,2.5,75.0,0.0,2.0,1.6666666666666667,0.0,0.0,5.0,5.0,0.0,0
10166,19,"Ferrous Sulphate 200mg, Tab",2020-06-01,0,0,2176,0,0.0,0.0,1300.0,876.0,1101.6666666666667,0.0,0.0,0.0,0.0,1.0,1
10166,20,"Water for Injection 10ml, Inj, Amp",2020-06-01,0,0,50,0,0.0,0.0,58.0,-8.0,44.0,0.0,33.333333333333336,58.0,0.0,1.0,1
10166,32,"Ampicillin 500mg, Pdr for IM/IV, Inj, Vial",2020-06-01,0,0,84,0,0.0,0.0,47.0,37.0,47.66666666666666,0.0,33.333333333333336,47.0,0.0,1.0,1
10166,34,"Folic Acid 5mg, Tab",2020-06-01,0,0,562,0,0.0,0.0,132.0,430.0,141.33333333333334,0.0,0.0,0.0,0.0,1.0,1
10166,35,"Oxytocin 10IU, Inj, Amp",2020-06-01,2069,0,8,2061,258.625,7758.75,1.0,7.0,6.333333333333333,0.0,13.333333333333334,2095.0,2069.0,0.0,0
10166,38,"Albendazole 400mg, Tab",2020-06-01,67,0,31,36,2.161290323,64.83870968,21.0,10.0,21.666666666666668,0.0,33.333333333333336,88.0,67.0,0.0,0
10166,39,"Oral Rehydration Salts (ORS), Sachet",2020-06-01,287,0,97,190,2.958762887,88.7628866,89.0,8.0,81.0,0.0,133.33333333333334,376.0,287.0,0.0,0
10166,42,"Methyldopa 250mg, Tab",2020-06-01,84,0,42,42,2.0,60.0,0.0,42.0,51.333333333333336,100.0,33.333333333333336,12.0,112.0,0.0,0
10166,43,"Zinc Sulphate 20mg, Dispersible, Tab",2020-06-01,1692,80,110,1582,15.38181818,461.4545455,50.0,60.0,73.33333333333333,0.0,133.33333333333334,1742.0,1692.0,0.0,0
10166,50,"Paracetamol (Acetaminophen) 500mg, Tab",2020-06-01,3727,0,1656,2071,2.250603865,67.51811594,1340.0,316.0,1590.3333333333333,0.0,333.3333333333333,5067.0,3727.0,0.0,0
10166,52,"Povidone Iodine 10%, Solution, Bot",2020-06-01,3,0,1,2,3.0,90.0,2.0,-1.0,0.6666666666666666,0.0,0.0,5.0,3.0,0.0,0
10166,19,"Ferrous Sulphate 200mg, Tab",2020-07-01,0,0,1645,0,0.0,0.0,2176.0,-531.0,1560.3333333333333,0.0,0.0,0.0,0.0,1.0,1
10166,20,"Water for Injection 10ml, Inj, Amp",2020-07-01,0,0,50,0,0.0,0.0,50.0,0.0,50.0,0.0,0.0,0.0,0.0,1.0,1
10166,32,"Ampicillin 500mg, Pdr for IM/IV, Inj, Vial",2020-07-01,0,0,81,0,0.0,0.0,84.0,-3.0,61.333333333333336,0.0,0.0,0.0,0.0,1.0,1
10166,34,"Folic Acid 5mg, Tab",2020-07-01,0,0,636,0,0.0,0.0,562.0,74.0,281.3333333333333,0.0,0.0,0.0,0.0,1.0,1
10166,35,"Oxytocin 10IU, Inj, Amp",2020-07-01,2061,0,8,2053,257.625,7728.75,8.0,0.0,5.333333333333333,0.0,0.0,2069.0,2061.0,0.0,0
10166,38,"Albendazole 400mg, Tab",2020-07-01,36,400,14,422,2.571428571,77.14285714,31.0,-17.0,21.33333333333333,0.0,0.0,67.0,36.0,0.0,0
10166,39,"Oral Rehydration Salts (ORS), Sachet",2020-07-01,190,80,71,199,2.676056338,80.28169014,97.0,-26.0,80.33333333333333,0.0,0.0,287.0,190.0,0.0,0
10166,42,"Methyldopa 250mg, Tab",2020-07-01,42,0,28,14,1.5,45.0,42.0,-14.0,14.0,0.0,33.333333333333336,84.0,42.0,0.0,0
10166,43,"Zinc Sulphate 20mg, Dispersible, Tab",2020-07-01,1582,80,0,1662,,,110.0,-110.0,70.0,80.0,26.666666666666668,1692.0,1582.0,0.0,0
10166,50,"Paracetamol (Acetaminophen) 500mg, Tab",2020-07-01,2071,0,1747,324,1.18546079,35.5638237,1656.0,91.0,1505.0,0.0,0.0,3727.0,2071.0,0.0,1
10166,52,"Povidone Iodine 10%, Solution, Bot",2020-07-01,2,0,0,2,,,1.0,-1.0,1.0,0.0,0.0,3.0,2.0,0.0,1
10166,19,"Ferrous Sulphate 200mg, Tab",2020-08-01,0,0,1392,0,0.0,0.0,1645.0,-253.0,1707.0,0.0,0.0,0.0,0.0,1.0,1
10166,20,"Water for Injection 10ml, Inj, Amp",2020-08-01,0,0,40,0,0.0,0.0,50.0,-10.0,52.66666666666666,0.0,0.0,0.0,0.0,1.0,1
10166,32,"Ampicillin 500mg, Pdr for IM/IV, Inj, Vial",2020-08-01,0,0,184,0,0.0,0.0,81.0,103.0,70.66666666666667,0.0,0.0,0.0,0.0,1.0,1
10166,34,"Folic Acid 5mg, Tab",2020-08-01,0,0,770,0,0.0,0.0,636.0,134.0,443.3333333333333,0.0,0.0,0.0,0.0,1.0,0
10166,35,"Oxytocin 10IU, Inj, Amp",2020-08-01,2053,0,8,2045,256.625,7698.75,8.0,0.0,5.666666666666667,0.0,0.0,2061.0,2053.0,0.0,0
10166,38,"Albendazole 400mg, Tab",2020-08-01,422,0,51,371,8.274509804,248.2352941,14.0,37.0,22.0,400.0,133.33333333333334,36.0,422.0,0.0,0
10166,39,"Oral Rehydration Salts (ORS), Sachet",2020-08-01,199,200,138,261,1.442028986,43.26086957,71.0,67.0,85.66666666666667,80.0,26.666666666666668,190.0,199.0,0.0,0
10166,43,"Zinc Sulphate 20mg, Dispersible, Tab",2020-08-01,1662,0,50,1612,33.24,997.2,0.0,50.0,53.333333333333336,80.0,53.333333333333336,1582.0,1662.0,0.0,0
10166,50,"Paracetamol (Acetaminophen) 500mg, Tab",2020-08-01,324,1000,2080,0,0.155769231,4.673076923,1747.0,333.0,1581.0,0.0,0.0,2071.0,324.0,0.0,0
10166,52,"Povidone Iodine 10%, Solution, Bot",2020-08-01,2,0,2,0,1.0,30.0,0.0,2.0,1.0,0.0,0.0,2.0,2.0,0.0,0
10166,34,"Folic Acid 5mg, Tab",2020-09-01,0,1000,484,516,0.0,0.0,770.0,-286.0,656.0,0.0,0.0,0.0,0.0,1.0,0
10166,35,"Oxytocin 10IU, Inj, Amp",2020-09-01,2045,50,5,2090,409.0,12270.0,8.0,-3.0,8.0,0.0,0.0,2053.0,2045.0,0.0,0
10166,39,"Oral Rehydration Salts (ORS), Sachet",2020-09-01,261,0,97,164,2.690721649,80.72164948,138.0,-41.0,102.0,200.0,93.33333333333331,199.0,261.0,0.0,0
10166,43,"Zinc Sulphate 20mg, Dispersible, Tab",2020-09-01,1612,500,155,1957,10.4,312.0,50.0,105.0,53.333333333333336,0.0,53.333333333333336,1662.0,1612.0,0.0,0
10166,46,"Paracetamol (Acetaminophen) 250mg, Dispersible, Tab",2020-09-01,0,1000,0,1000,,,269.0,-269.0,294.3333333333333,0.0,0.0,0.0,0.0,0.0,0
10166,50,"Paracetamol (Acetaminophen) 500mg, Tab",2020-09-01,0,2000,1815,185,0.0,0.0,2080.0,-265.0,1827.6666666666667,1000.0,333.3333333333333,324.0,0.0,1.0,1
10166,52,"Povidone Iodine 10%, Solution, Bot",2020-09-01,0,1,0,1,,,2.0,-2.0,1.0,0.0,0.0,2.0,0.0,1.0,0
10166,34,"Folic Acid 5mg, Tab",2020-10-01,516,0,342,174,1.50877193,45.26315789,484.0,-142.0,630.0,1000.0,333.3333333333333,0.0,516.0,0.0,0
10166,35,"Oxytocin 10IU, Inj, Amp",2020-10-01,2090,0,13,2077,160.7692308,4823.076923,5.0,8.0,7.0,50.0,16.666666666666668,2045.0,2090.0,0.0,0
10166,39,"Oral Rehydration Salts (ORS), Sachet",2020-10-01,164,0,78,86,2.102564103,63.07692308,97.0,-19.0,102.0,0.0,93.33333333333331,261.0,164.0,0.0,0
10166,42,"Methyldopa 250mg, Tab",2020-10-01,340,0,21,319,16.19047619,485.7142857,154.0,-133.0,74.66666666666667,200.0,66.66666666666667,14.0,60.0,0.0,0
10166,43,"Zinc Sulphate 20mg, Dispersible, Tab",2020-10-01,1957,0,100,1857,19.57,587.1,155.0,-55.0,68.33333333333333,500.0,193.33333333333331,1612.0,1957.0,0.0,0
10166,46,"Paracetamol (Acetaminophen) 250mg, Dispersible, Tab",2020-10-01,1000,0,447,553,2.237136465,67.11409396,0.0,447.0,186.0,1000.0,333.3333333333333,0.0,1000.0,0.0,0
10166,47,"Chlorhexidine Gluconate 7.1%, Gel",2020-10-01,10,0,4,6,2.5,75.0,,,,,,,,,0
10166,50,"Paracetamol (Acetaminophen) 500mg, Tab",2020-10-01,185,0,1453,0,0.12732278,3.819683414,1815.0,-362.0,1880.6666666666667,2000.0,1000.0,0.0,185.0,0.0,0
10166,19,"Ferrous Sulphate 200mg, Tab",2020-11-01,0,0,374,0,0.0,0.0,1386.0,-1012.0,1474.3333333333333,0.0,0.0,0.0,0.0,1.0,1
10166,34,"Folic Acid 5mg, Tab",2020-11-01,174,2000,166,2008,1.048192771,31.44578313,342.0,-176.0,532.0,0.0,333.3333333333333,516.0,174.0,0.0,0
10166,35,"Oxytocin 10IU, Inj, Amp",2020-11-01,2077,50,3,2124,692.3333333,20770.0,13.0,-10.0,8.666666666666666,0.0,16.666666666666668,2090.0,2077.0,0.0,0
10166,39,"Oral Rehydration Salts (ORS), Sachet",2020-11-01,86,300,103,283,0.834951456,25.04854369,78.0,25.0,104.33333333333331,0.0,66.66666666666667,164.0,86.0,0.0,0
10166,42,"Methyldopa 250mg, Tab",2020-11-01,319,300,74,545,4.310810811,129.3243243,21.0,53.0,67.66666666666667,0.0,66.66666666666667,340.0,319.0,0.0,0
10166,43,"Zinc Sulphate 20mg, Dispersible, Tab",2020-11-01,1857,1000,70,2787,26.52857143,795.8571429,100.0,-30.0,101.66666666666669,0.0,166.66666666666666,1957.0,1857.0,0.0,0
10166,46,"Paracetamol (Acetaminophen) 250mg, Dispersible, Tab",2020-11-01,553,1000,326,1227,1.696319018,50.88957055,447.0,-121.0,238.66666666666663,0.0,333.3333333333333,1000.0,553.0,0.0,0
10166,47,"Chlorhexidine Gluconate 7.1%, Gel",2020-11-01,10,0,2,8,5.0,150.0,4.0,-2.0,4.0,0.0,0.0,10.0,6.0,0.0,0
10166,50,"Paracetamol (Acetaminophen) 500mg, Tab",2020-11-01,0,2000,1530,470,0.0,0.0,1453.0,77.0,1782.6666666666667,0.0,1000.0,185.0,0.0,1.0,1
10166,19,"Ferrous Sulphate 200mg, Tab",2020-12-01,0,0,96,0,0.0,0.0,374.0,-278.0,1050.6666666666667,0.0,0.0,0.0,0.0,1.0,1
10166,34,"Folic Acid 5mg, Tab",2020-12-01,2008,0,746,1262,2.691689008,80.75067024,166.0,580.0,330.6666666666667,2000.0,1000.0,174.0,2008.0,0.0,0
10166,35,"Oxytocin 10IU, Inj, Amp",2020-12-01,2124,0,2,2122,1062.0,31860.0,3.0,-1.0,7.0,50.0,33.333333333333336,2077.0,2124.0,0.0,0
10166,38,"Albendazole 400mg, Tab",2020-12-01,1248,0,56,1192,22.28571429,668.5714286,49.0,7.0,38.0,1000.0,466.6666666666667,371.0,1322.0,0.0,0
10166,39,"Oral Rehydration Salts (ORS), Sachet",2020-12-01,283,0,177,106,1.598870056,47.96610169,103.0,74.0,92.66666666666669,300.0,100.0,86.0,283.0,0.0,1
10166,42,"Methyldopa 250mg, Tab",2020-12-01,545,0,74,471,7.364864865,220.9459459,74.0,0.0,83.0,300.0,166.66666666666666,319.0,545.0,0.0,0
10166,43,"Zinc Sulphate 20mg, Dispersible, Tab",2020-12-01,2787,0,160,2627,17.41875,522.5625,70.0,90.0,108.33333333333331,1000.0,500.0,1857.0,2787.0,0.0,0
10166,46,"Paracetamol (Acetaminophen) 250mg, Dispersible, Tab",2020-12-01,1227,0,356,871,3.446629213,103.3988764,326.0,30.0,257.6666666666667,1000.0,666.6666666666666,553.0,1227.0,0.0,0
10166,47,"Chlorhexidine Gluconate 7.1%, Gel",2020-12-01,8,0,2,6,4.0,120.0,2.0,0.0,3.0,0.0,0.0,10.0,8.0,0.0,0
10166,50,"Paracetamol (Acetaminophen) 500mg, Tab",2020-12-01,470,0,2492,0,0.188603531,5.658105939,1530.0,962.0,1599.3333333333333,2000.0,1333.3333333333333,0.0,470.0,0.0,1
10166,32,"Ampicillin 500mg, Pdr for IM/IV, Inj, Vial",2021-01-01,0,50,90,0,0.0,0.0,70.0,20.0,105.33333333333331,0.0,0.0,0.0,0.0,1.0,1
10166,34,"Folic Acid 5mg, Tab",2021-01-01,1262,0,858,404,1.470862471,44.12587413,746.0,112.0,418.0,0.0,666.6666666666666,2008.0,1262.0,0.0,1
10166,35,"Oxytocin 10IU, Inj, Amp",2021-01-01,2122,0,4,2118,530.5,15915.0,2.0,2.0,6.0,0.0,16.666666666666668,2124.0,2122.0,0.0,0
10166,38,"Albendazole 400mg, Tab",2021-01-01,1192,0,34,1158,35.05882353,1051.764706,56.0,-22.0,52.0,0.0,333.3333333333333,1248.0,1192.0,0.0,0
10166,39,"Oral Rehydration Salts (ORS), Sachet",2021-01-01,106,0,139,0,0.762589928,22.87769784,177.0,-38.0,119.33333333333331,0.0,100.0,283.0,106.0,0.0,1
10166,42,"Methyldopa 250mg, Tab",2021-01-01,471,0,56,415,8.410714286,252.3214286,74.0,-18.0,56.333333333333336,0.0,100.0,545.0,471.0,0.0,0
10166,43,"Zinc Sulphate 20mg, Dispersible, Tab",2021-01-01,2627,0,220,2407,11.94090909,358.2272727,160.0,60.0,110.0,0.0,333.3333333333333,2787.0,2627.0,0.0,0
10166,46,"Paracetamol (Acetaminophen) 250mg, Dispersible, Tab",2021-01-01,871,500,267,1104,3.262172285,97.86516854,356.0,-89.0,376.3333333333333,0.0,333.3333333333333,1227.0,871.0,0.0,0
10166,47,"Chlorhexidine Gluconate 7.1%, Gel",2021-01-01,6,0,4,2,1.5,45.0,2.0,2.0,2.6666666666666665,0.0,0.0,8.0,6.0,0.0,1
10166,50,"Paracetamol (Acetaminophen) 500mg, Tab",2021-01-01,0,1500,520,0,0.0,0.0,2492.0,-1972.0,1825.0,0.0,666.6666666666666,470.0,0.0,1.0,1
10166,32,"Ampicillin 500mg, Pdr for IM/IV, Inj, Vial",2021-02-01,0,0,72,0,0.0,0.0,90.0,-18.0,74.0,50.0,16.666666666666668,0.0,0.0,1.0,1
10166,34,"Folic Acid 5mg, Tab",2021-02-01,404,0,986,0,0.409736308,12.29208925,858.0,128.0,590.0,0.0,666.6666666666666,1262.0,404.0,0.0,1
10166,35,"Oxytocin 10IU, Inj, Amp",2021-02-01,2118,0,12,2106,176.5,5295.0,4.0,8.0,3.0,0.0,16.666666666666668,2122.0,2118.0,0.0,0
10166,38,"Albendazole 400mg, Tab",2021-02-01,1158,0,37,1121,31.2972973,938.9189189,34.0,3.0,46.333333333333336,0.0,333.3333333333333,1192.0,1158.0,0.0,0
10166,39,"Oral Rehydration Salts (ORS), Sachet",2021-02-01,0,0,108,0,0.0,0.0,139.0,-31.0,139.66666666666666,0.0,100.0,106.0,0.0,1.0,0
10166,42,"Methyldopa 250mg, Tab",2021-02-01,415,0,94,321,4.414893617,132.4468085,56.0,38.0,68.0,0.0,100.0,471.0,415.0,0.0,0
10166,43,"Zinc Sulphate 20mg, Dispersible, Tab",2021-02-01,2407,0,150,2257,16.04666667,481.4,220.0,-70.0,150.0,0.0,333.3333333333333,2627.0,2407.0,0.0,0
10166,46,"Paracetamol (Acetaminophen) 250mg, Dispersible, Tab",2021-02-01,1104,0,50,1054,22.08,662.4,267.0,-217.0,316.3333333333333,500.0,500.0,871.0,1104.0,0.0,0
10166,32,"Ampicillin 500mg, Pdr for IM/IV, Inj, Vial",2021-03-01,0,0,125,0,0.0,0.0,72.0,53.0,77.33333333333333,0.0,16.666666666666668,0.0,0.0,1.0,1
10166,34,"Folic Acid 5mg, Tab",2021-03-01,0,0,374,0,0.0,0.0,986.0,-612.0,863.3333333333334,0.0,0.0,404.0,0.0,1.0,1
10166,35,"Oxytocin 10IU, Inj, Amp",2021-03-01,2106,50,6,2150,351.0,10530.0,12.0,-6.0,6.0,0.0,0.0,2118.0,2106.0,0.0,0
10166,38,"Albendazole 400mg, Tab",2021-03-01,1121,500,28,1593,40.03571429,1201.071429,37.0,-9.0,42.333333333333336,0.0,0.0,1158.0,1121.0,0.0,0
10166,39,"Oral Rehydration Salts (ORS), Sachet",2021-03-01,0,300,162,138,0.0,0.0,108.0,54.0,141.33333333333334,0.0,0.0,0.0,0.0,1.0,1
10166,42,"Methyldopa 250mg, Tab",2021-03-01,321,200,220,301,1.459090909,43.77272727,94.0,126.0,74.66666666666667,0.0,0.0,415.0,321.0,0.0,0
10166,43,"Zinc Sulphate 20mg, Dispersible, Tab",2021-03-01,2257,1000,160,3097,14.10625,423.1875,150.0,10.0,176.66666666666666,0.0,0.0,2407.0,2257.0,0.0,0
10166,46,"Paracetamol (Acetaminophen) 250mg, Dispersible, Tab",2021-03-01,1054,1000,58,1996,18.17241379,545.1724138,50.0,8.0,224.33333333333331,0.0,166.66666666666666,1104.0,1054.0,0.0,0
10166,19,"Ferrous Sulphate 200mg, Tab",2021-04-01,0,0,236,0,0.0,0.0,1070.0,-834.0,513.3333333333334,0.0,0.0,0.0,0.0,1.0,1
10166,32,"Ampicillin 500mg, Pdr for IM/IV, Inj, Vial",2021-04-01,0,0,73,0,0.0,0.0,125.0,-52.0,95.66666666666669,0.0,16.666666666666668,0.0,0.0,1.0,1
10166,34,"Folic Acid 5mg, Tab",2021-04-01,0,0,284,0,0.0,0.0,374.0,-90.0,739.3333333333334,0.0,0.0,0.0,0.0,1.0,1
10166,35,"Oxytocin 10IU, Inj, Amp",2021-04-01,2150,0,9,2141,238.8888889,7166.666667,6.0,3.0,7.333333333333333,50.0,16.666666666666668,2106.0,2150.0,0.0,0
10166,38,"Albendazole 400mg, Tab",2021-04-01,1593,0,29,1564,54.93103448,1647.931034,28.0,1.0,33.0,500.0,166.66666666666666,1121.0,1593.0,0.0,0
10166,39,"Oral Rehydration Salts (ORS), Sachet",2021-04-01,138,0,138,0,1.0,30.0,162.0,-24.0,136.33333333333334,300.0,100.0,0.0,138.0,0.0,0
10166,42,"Methyldopa 250mg, Tab",2021-04-01,301,0,152,149,1.980263158,59.40789474,220.0,-68.0,123.33333333333331,200.0,66.66666666666667,321.0,301.0,0.0,0
10166,43,"Zinc Sulphate 20mg, Dispersible, Tab",2021-04-01,3097,0,180,2917,17.20555556,516.1666667,160.0,20.0,176.66666666666666,1000.0,333.3333333333333,2257.0,3097.0,0.0,0
10166,46,"Paracetamol (Acetaminophen) 250mg, Dispersible, Tab",2021-04-01,1996,0,53,1943,37.66037736,1129.811321,58.0,-5.0,125.0,1000.0,500.0,1054.0,1996.0,0.0,0
10166,50,"Paracetamol (Acetaminophen) 500mg, Tab",2021-04-01,0,0,1871,0,0.0,0.0,1558.0,313.0,1523.3333333333333,0.0,500.0,0.0,0.0,1.0,1
10166,19,"Ferrous Sulphate 200mg, Tab",2021-05-01,0,0,392,0,0.0,0.0,236.0,156.0,467.3333333333333,0.0,0.0,0.0,0.0,1.0,1
10166,32,"Ampicillin 500mg, Pdr for IM/IV, Inj, Vial",2021-05-01,0,0,82,0,0.0,0.0,73.0,9.0,90.0,0.0,0.0,0.0,0.0,1.0,1
10166,34,"Folic Acid 5mg, Tab",2021-05-01,0,0,268,0,0.0,0.0,284.0,-16.0,548.0,0.0,0.0,0.0,0.0,1.0,1
10166,35,"Oxytocin 10IU, Inj, Amp",2021-05-01,2141,0,14,2127,152.9285714,4587.857143,9.0,5.0,9.0,0.0,16.666666666666668,2150.0,2141.0,0.0,0
10166,38,"Albendazole 400mg, Tab",2021-05-01,1564,0,10,1554,156.4,4692.0,29.0,-19.0,31.33333333333333,0.0,166.66666666666666,1593.0,1564.0,0.0,0
10166,39,"Oral Rehydration Salts (ORS), Sachet",2021-05-01,0,200,122,78,0.0,0.0,138.0,-16.0,136.0,0.0,100.0,138.0,0.0,1.0,1
10166,42,"Methyldopa 250mg, Tab",2021-05-01,149,0,60,89,2.483333333,74.5,152.0,-92.0,155.33333333333334,0.0,66.66666666666667,301.0,149.0,0.0,0
10166,43,"Zinc Sulphate 20mg, Dispersible, Tab",2021-05-01,2917,0,190,2727,15.35263158,460.5789474,180.0,10.0,163.33333333333334,0.0,333.3333333333333,3097.0,2917.0,0.0,0
10166,46,"Paracetamol (Acetaminophen) 250mg, Dispersible, Tab",2021-05-01,1943,500,494,1949,3.933198381,117.9959514,53.0,441.0,53.66666666666666,0.0,333.3333333333333,1996.0,1943.0,0.0,0
10166,50,"Paracetamol (Acetaminophen) 500mg, Tab",2021-05-01,0,1000,1684,0,0.0,0.0,1871.0,-187.0,1316.3333333333333,0.0,500.0,0.0,0.0,1.0,1
10166,19,"Ferrous Sulphate 200mg, Tab",2021-06-01,0,0,402,0,0.0,0.0,392.0,10.0,566.0,0.0,0.0,0.0,0.0,1.0,0
10166,32,"Ampicillin 500mg, Pdr for IM/IV, Inj, Vial",2021-06-01,0,0,78,0,0.0,0.0,82.0,-4.0,93.33333333333331,0.0,0.0,0.0,0.0,1.0,1
10166,34,"Folic Acid 5mg, Tab",2021-06-01,0,0,818,0,0.0,0.0,268.0,550.0,308.6666666666667,0.0,0.0,0.0,0.0,1.0,0
10166,35,"Oxytocin 10IU, Inj, Amp",2021-06-01,2127,0,10,2117,212.7,6381.0,14.0,-4.0,9.666666666666666,0.0,16.666666666666668,2141.0,2127.0,0.0,0
10166,38,"Albendazole 400mg, Tab",2021-06-01,1554,0,21,1533,74.0,2220.0,10.0,11.0,22.33333333333333,0.0,166.66666666666666,1564.0,1554.0,0.0,0
10166,39,"Oral Rehydration Salts (ORS), Sachet",2021-06-01,78,0,81,0,0.962962963,28.88888889,122.0,-41.0,140.66666666666666,200.0,166.66666666666666,0.0,78.0,0.0,0
10166,42,"Methyldopa 250mg, Tab",2021-06-01,89,0,40,49,2.225,66.75,60.0,-20.0,144.0,0.0,66.66666666666667,149.0,89.0,0.0,0
10166,43,"Zinc Sulphate 20mg, Dispersible, Tab",2021-06-01,2727,0,120,2607,22.725,681.75,190.0,-70.0,176.66666666666666,0.0,333.3333333333333,2917.0,2727.0,0.0,0
10166,46,"Paracetamol (Acetaminophen) 250mg, Dispersible, Tab",2021-06-01,1449,0,372,1077,3.89516129,116.8548387,494.0,-122.0,201.66666666666663,500.0,500.0,1943.0,1949.0,0.0,0
10166,50,"Paracetamol (Acetaminophen) 500mg, Tab",2021-06-01,0,0,1507,0,0.0,0.0,1684.0,-177.0,1704.3333333333333,1000.0,333.3333333333333,0.0,0.0,1.0,1
10166,19,"Ferrous Sulphate 200mg, Tab",2021-07-01,0,3000,1465,1535,0.0,0.0,402.0,1063.0,343.3333333333333,0.0,0.0,0.0,0.0,1.0,0
10166,32,"Ampicillin 500mg, Pdr for IM/IV, Inj, Vial",2021-07-01,0,0,74,0,0.0,0.0,78.0,-4.0,77.66666666666667,0.0,0.0,0.0,0.0,1.0,1
10166,34,"Folic Acid 5mg, Tab",2021-07-01,0,1000,674,326,0.0,0.0,818.0,-144.0,456.6666666666667,0.0,0.0,0.0,0.0,1.0,0
10166,35,"Oxytocin 10IU, Inj, Amp",2021-07-01,2117,50,1,2166,2117.0,63510.0,10.0,-9.0,11.0,0.0,0.0,2127.0,2117.0,0.0,0
10166,38,"Albendazole 400mg, Tab",2021-07-01,1533,500,38,1995,40.34210526,1210.263158,21.0,17.0,20.0,0.0,0.0,1554.0,1533.0,0.0,0
10166,39,"Oral Rehydration Salts (ORS), Sachet",2021-07-01,0,300,114,186,0.0,0.0,81.0,33.0,113.66666666666669,0.0,66.66666666666667,78.0,0.0,1.0,0
10166,42,"Methyldopa 250mg, Tab",2021-07-01,49,0,6,43,8.166666667,245.0,40.0,-34.0,84.0,0.0,0.0,89.0,49.0,0.0,1
10166,43,"Zinc Sulphate 20mg, Dispersible, Tab",2021-07-01,2607,1000,90,3517,28.96666667,869.0,120.0,-30.0,163.33333333333334,0.0,0.0,2727.0,2607.0,0.0,0
10166,46,"Paracetamol (Acetaminophen) 250mg, Dispersible, Tab",2021-07-01,1077,1000,663,1414,1.624434389,48.73303167,372.0,291.0,306.3333333333333,0.0,166.66666666666666,1449.0,1077.0,0.0,0
10166,47,"Chlorhexidine Gluconate 7.1%, Gel",2021-07-01,0,10,1,9,0.0,0.0,2.0,-1.0,2.6666666666666665,0.0,0.0,2.0,0.0,1.0,0
10166,50,"Paracetamol (Acetaminophen) 500mg, Tab",2021-07-01,0,1000,2392,0,0.0,0.0,1507.0,885.0,1687.3333333333333,0.0,333.3333333333333,0.0,0.0,1.0,1
10166,19,"Ferrous Sulphate 200mg, Tab",2021-08-01,1535,0,176,1359,8.721590909,261.6477273,1465.0,-1289.0,753.0,3000.0,1000.0,0.0,1535.0,0.0,0
10166,32,"Ampicillin 500mg, Pdr for IM/IV, Inj, Vial",2021-08-01,0,0,52,0,0.0,0.0,74.0,-22.0,78.0,0.0,0.0,0.0,0.0,1.0,1
10166,34,"Folic Acid 5mg, Tab",2021-08-01,326,0,244,82,1.336065574,40.08196721,674.0,-430.0,586.6666666666666,1000.0,333.3333333333333,0.0,326.0,0.0,1
10166,35,"Oxytocin 10IU, Inj, Amp",2021-08-01,2166,0,9,2157,240.6666667,7220.0,1.0,8.0,8.333333333333334,50.0,16.666666666666668,2117.0,2166.0,0.0,0
10166,38,"Albendazole 400mg, Tab",2021-08-01,1995,0,28,1967,71.25,2137.5,38.0,-10.0,23.0,500.0,166.66666666666666,1533.0,1995.0,0.0,0
10166,39,"Oral Rehydration Salts (ORS), Sachet",2021-08-01,186,0,176,10,1.056818182,31.70454545,114.0,62.0,105.66666666666669,300.0,166.66666666666666,0.0,186.0,0.0,0
10166,42,"Methyldopa 250mg, Tab",2021-08-01,43,0,94,0,0.457446809,13.72340426,6.0,88.0,35.333333333333336,0.0,0.0,49.0,43.0,0.0,1
10166,43,"Zinc Sulphate 20mg, Dispersible, Tab",2021-08-01,3517,0,50,3467,70.34,2110.2,90.0,-40.0,133.33333333333334,1000.0,333.3333333333333,2607.0,3517.0,0.0,0
10166,46,"Paracetamol (Acetaminophen) 250mg, Dispersible, Tab",2021-08-01,1414,0,530,884,2.667924528,80.03773585,663.0,-133.0,509.6666666666667,1000.0,500.0,1077.0,1414.0,0.0,0
10166,47,"Chlorhexidine Gluconate 7.1%, Gel",2021-08-01,9,0,4,5,2.25,67.5,1.0,3.0,2.333333333333333,10.0,3.333333333333333,0.0,9.0,0.0,1
10166,50,"Paracetamol (Acetaminophen) 500mg, Tab",2021-08-01,0,0,2272,0,0.0,0.0,2392.0,-120.0,1861.0,1000.0,666.6666666666666,0.0,0.0,1.0,1
10166,19,"Ferrous Sulphate 200mg, Tab",2021-09-01,1359,0,464,895,2.92887931,87.86637931,176.0,288.0,681.0,0.0,1000.0,1535.0,1359.0,0.0,1
10166,32,"Ampicillin 500mg, Pdr for IM/IV, Inj, Vial",2021-09-01,0,50,67,0,0.0,0.0,52.0,15.0,68.0,0.0,0.0,0.0,0.0,1.0,1
10166,34,"Folic Acid 5mg, Tab",2021-09-01,82,0,152,0,0.539473684,16.18421053,244.0,-92.0,578.6666666666666,0.0,333.3333333333333,326.0,82.0,0.0,1
10166,35,"Oxytocin 10IU, Inj, Amp",2021-09-01,2157,0,5,2152,431.4,12942.0,9.0,-4.0,6.666666666666667,0.0,16.666666666666668,2166.0,2157.0,0.0,0
10166,38,"Albendazole 400mg, Tab",2021-09-01,1967,0,22,1945,89.40909091,2682.272727,28.0,-6.0,29.0,0.0,166.66666666666666,1995.0,1967.0,0.0,0
10166,39,"Oral Rehydration Salts (ORS), Sachet",2021-09-01,10,200,102,108,0.098039216,2.941176471,176.0,-74.0,123.66666666666669,0.0,100.0,186.0,10.0,0.0,0
10166,43,"Zinc Sulphate 20mg, Dispersible, Tab",2021-09-01,3467,0,100,3367,34.67,1040.1,50.0,50.0,86.66666666666667,0.0,333.3333333333333,3517.0,3467.0,0.0,0
10166,46,"Paracetamol (Acetaminophen) 250mg, Dispersible, Tab",2021-09-01,884,0,170,714,5.2,156.0,530.0,-360.0,521.6666666666666,0.0,333.3333333333333,1414.0,884.0,0.0,0
10166,50,"Paracetamol (Acetaminophen) 500mg, Tab",2021-09-01,0,500,1922,0,0.0,0.0,2272.0,-350.0,2057.0,0.0,333.3333333333333,0.0,0.0,1.0,1
10166,32,"Ampicillin 500mg, Pdr for IM/IV, Inj, Vial",2021-10-01,0,0,51,0,0.0,0.0,67.0,-16.0,64.33333333333333,50.0,16.666666666666668,0.0,0.0,1.0,1
10166,34,"Folic Acid 5mg, Tab",2021-10-01,0,0,216,0,0.0,0.0,152.0,64.0,356.6666666666667,0.0,333.3333333333333,82.0,0.0,1.0,0
10166,38,"Albendazole 400mg, Tab",2021-10-01,1945,0,71,1874,27.3943662,821.8309859,22.0,49.0,29.33333333333333,0.0,166.66666666666666,1967.0,1945.0,0.0,0
10166,39,"Oral Rehydration Salts (ORS), Sachet",2021-10-01,108,0,96,12,1.125,33.75,102.0,-6.0,130.66666666666666,200.0,166.66666666666666,10.0,108.0,0.0,0
10166,43,"Zinc Sulphate 20mg, Dispersible, Tab",2021-10-01,3367,0,50,3317,67.34,2020.2,100.0,-50.0,80.0,0.0,333.3333333333333,3467.0,3367.0,0.0,0
10166,46,"Paracetamol (Acetaminophen) 250mg, Dispersible, Tab",2021-10-01,714,0,134,580,5.328358209,159.8507463,170.0,-36.0,454.3333333333333,0.0,333.3333333333333,884.0,714.0,0.0,0
10166,50,"Paracetamol (Acetaminophen) 500mg, Tab",2021-10-01,0,0,1540,0,0.0,0.0,1922.0,-382.0,2195.333333333333,500.0,500.0,0.0,0.0,1.0,0
10166,19,"Ferrous Sulphate 200mg, Tab",2022-01-01,0,0,60,0,0.0,0.0,1214.0,-1154.0,618.0,0.0,0.0,895.0,0.0,1.0,1
10166,32,"Ampicillin 500mg, Pdr for IM/IV, Inj, Vial",2022-01-01,0,0,83,0,0.0,0.0,65.0,18.0,61.0,0.0,16.666666666666668,0.0,0.0,1.0,0
10166,34,"Folic Acid 5mg, Tab",2022-01-01,254,0,334,0,0.760479042,22.81437126,546.0,-212.0,304.6666666666667,1000.0,333.3333333333333,0.0,454.0,0.0,1
10166,35,"Oxytocin 10IU, Inj, Amp",2022-01-01,2082,0,4,2078,520.5,15615.0,2.0,2.0,5.333333333333333,0.0,0.0,2152.0,2150.0,0.0,0
10166,38,"Albendazole 400mg, Tab",2022-01-01,2283,0,25,2258,91.32,2739.6,274.0,-249.0,122.33333333333331,700.0,233.33333333333331,1874.0,2300.0,0.0,0
10166,39,"Oral Rehydration Salts (ORS), Sachet",2022-01-01,115,0,117,0,0.982905983,29.48717949,76.0,41.0,91.33333333333331,300.0,166.66666666666666,12.0,236.0,0.0,1
10166,42,"Methyldopa 250mg, Tab",2022-01-01,216,0,200,16,1.08,32.4,0.0,200.0,55.333333333333336,300.0,100.0,0.0,300.0,0.0,0
10166,43,"Zinc Sulphate 20mg, Dispersible, Tab",2022-01-01,4117,0,300,3817,13.72333333,411.7,90.0,210.0,80.0,500.0,166.66666666666666,3317.0,3727.0,0.0,0
10166,46,"Paracetamol (Acetaminophen) 250mg, Dispersible, Tab",2022-01-01,1213,0,114,1099,10.64035088,319.2105263,123.0,-9.0,142.33333333333334,1000.0,333.3333333333333,580.0,1457.0,0.0,0
10166,47,"Chlorhexidine Gluconate 7.1%, Gel",2022-01-01,14,0,3,11,4.666666667,140.0,1.0,2.0,3.333333333333333,20.0,6.666666666666667,0.0,19.0,0.0,0
10166,50,"Paracetamol (Acetaminophen) 500mg, Tab",2022-01-01,0,0,2184,0,0.0,0.0,264.0,1920.0,1242.0,1000.0,500.0,0.0,736.0,0.0,1
10166,32,"Ampicillin 500mg, Pdr for IM/IV, Inj, Vial",2022-02-01,0,100,81,19,0.0,0.0,83.0,-2.0,66.33333333333333,0.0,0.0,0.0,0.0,1.0,0
10166,35,"Oxytocin 10IU, Inj, Amp",2022-02-01,2078,0,10,2068,207.8,6234.0,4.0,6.0,3.6666666666666665,0.0,0.0,2082.0,2078.0,0.0,0
10166,38,"Albendazole 400mg, Tab",2022-02-01,2258,0,27,2231,83.62962963,2508.888889,25.0,2.0,123.33333333333331,0.0,233.33333333333331,2283.0,2258.0,0.0,0
10166,39,"Oral Rehydration Salts (ORS), Sachet",2022-02-01,0,100,143,0,0.0,0.0,117.0,26.0,96.33333333333331,0.0,100.0,115.0,0.0,1.0,0
10166,42,"Methyldopa 250mg, Tab",2022-02-01,16,100,94,22,0.170212766,5.106382979,200.0,-106.0,90.66666666666669,0.0,100.0,216.0,16.0,0.0,0
10166,43,"Zinc Sulphate 20mg, Dispersible, Tab",2022-02-01,3817,0,200,3617,19.085,572.55,300.0,-100.0,146.66666666666666,0.0,166.66666666666666,4117.0,3817.0,0.0,0
10166,46,"Paracetamol (Acetaminophen) 250mg, Dispersible, Tab",2022-02-01,1099,1000,265,1834,4.147169811,124.4150943,114.0,151.0,123.66666666666669,0.0,333.3333333333333,1213.0,1099.0,0.0,0
10166,47,"Chlorhexidine Gluconate 7.1%, Gel",2022-02-01,11,0,9,2,1.222222222,36.66666667,3.0,6.0,3.0,0.0,6.666666666666667,14.0,11.0,0.0,0
10166,50,"Paracetamol (Acetaminophen) 500mg, Tab",2022-02-01,0,600,1933,0,0.0,0.0,2184.0,-251.0,1329.3333333333333,0.0,333.3333333333333,0.0,0.0,1.0,0
10166,32,"Ampicillin 500mg, Pdr for IM/IV, Inj, Vial",2022-05-01,0,0,76,0,0.0,0.0,49.0,27.0,71.0,50.0,50.0,19.0,20.0,0.0,1
10166,34,"Folic Acid 5mg, Tab",2022-05-01,998,0,436,562,2.288990826,68.66972477,230.0,206.0,370.0,0.0,333.3333333333333,0.0,0.0,1.0,0
10166,35,"Oxytocin 10IU, Inj, Amp",2022-05-01,2110,0,10,1950,211.0,6330.0,5.0,5.0,6.333333333333333,50.0,16.666666666666668,2068.0,2113.0,0.0,0
10166,38,"Albendazole 400mg, Tab",2022-05-01,2269,0,62,2207,36.59677419,1097.903226,35.0,27.0,29.0,100.0,33.333333333333336,2231.0,2296.0,0.0,0
10166,39,"Oral Rehydration Salts (ORS), Sachet",2022-05-01,63,0,136,0,0.463235294,13.89705882,113.0,23.0,124.33333333333331,300.0,133.33333333333334,0.0,207.0,0.0,1
10166,42,"Methyldopa 250mg, Tab",2022-05-01,142,0,100,42,1.42,42.6,100.0,0.0,131.33333333333334,300.0,133.33333333333334,22.0,222.0,0.0,0
10166,43,"Zinc Sulphate 20mg, Dispersible, Tab",2022-05-01,690,0,180,510,3.833333333,115.0,160.0,20.0,220.0,700.0,233.33333333333331,3617.0,880.0,0.0,0
10166,46,"Paracetamol (Acetaminophen) 250mg, Dispersible, Tab",2022-05-01,3288,0,375,2913,8.768,263.04,108.0,267.0,162.33333333333334,2000.0,1000.0,1834.0,3726.0,0.0,0
10166,50,"Paracetamol (Acetaminophen) 500mg, Tab",2022-05-01,0,0,1996,0,0.0,0.0,1945.0,51.0,2020.6666666666667,1000.0,533.3333333333334,0.0,555.0,0.0,1
10166,32,"Ampicillin 500mg, Pdr for IM/IV, Inj, Vial",2022-06-01,0,0,43,0,0.0,0.0,76.0,-33.0,68.66666666666667,0.0,50.0,0.0,0.0,1.0,1
10166,34,"Folic Acid 5mg, Tab",2022-06-01,562,0,318,244,1.767295597,53.01886792,436.0,-118.0,333.3333333333333,0.0,0.0,998.0,562.0,0.0,1
10166,35,"Oxytocin 10IU, Inj, Amp",2022-06-01,1950,0,6,1944,325.0,9750.0,10.0,-4.0,8.333333333333334,0.0,16.666666666666668,2110.0,1950.0,0.0,0
10166,38,"Albendazole 400mg, Tab",2022-06-01,2207,0,293,1914,7.532423208,225.9726962,62.0,231.0,41.333333333333336,0.0,33.333333333333336,2269.0,2207.0,0.0,0
10166,39,"Oral Rehydration Salts (ORS), Sachet",2022-06-01,0,0,76,0,0.0,0.0,136.0,-60.0,130.66666666666666,0.0,133.33333333333334,63.0,0.0,1.0,1
10166,42,"Methyldopa 250mg, Tab",2022-06-01,42,0,0,42,,,100.0,-100.0,98.0,0.0,133.33333333333334,142.0,42.0,0.0,1
10166,43,"Zinc Sulphate 20mg, Dispersible, Tab",2022-06-01,510,0,70,440,7.285714286,218.5714286,180.0,-110.0,180.0,0.0,233.33333333333331,690.0,510.0,0.0,0
10166,46,"Paracetamol (Acetaminophen) 250mg, Dispersible, Tab",2022-06-01,2913,0,207,2706,14.07246377,422.173913,375.0,-168.0,249.33333333333331,0.0,1000.0,3288.0,2913.0,0.0,0
10166,50,"Paracetamol (Acetaminophen) 500mg, Tab",2022-06-01,0,0,1494,0,0.0,0.0,1996.0,-502.0,1958.0,0.0,533.3333333333334,0.0,0.0,1.0,1
10166,32,"Ampicillin 500mg, Pdr for IM/IV, Inj, Vial",2022-07-01,0,0,99,0,0.0,0.0,43.0,56.0,56.0,0.0,16.666666666666668,0.0,0.0,1.0,1
10166,34,"Folic Acid 5mg, Tab",2022-07-01,244,0,546,0,0.446886447,13.40659341,318.0,228.0,328.0,0.0,0.0,562.0,244.0,0.0,0
10166,35,"Oxytocin 10IU, Inj, Amp",2022-07-01,1944,0,6,1938,324.0,9720.0,6.0,0.0,7.0,0.0,16.666666666666668,1950.0,1944.0,0.0,0
10166,38,"Albendazole 400mg, Tab",2022-07-01,1914,0,84,1830,22.78571429,683.5714286,293.0,-209.0,130.0,0.0,33.333333333333336,2207.0,1914.0,0.0,0
10166,39,"Oral Rehydration Salts (ORS), Sachet",2022-07-01,0,0,132,0,0.0,0.0,76.0,56.0,108.33333333333331,0.0,100.0,0.0,0.0,1.0,0
10166,42,"Methyldopa 250mg, Tab",2022-07-01,42,0,42,0,1.0,30.0,0.0,42.0,66.66666666666667,0.0,100.0,42.0,42.0,0.0,0
10166,43,"Zinc Sulphate 20mg, Dispersible, Tab",2022-07-01,440,0,90,350,4.888888889,146.6666667,70.0,20.0,136.66666666666666,0.0,233.33333333333331,510.0,440.0,0.0,0
10166,46,"Paracetamol (Acetaminophen) 250mg, Dispersible, Tab",2022-07-01,2706,0,406,2300,6.665024631,199.9507389,207.0,199.0,230.0,0.0,666.6666666666666,2913.0,2706.0,0.0,0
10166,50,"Paracetamol (Acetaminophen) 500mg, Tab",2022-07-01,0,0,2388,0,0.0,0.0,1494.0,894.0,1811.6666666666667,0.0,333.3333333333333,0.0,0.0,1.0,1
10166,32,"Ampicillin 500mg, Pdr for IM/IV, Inj, Vial",2022-08-01,0,0,32,0,0.0,0.0,99.0,-67.0,72.66666666666667,0.0,0.0,0.0,0.0,1.0,1
10166,34,"Folic Acid 5mg, Tab",2022-08-01,0,2000,306,1694,0.0,0.0,546.0,-240.0,433.3333333333333,0.0,0.0,244.0,0.0,1.0,0
10166,35,"Oxytocin 10IU, Inj, Amp",2022-08-01,1938,40,4,106,484.5,14535.0,6.0,-2.0,7.333333333333333,0.0,0.0,1944.0,1938.0,0.0,0
10166,38,"Albendazole 400mg, Tab",2022-08-01,1830,300,78,2052,23.46153846,703.8461538,84.0,-6.0,146.33333333333334,0.0,0.0,1914.0,1830.0,0.0,0
10166,39,"Oral Rehydration Salts (ORS), Sachet",2022-08-01,0,200,42,158,0.0,0.0,132.0,-90.0,114.66666666666669,0.0,0.0,0.0,0.0,1.0,0
10166,42,"Methyldopa 250mg, Tab",2022-08-01,0,200,42,158,0.0,0.0,42.0,0.0,47.333333333333336,0.0,0.0,42.0,0.0,1.0,0
10166,43,"Zinc Sulphate 20mg, Dispersible, Tab",2022-08-01,350,100,70,230,5.0,150.0,90.0,-20.0,113.33333333333331,0.0,0.0,440.0,350.0,0.0,0
10166,46,"Paracetamol (Acetaminophen) 250mg, Dispersible, Tab",2022-08-01,2300,1000,475,2825,4.842105263,145.2631579,406.0,69.0,329.3333333333333,0.0,0.0,2706.0,2300.0,0.0,0
10166,50,"Paracetamol (Acetaminophen) 500mg, Tab",2022-08-01,0,0,1304,0,0.0,0.0,2388.0,-1084.0,1959.3333333333333,0.0,0.0,0.0,0.0,1.0,1
10166,32,"Ampicillin 500mg, Pdr for IM/IV, Inj, Vial",2022-09-01,0,0,81,0,0.0,0.0,32.0,49.0,58.0,0.0,0.0,0.0,0.0,1.0,1
10166,34,"Folic Acid 5mg, Tab",2022-09-01,1694,0,368,1326,4.60326087,138.0978261,306.0,62.0,390.0,2000.0,666.6666666666666,0.0,1694.0,0.0,0
10166,35,"Oxytocin 10IU, Inj, Amp",2022-09-01,106,0,2,104,53.0,1590.0,4.0,-2.0,5.333333333333333,40.0,13.333333333333334,1938.0,106.0,0.0,0
10166,39,"Oral Rehydration Salts (ORS), Sachet",2022-09-01,158,0,76,82,2.078947368,62.36842105,42.0,34.0,83.33333333333333,200.0,66.66666666666667,0.0,158.0,0.0,0
10166,42,"Methyldopa 250mg, Tab",2022-09-01,158,0,40,118,3.95,118.5,42.0,-2.0,28.0,200.0,66.66666666666667,0.0,158.0,0.0,0
10166,43,"Zinc Sulphate 20mg, Dispersible, Tab",2022-09-01,230,0,70,160,3.285714286,98.57142857,70.0,0.0,76.66666666666667,100.0,33.333333333333336,350.0,230.0,0.0,1
10166,50,"Paracetamol (Acetaminophen) 500mg, Tab",2022-09-01,0,0,1306,0,0.0,0.0,1304.0,2.0,1728.6666666666667,0.0,0.0,0.0,0.0,1.0,1
10166,32,"Ampicillin 500mg, Pdr for IM/IV, Inj, Vial",2022-10-01,0,0,28,0,0.0,0.0,81.0,-53.0,70.66666666666667,0.0,0.0,0.0,0.0,1.0,1
10166,34,"Folic Acid 5mg, Tab",2022-10-01,1326,0,276,1050,4.804347826,144.1304348,368.0,-92.0,406.6666666666667,0.0,666.6666666666666,1694.0,1326.0,0.0,0
10166,35,"Oxytocin 10IU, Inj, Amp",2022-10-01,104,0,4,100,26.0,780.0,2.0,2.0,4.0,0.0,13.333333333333334,106.0,104.0,0.0,0
10166,39,"Oral Rehydration Salts (ORS), Sachet",2022-10-01,82,0,31,51,2.64516129,79.35483871,76.0,-45.0,83.33333333333333,0.0,66.66666666666667,158.0,82.0,0.0,1
10166,42,"Methyldopa 250mg, Tab",2022-10-01,118,0,0,118,,,40.0,-40.0,41.333333333333336,0.0,66.66666666666667,158.0,118.0,0.0,0
10166,43,"Zinc Sulphate 20mg, Dispersible, Tab",2022-10-01,160,0,0,0,,,70.0,-70.0,76.66666666666667,0.0,33.333333333333336,230.0,160.0,0.0,0
10166,50,"Paracetamol (Acetaminophen) 500mg, Tab",2022-10-01,0,0,1220,0,0.0,0.0,1306.0,-86.0,1666.0,0.0,0.0,0.0,0.0,1.0,1
10166,32,"Ampicillin 500mg, Pdr for IM/IV, Inj, Vial",2022-11-01,0,50,57,0,0.0,0.0,28.0,29.0,47.0,0.0,0.0,0.0,0.0,1.0,1
10166,34,"Folic Acid 5mg, Tab",2022-11-01,1050,2000,526,2524,1.996197719,59.88593156,276.0,250.0,316.6666666666667,0.0,666.6666666666666,1326.0,1050.0,0.0,0
10166,35,"Oxytocin 10IU, Inj, Amp",2022-11-01,100,50,7,143,14.28571429,428.5714286,4.0,3.0,3.333333333333333,0.0,13.333333333333334,104.0,100.0,0.0,0
10166,38,"Albendazole 400mg, Tab",2022-11-01,1937,300,128,2109,15.1328125,453.984375,59.0,69.0,73.66666666666667,0.0,100.0,2052.0,1993.0,0.0,0
10166,39,"Oral Rehydration Salts (ORS), Sachet",2022-11-01,51,0,91,0,0.56043956,16.81318681,31.0,60.0,49.66666666666666,0.0,66.66666666666667,82.0,51.0,0.0,1
10166,42,"Methyldopa 250mg, Tab",2022-11-01,118,0,40,78,2.95,88.5,0.0,40.0,27.33333333333333,0.0,66.66666666666667,118.0,118.0,0.0,1
10166,43,"Zinc Sulphate 20mg, Dispersible, Tab",2022-11-01,0,2000,60,1940,0.0,0.0,0.0,60.0,46.66666666666666,0.0,33.333333333333336,160.0,0.0,1.0,0
10166,46,"Paracetamol (Acetaminophen) 250mg, Dispersible, Tab",2022-11-01,1986,300,726,1560,2.73553719,82.0661157,348.0,378.0,409.6666666666667,0.0,333.3333333333333,2825.0,2477.0,0.0,0
10166,50,"Paracetamol (Acetaminophen) 500mg, Tab",2022-11-01,0,0,1476,0,0.0,0.0,1220.0,256.0,1276.6666666666667,0.0,0.0,0.0,0.0,1.0,1
10166,32,"Ampicillin 500mg, Pdr for IM/IV, Inj, Vial",2022-12-01,0,0,117,0,0.0,0.0,57.0,60.0,55.333333333333336,50.0,16.666666666666668,0.0,0.0,1.0,1
10166,34,"Folic Acid 5mg, Tab",2022-12-01,2524,0,352,2172,7.170454545,215.1136364,526.0,-174.0,390.0,2000.0,666.6666666666666,1050.0,2524.0,0.0,0
10166,35,"Oxytocin 10IU, Inj, Amp",2022-12-01,143,0,7,136,20.42857143,612.8571429,7.0,0.0,4.333333333333333,50.0,16.666666666666668,100.0,143.0,0.0,0
10166,38,"Albendazole 400mg, Tab",2022-12-01,2109,0,90,2019,23.43333333,703.0,128.0,-38.0,88.33333333333333,300.0,200.0,1937.0,2109.0,0.0,0
10166,39,"Oral Rehydration Salts (ORS), Sachet",2022-12-01,0,0,66,0,0.0,0.0,91.0,-25.0,66.0,0.0,0.0,51.0,0.0,1.0,1
10166,42,"Methyldopa 250mg, Tab",2022-12-01,78,0,78,0,1.0,30.0,40.0,38.0,26.666666666666668,0.0,0.0,118.0,78.0,0.0,1
10166,43,"Zinc Sulphate 20mg, Dispersible, Tab",2022-12-01,1940,0,80,1860,24.25,727.5,60.0,20.0,43.333333333333336,2000.0,666.6666666666666,0.0,1940.0,0.0,0
10166,46,"Paracetamol (Acetaminophen) 250mg, Dispersible, Tab",2022-12-01,1560,0,308,1252,5.064935065,151.9480519,726.0,-418.0,516.3333333333334,300.0,433.3333333333333,1986.0,1560.0,0.0,0
10166,50,"Paracetamol (Acetaminophen) 500mg, Tab",2022-12-01,0,0,1978,0,0.0,0.0,1476.0,502.0,1334.0,0.0,0.0,0.0,0.0,1.0,1
10166,32,"Ampicillin 500mg, Pdr for IM/IV, Inj, Vial",2023-01-01,0,0,108,0,0.0,0.0,117.0,-9.0,67.33333333333333,0.0,16.666666666666668,0.0,0.0,1.0,1
10166,34,"Folic Acid 5mg, Tab",2023-01-01,2172,0,280,1892,7.757142857,232.7142857,352.0,-72.0,384.6666666666667,0.0,666.6666666666666,2524.0,2172.0,0.0,0
10166,35,"Oxytocin 10IU, Inj, Amp",2023-01-01,136,0,3,133,45.33333333,1360.0,7.0,-4.0,6.0,0.0,16.666666666666668,143.0,136.0,0.0,0
10166,38,"Albendazole 400mg, Tab",2023-01-01,2019,0,67,1952,30.13432836,904.0298507,90.0,-23.0,92.33333333333331,0.0,100.0,2109.0,2019.0,0.0,0
10166,39,"Oral Rehydration Salts (ORS), Sachet",2023-01-01,0,0,102,0,0.0,0.0,66.0,36.0,62.66666666666666,0.0,0.0,0.0,0.0,1.0,0
10166,42,"Methyldopa 250mg, Tab",2023-01-01,0,0,40,0,0.0,0.0,78.0,-38.0,39.333333333333336,0.0,0.0,78.0,0.0,1.0,0
10166,43,"Zinc Sulphate 20mg, Dispersible, Tab",2023-01-01,1860,0,210,1650,8.857142857,265.7142857,80.0,130.0,46.66666666666666,0.0,666.6666666666666,1940.0,1860.0,0.0,0
10166,46,"Paracetamol (Acetaminophen) 250mg, Dispersible, Tab",2023-01-01,1252,0,372,880,3.365591398,100.9677419,308.0,64.0,460.6666666666667,0.0,100.0,1560.0,1252.0,0.0,0
10166,50,"Paracetamol (Acetaminophen) 500mg, Tab",2023-01-01,0,0,1864,0,0.0,0.0,1978.0,-114.0,1558.0,0.0,0.0,0.0,0.0,1.0,1
10166,32,"Ampicillin 500mg, Pdr for IM/IV, Inj, Vial",2023-02-01,0,50,74,0,0.0,0.0,108.0,-34.0,94.0,0.0,16.666666666666668,0.0,0.0,1.0,1
10166,34,"Folic Acid 5mg, Tab",2023-02-01,1892,2000,446,3446,4.242152466,127.264574,280.0,166.0,386.0,0.0,666.6666666666666,2172.0,1892.0,0.0,0
10166,35,"Oxytocin 10IU, Inj, Amp",2023-02-01,133,40,5,168,26.6,798.0,3.0,2.0,5.666666666666667,0.0,16.666666666666668,136.0,133.0,0.0,1
10166,38,"Albendazole 400mg, Tab",2023-02-01,1952,1000,272,2680,7.176470588,215.2941176,67.0,205.0,95.0,0.0,100.0,2019.0,1952.0,0.0,0
10166,39,"Oral Rehydration Salts (ORS), Sachet",2023-02-01,0,200,97,103,0.0,0.0,102.0,-5.0,86.33333333333333,0.0,0.0,0.0,0.0,1.0,1
10166,42,"Methyldopa 250mg, Tab",2023-02-01,0,200,0,200,,,40.0,-40.0,52.66666666666666,0.0,0.0,0.0,0.0,1.0,0
10166,43,"Zinc Sulphate 20mg, Dispersible, Tab",2023-02-01,1650,1000,180,2470,9.166666667,275.0,210.0,-30.0,116.66666666666669,0.0,666.6666666666666,1860.0,1650.0,0.0,0
10166,46,"Paracetamol (Acetaminophen) 250mg, Dispersible, Tab",2023-02-01,880,1000,100,1780,8.8,264.0,372.0,-272.0,468.6666666666667,0.0,100.0,1252.0,880.0,0.0,0
10166,50,"Paracetamol (Acetaminophen) 500mg, Tab",2023-02-01,0,0,1780,0,0.0,0.0,1864.0,-84.0,1772.6666666666667,0.0,0.0,0.0,0.0,1.0,1
10166,32,"Ampicillin 500mg, Pdr for IM/IV, Inj, Vial",2023-03-01,0,0,75,0,0.0,0.0,74.0,1.0,99.66666666666669,50.0,16.666666666666668,0.0,0.0,1.0,1
10166,34,"Folic Acid 5mg, Tab",2023-03-01,3446,0,636,2810,5.418238994,162.5471698,446.0,190.0,359.3333333333333,2000.0,666.6666666666666,1892.0,3446.0,0.0,0
10166,35,"Oxytocin 10IU, Inj, Amp",2023-03-01,168,0,0,0,,,5.0,-5.0,5.0,40.0,13.333333333333334,133.0,168.0,0.0,1
10166,38,"Albendazole 400mg, Tab",2023-03-01,2680,0,336,2344,7.976190476,239.2857143,272.0,64.0,143.0,1000.0,333.3333333333333,1952.0,2680.0,0.0,0
10166,39,"Oral Rehydration Salts (ORS), Sachet",2023-03-01,103,0,279,0,0.369175627,11.07526882,97.0,182.0,88.33333333333333,200.0,66.66666666666667,0.0,103.0,0.0,1
10166,42,"Methyldopa 250mg, Tab",2023-03-01,200,0,160,40,1.25,37.5,0.0,160.0,39.333333333333336,200.0,66.66666666666667,0.0,200.0,0.0,1
10166,43,"Zinc Sulphate 20mg, Dispersible, Tab",2023-03-01,2470,0,90,2380,27.44444444,823.3333333,180.0,-90.0,156.66666666666666,1000.0,333.3333333333333,1650.0,2470.0,0.0,0
10166,46,"Paracetamol (Acetaminophen) 250mg, Dispersible, Tab",2023-03-01,1780,0,720,1060,2.472222222,74.16666667,100.0,620.0,260.0,1000.0,333.3333333333333,880.0,1780.0,0.0,0
10166,50,"Paracetamol (Acetaminophen) 500mg, Tab",2023-03-01,0,0,1970,0,0.0,0.0,1780.0,190.0,1874.0,0.0,0.0,0.0,0.0,1.0,1
10166,32,"Ampicillin 500mg, Pdr for IM/IV, Inj, Vial",2023-04-01,0,0,20,0,0.0,0.0,75.0,-55.0,85.66666666666667,0.0,16.666666666666668,0.0,0.0,1.0,0
10166,34,"Folic Acid 5mg, Tab",2023-04-01,2810,0,656,2154,4.283536585,128.5060976,636.0,20.0,454.0,0.0,666.6666666666666,3446.0,2810.0,0.0,0
10166,35,"Oxytocin 10IU, Inj, Amp",2023-04-01,0,0,5,0,0.0,0.0,0.0,5.0,2.6666666666666665,0.0,13.333333333333334,168.0,0.0,1.0,0
10166,38,"Albendazole 400mg, Tab",2023-04-01,2344,0,144,2200,16.27777778,488.3333333,336.0,-192.0,225.0,0.0,333.3333333333333,2680.0,2344.0,0.0,0
10166,39,"Oral Rehydration Salts (ORS), Sachet",2023-04-01,0,0,72,0,0.0,0.0,279.0,-207.0,159.33333333333334,0.0,66.66666666666667,103.0,0.0,1.0,0
10166,42,"Methyldopa 250mg, Tab",2023-04-01,40,0,40,0,1.0,30.0,160.0,-120.0,66.66666666666667,0.0,66.66666666666667,200.0,40.0,0.0,0
10166,43,"Zinc Sulphate 20mg, Dispersible, Tab",2023-04-01,2380,0,30,2350,79.33333333,2380.0,90.0,-60.0,160.0,0.0,333.3333333333333,2470.0,2380.0,0.0,0
10166,46,"Paracetamol (Acetaminophen) 250mg, Dispersible, Tab",2023-04-01,1060,0,876,184,1.210045662,36.30136986,720.0,156.0,397.3333333333333,0.0,333.3333333333333,1780.0,1060.0,0.0,0
10166,50,"Paracetamol (Acetaminophen) 500mg, Tab",2023-04-01,0,0,1562,0,0.0,0.0,1970.0,-408.0,1871.3333333333333,0.0,0.0,0.0,0.0,1.0,1
10166,21,"Neomycin & Bacitracin 0.5% & 500IU/g, Ointment, 15g, Tube",2023-05-01,0,10,0,10,,,,,,,,,,,0
10166,32,"Ampicillin 500mg, Pdr for IM/IV, Inj, Vial",2023-05-01,0,100,118,42,0.0,0.0,20.0,98.0,56.333333333333336,0.0,16.666666666666668,0.0,0.0,1.0,1
10166,34,"Folic Acid 5mg, Tab",2023-05-01,2154,1000,785,2369,2.743949045,82.31847134,656.0,129.0,579.3333333333334,0.0,666.6666666666666,2810.0,2154.0,0.0,0
10166,35,"Oxytocin 10IU, Inj, Amp",2023-05-01,0,10,11,5,0.0,0.0,5.0,6.0,3.333333333333333,0.0,13.333333333333334,0.0,0.0,1.0,1
10166,38,"Albendazole 400mg, Tab",2023-05-01,2200,300,260,2240,8.461538462,253.8461538,144.0,116.0,250.66666666666663,0.0,333.3333333333333,2344.0,2200.0,0.0,0
10166,39,"Oral Rehydration Salts (ORS), Sachet",2023-05-01,0,100,154,46,0.0,0.0,72.0,82.0,149.33333333333334,0.0,66.66666666666667,0.0,0.0,1.0,1
10166,42,"Methyldopa 250mg, Tab",2023-05-01,0,200,20,180,0.0,0.0,40.0,-20.0,66.66666666666667,0.0,66.66666666666667,40.0,0.0,1.0,0
10166,43,"Zinc Sulphate 20mg, Dispersible, Tab",2023-05-01,2350,1000,150,3200,15.66666667,470.0,30.0,120.0,100.0,0.0,333.3333333333333,2380.0,2350.0,0.0,0
10166,46,"Paracetamol (Acetaminophen) 250mg, Dispersible, Tab",2023-05-01,184,1500,388,1296,0.474226804,14.22680412,876.0,-488.0,565.3333333333334,0.0,333.3333333333333,1060.0,184.0,0.0,0
10166,47,"Chlorhexidine Gluconate 7.1%, Gel",2023-05-01,0,2,2,0,0.0,0.0,1.0,1.0,5.0,0.0,0.0,1.0,0.0,1.0,1
10166,50,"Paracetamol (Acetaminophen) 500mg, Tab",2023-05-01,0,0,1696,0,0.0,0.0,1562.0,134.0,1770.6666666666667,0.0,0.0,0.0,0.0,1.0,1
10166,21,"Neomycin & Bacitracin 0.5% & 500IU/g, Ointment, 15g, Tube",2023-06-01,10,0,2,8,5.0,150.0,0.0,2.0,0.0,10.0,10.0,0.0,10.0,0.0,0
10166,34,"Folic Acid 5mg, Tab",2023-06-01,2369,0,1644,725,1.440997567,43.22992701,785.0,859.0,692.3333333333334,1000.0,333.3333333333333,2154.0,2369.0,0.0,1
10166,35,"Oxytocin 10IU, Inj, Amp",2023-06-01,5,0,10,0,0.5,15.0,11.0,-1.0,5.333333333333333,10.0,3.333333333333333,0.0,5.0,0.0,1
10166,38,"Albendazole 400mg, Tab",2023-06-01,2240,0,254,1986,8.818897638,264.5669291,260.0,-6.0,246.66666666666663,300.0,100.0,2200.0,2240.0,0.0,0
10166,39,"Oral Rehydration Salts (ORS), Sachet",2023-06-01,46,0,173,0,0.265895954,7.976878613,154.0,19.0,168.33333333333334,100.0,33.333333333333336,0.0,46.0,0.0,1
10166,42,"Methyldopa 250mg, Tab",2023-06-01,180,0,150,30,1.2,36.0,20.0,130.0,73.33333333333333,200.0,66.66666666666667,0.0,180.0,0.0,1
10166,43,"Zinc Sulphate 20mg, Dispersible, Tab",2023-06-01,3200,0,190,3010,16.84210526,505.2631579,150.0,40.0,90.0,1000.0,333.3333333333333,2350.0,3200.0,0.0,0
10166,46,"Paracetamol (Acetaminophen) 250mg, Dispersible, Tab",2023-06-01,1296,0,1044,252,1.24137931,37.24137931,388.0,656.0,661.3333333333334,1500.0,500.0,184.0,1296.0,0.0,1
10166,50,"Paracetamol (Acetaminophen) 500mg, Tab",2023-06-01,0,0,2278,0,0.0,0.0,1696.0,582.0,1742.6666666666667,0.0,0.0,0.0,0.0,1.0,1
10166,21,"Neomycin & Bacitracin 0.5% & 500IU/g, Ointment, 15g, Tube",2023-07-01,8,0,5,3,1.6,48.0,2.0,3.0,1.0,0.0,5.0,10.0,8.0,0.0,0
10166,34,"Folic Acid 5mg, Tab",2023-07-01,725,0,916,0,0.791484716,23.74454148,1644.0,-728.0,1028.3333333333333,0.0,333.3333333333333,2369.0,725.0,0.0,0
10166,35,"Oxytocin 10IU, Inj, Amp",2023-07-01,0,0,8,0,0.0,0.0,10.0,-2.0,8.666666666666666,0.0,3.333333333333333,5.0,0.0,1.0,0
10166,38,"Albendazole 400mg, Tab",2023-07-01,1986,0,291,1695,6.824742268,204.742268,254.0,37.0,219.33333333333331,0.0,100.0,2240.0,1986.0,0.0,0
10166,39,"Oral Rehydration Salts (ORS), Sachet",2023-07-01,0,0,123,0,0.0,0.0,173.0,-50.0,133.0,0.0,33.333333333333336,46.0,0.0,1.0,0
10166,42,"Methyldopa 250mg, Tab",2023-07-01,30,0,30,0,1.0,30.0,150.0,-120.0,70.0,0.0,66.66666666666667,180.0,30.0,0.0,0
10166,43,"Zinc Sulphate 20mg, Dispersible, Tab",2023-07-01,3010,0,80,2930,37.625,1128.75,190.0,-110.0,123.33333333333331,0.0,333.3333333333333,3200.0,3010.0,0.0,0
10166,46,"Paracetamol (Acetaminophen) 250mg, Dispersible, Tab",2023-07-01,252,0,748,0,0.336898396,10.10695187,1044.0,-296.0,769.3333333333334,0.0,500.0,1296.0,252.0,0.0,0
10166,50,"Paracetamol (Acetaminophen) 500mg, Tab",2023-07-01,0,0,3142,0,0.0,0.0,2278.0,864.0,1845.3333333333333,0.0,0.0,0.0,0.0,1.0,0
10166,21,"Neomycin & Bacitracin 0.5% & 500IU/g, Ointment, 15g, Tube",2023-08-01,3,0,0,3,,,5.0,-5.0,2.333333333333333,0.0,3.333333333333333,8.0,3.0,0.0,1
10166,22,"Salbutamol 100mcg/dose, Aerosol, Inhaler",2023-08-01,0,5,0,5,,,,,,,,,,,0
10166,28,"Benzyl Benzoate 25%, Emulsion, 100ml, Bot",2023-08-01,0,4,0,4,,,17.0,-17.0,139.0,0.0,0.0,26.0,9.0,0.0,0
10166,32,"Ampicillin 500mg, Pdr for IM/IV, Inj, Vial",2023-08-01,0,150,47,130,0.0,0.0,84.0,-37.0,74.0,0.0,33.333333333333336,42.0,0.0,1.0,0
10166,34,"Folic Acid 5mg, Tab",2023-08-01,0,1000,250,750,0.0,0.0,916.0,-666.0,1115.0,0.0,333.3333333333333,725.0,0.0,1.0,0
10166,35,"Oxytocin 10IU, Inj, Amp",2023-08-01,0,20,3,17,0.0,0.0,8.0,-5.0,9.666666666666666,0.0,3.333333333333333,0.0,0.0,1.0,0
10166,38,"Albendazole 400mg, Tab",2023-08-01,1695,800,115,2380,14.73913043,442.173913,291.0,-176.0,268.3333333333333,0.0,100.0,1986.0,1695.0,0.0,0
10166,39,"Oral Rehydration Salts (ORS), Sachet",2023-08-01,0,100,54,66,0.0,0.0,123.0,-69.0,150.0,0.0,33.333333333333336,0.0,0.0,1.0,1
10166,42,"Methyldopa 250mg, Tab",2023-08-01,0,100,40,60,0.0,0.0,30.0,10.0,66.66666666666667,0.0,66.66666666666667,30.0,0.0,1.0,1
10166,43,"Zinc Sulphate 20mg, Dispersible, Tab",2023-08-01,2930,1000,30,3900,97.66666667,2930.0,80.0,-50.0,140.0,0.0,333.3333333333333,3010.0,2930.0,0.0,0
10166,46,"Paracetamol (Acetaminophen) 250mg, Dispersible, Tab",2023-08-01,0,1200,83,1117,0.0,0.0,748.0,-665.0,726.6666666666666,0.0,500.0,252.0,0.0,1.0,0
10166,47,"Chlorhexidine Gluconate 7.1%, Gel",2023-08-01,0,15,0,15,,,2.0,-2.0,1.6666666666666667,0.0,0.6666666666666666,2.0,0.0,1.0,0
10166,50,"Paracetamol (Acetaminophen) 500mg, Tab",2023-08-01,0,200,2412,200,0.0,0.0,3142.0,-730.0,2372.0,0.0,0.0,0.0,0.0,1.0,1
10166,52,"Povidone Iodine 10%, Solution, Bot",2023-08-01,0,4,1,3,0.0,0.0,1.0,0.0,0.3333333333333333,1.0,0.3333333333333333,0.0,0.0,1.0,0
10166,32,"Ampicillin 500mg, Pdr for IM/IV, Inj, Vial",2023-09-01,130,0,60,70,2.166666667,65.0,47.0,13.0,83.0,150.0,83.33333333333333,0.0,130.0,0.0,1
10166,34,"Folic Acid 5mg, Tab",2023-09-01,750,0,56,750,13.39285714,401.7857143,250.0,-194.0,936.6666666666666,1000.0,333.3333333333333,0.0,750.0,0.0,1
10166,35,"Oxytocin 10IU, Inj, Amp",2023-09-01,17,0,4,13,4.25,127.5,3.0,1.0,7.0,20.0,6.666666666666667,0.0,17.0,0.0,0
10166,38,"Albendazole 400mg, Tab",2023-09-01,2380,0,32,2348,74.375,2231.25,115.0,-83.0,220.0,800.0,266.6666666666667,1695.0,2380.0,0.0,0
10166,39,"Oral Rehydration Salts (ORS), Sachet",2023-09-01,66,0,246,0,0.268292683,8.048780488,54.0,192.0,116.66666666666669,100.0,33.333333333333336,0.0,66.0,0.0,1
10166,43,"Zinc Sulphate 20mg, Dispersible, Tab",2023-09-01,3900,0,80,3820,48.75,1462.5,30.0,50.0,100.0,1000.0,333.3333333333333,2930.0,3900.0,0.0,0
10166,46,"Paracetamol (Acetaminophen) 250mg, Dispersible, Tab",2023-09-01,1117,0,618,499,1.807443366,54.22330097,83.0,535.0,625.0,1200.0,400.0,0.0,1117.0,0.0,0
10166,47,"Chlorhexidine Gluconate 7.1%, Gel",2023-09-01,15,0,4,11,3.75,112.5,0.0,4.0,1.3333333333333333,15.0,5.666666666666667,0.0,15.0,0.0,0
10166,50,"Paracetamol (Acetaminophen) 500mg, Tab",2023-09-01,200,0,1498,0,0.133511348,4.005340454,2412.0,-914.0,2610.6666666666665,200.0,66.66666666666667,0.0,200.0,0.0,1
10166,52,"Povidone Iodine 10%, Solution, Bot",2023-09-01,3,0,0,3,,,1.0,-1.0,0.6666666666666666,4.0,1.6666666666666667,0.0,3.0,0.0,0
10166,32,"Ampicillin 500mg, Pdr for IM/IV, Inj, Vial",2023-10-01,70,0,89,0,0.786516854,23.59550562,60.0,29.0,63.66666666666666,0.0,50.0,130.0,70.0,0.0,0
10166,34,"Folic Acid 5mg, Tab",2023-10-01,0,0,364,0,0.0,0.0,56.0,308.0,407.3333333333333,0.0,333.3333333333333,750.0,750.0,0.0,0
10166,39,"Oral Rehydration Salts (ORS), Sachet",2023-10-01,0,0,42,0,0.0,0.0,246.0,-204.0,141.0,0.0,33.333333333333336,66.0,0.0,1.0,0
10166,43,"Zinc Sulphate 20mg, Dispersible, Tab",2023-10-01,3820,0,60,3760,63.66666667,1910.0,80.0,-20.0,63.333333333333336,0.0,333.3333333333333,3900.0,3820.0,0.0,0
10166,46,"Paracetamol (Acetaminophen) 250mg, Dispersible, Tab",2023-10-01,499,497,146,850,3.417808219,102.5342466,618.0,-472.0,483.0,0.0,400.0,1117.0,499.0,0.0,0
10166,47,"Chlorhexidine Gluconate 7.1%, Gel",2023-10-01,11,0,2,9,5.5,165.0,4.0,-2.0,2.0,0.0,5.0,15.0,11.0,0.0,0
10166,50,"Paracetamol (Acetaminophen) 500mg, Tab",2023-10-01,0,0,1292,0,0.0,0.0,1498.0,-206.0,2350.6666666666665,0.0,66.66666666666667,200.0,0.0,1.0,1
10166,52,"Povidone Iodine 10%, Solution, Bot",2023-10-01,3,0,6,3,0.5,15.0,0.0,6.0,0.6666666666666666,0.0,1.6666666666666667,3.0,3.0,0.0,0
10001,19,"Ferrous Sulphate 200mg, Tab",2019-10-01,1804,0,1037,767,1.7396335583413691,52.18900675024108,,,,,,,,,0
10001,19,"Ferrous Sulphate 200mg, Tab",2019-11-01,767,5535,818,5484,0.9376528117359412,28.12958435207824,1037.0,-219.0,1037.0,0.0,0.0,1804.0,767.0,0.0,0
10001,19,"Ferrous Sulphate 200mg, Tab",2019-12-01,5484,0,1627,3857,3.370620774431469,101.11862323294406,818.0,809.0,927.5,5535.0,2767.5,767.0,5484.0,0.0,0
10001,19,"Ferrous Sulphate 200mg, Tab",2020-01-01,3857,0,815,3042,4.732515337423313,141.9754601226994,1627.0,-812.0,1160.6666666666667,0.0,1845.0,5484.0,3857.0,0.0,0
10001,19,"Ferrous Sulphate 200mg, Tab",2020-02-01,3042,0,775,2267,3.9251612903225808,117.75483870967744,815.0,-40.0,1086.6666666666667,0.0,1845.0,3857.0,3042.0,0.0,0
10001,19,"Ferrous Sulphate 200mg, Tab",2020-03-01,2267,0,1146,1121,1.9781849912739968,59.3455497382199,775.0,371.0,1072.3333333333333,0.0,0.0,3042.0,2267.0,0.0,0
10001,19,"Ferrous Sulphate 200mg, Tab",2020-04-01,1121,0,888,233,1.2623873873873874,37.87162162162162,1146.0,-258.0,912.0,0.0,0.0,2267.0,1121.0,0.0,0
10001,19,"Ferrous Sulphate 200mg, Tab",2020-05-01,233,3656,991,2898,0.2351160443995963,7.053481331987891,888.0,103.0,936.3333333333334,0.0,0.0,1121.0,233.0,0.0,0
10001,19,"Ferrous Sulphate 200mg, Tab",2020-06-01,2898,0,1335,1563,2.1707865168539326,65.12359550561798,991.0,344.0,1008.3333333333334,3656.0,1218.6666666666667,233.0,2898.0,0.0,1
10001,19,"Ferrous Sulphate 200mg, Tab",2020-07-01,1563,0,1563,0,1.0,30.0,1335.0,228.0,1071.3333333333333,0.0,1218.6666666666667,2898.0,1563.0,0.0,0
10001,19,"Ferrous Sulphate 200mg, Tab",2020-09-01,0,2524,834,1690,0.0,0.0,1563.0,-729.0,1296.3333333333333,0.0,1218.6666666666667,1563.0,0.0,1.0,0
10001,19,"Ferrous Sulphate 200mg, Tab",2020-10-01,1690,0,823,867,2.053462940461725,61.60388821385177,834.0,-11.0,1244.0,2524.0,841.3333333333334,0.0,1690.0,0.0,0
10001,19,"Ferrous Sulphate 200mg, Tab",2020-11-01,867,5151,1432,4586,0.6054469273743017,18.16340782122905,823.0,609.0,1073.3333333333333,0.0,841.3333333333334,1690.0,867.0,0.0,0
10001,19,"Ferrous Sulphate 200mg, Tab",2020-12-01,4586,0,1388,3198,3.304034582132565,99.12103746397696,1432.0,-44.0,1029.6666666666667,5151.0,2558.333333333333,867.0,4586.0,0.0,0
10001,19,"Ferrous Sulphate 200mg, Tab",2021-01-01,3198,0,1261,1937,2.536082474226804,76.08247422680412,1388.0,-127.0,1214.3333333333333,0.0,1717.0,4586.0,3198.0,0.0,0
10001,19,"Ferrous Sulphate 200mg, Tab",2021-02-01,1937,0,1256,681,1.5421974522292994,46.26592356687898,1261.0,-5.0,1360.3333333333333,0.0,1717.0,3198.0,1937.0,0.0,0
10001,19,"Ferrous Sulphate 200mg, Tab",2021-03-01,681,1780,1258,1203,0.541335453100159,16.24006359300477,1256.0,2.0,1301.6666666666667,0.0,0.0,1937.0,681.0,0.0,0
10001,19,"Ferrous Sulphate 200mg, Tab",2021-04-01,1203,4938,1424,4717,0.8448033707865169,25.344101123595507,1258.0,166.0,1258.3333333333333,1780.0,593.3333333333334,681.0,1203.0,0.0,0
10001,19,"Ferrous Sulphate 200mg, Tab",2021-05-01,4717,0,905,3812,5.212154696132597,156.3646408839779,1424.0,-519.0,1312.6666666666667,4938.0,2239.333333333333,1203.0,4717.0,0.0,0
10001,19,"Ferrous Sulphate 200mg, Tab",2021-06-01,3812,0,1777,2035,2.14518851997749,64.3556555993247,905.0,872.0,1195.6666666666667,0.0,2239.333333333333,4717.0,3812.0,0.0,0
10001,19,"Ferrous Sulphate 200mg, Tab",2021-07-01,2035,0,1562,473,1.3028169014084507,39.08450704225352,1777.0,-215.0,1368.6666666666667,0.0,1646.0,3812.0,2035.0,0.0,0
10001,19,"Ferrous Sulphate 200mg, Tab",2021-08-01,473,4011,1030,3454,0.4592233009708737,13.776699029126211,1562.0,-532.0,1414.6666666666667,0.0,0.0,2035.0,473.0,0.0,0
10001,19,"Ferrous Sulphate 200mg, Tab",2021-09-01,3454,0,1490,1964,2.318120805369128,69.54362416107382,1030.0,460.0,1456.3333333333333,4011.0,1337.0,473.0,3454.0,0.0,0
10001,19,"Ferrous Sulphate 200mg, Tab",2021-10-01,1964,0,978,986,2.0081799591002043,60.24539877300613,1490.0,-512.0,1360.6666666666667,0.0,1337.0,3454.0,1964.0,0.0,1
10001,19,"Ferrous Sulphate 200mg, Tab",2021-11-01,986,0,986,0,1.0,30.0,978.0,8.0,1166.0,0.0,1337.0,1964.0,986.0,0.0,0
10001,19,"Ferrous Sulphate 200mg, Tab",2021-12-01,0,2949,791,2158,0.0,0.0,986.0,-195.0,1151.3333333333333,0.0,0.0,986.0,0.0,1.0,0
10001,19,"Ferrous Sulphate 200mg, Tab",2022-01-01,2158,0,992,1166,2.1754032258064515,65.26209677419355,791.0,201.0,918.3333333333334,2949.0,983.0,0.0,2158.0,0.0,0
10001,19,"Ferrous Sulphate 200mg, Tab",2022-02-01,1166,5074,1422,4818,0.819971870604782,24.599156118143465,992.0,430.0,923.0,0.0,983.0,2158.0,1166.0,0.0,0
10001,19,"Ferrous Sulphate 200mg, Tab",2022-03-01,4818,0,1018,3800,4.7328094302554025,141.98428290766208,1422.0,-404.0,1068.3333333333333,5074.0,2674.333333333333,1166.0,4818.0,0.0,0
10001,19,"Ferrous Sulphate 200mg, Tab",2022-04-01,3800,0,678,3122,5.6047197640118,168.141592920354,1018.0,-340.0,1144.0,0.0,1691.3333333333333,4818.0,3800.0,0.0,0
10001,19,"Ferrous Sulphate 200mg, Tab",2022-05-01,3122,0,975,2147,3.202051282051282,96.06153846153846,678.0,297.0,1039.3333333333333,0.0,1691.3333333333333,3800.0,3122.0,0.0,0
10001,19,"Ferrous Sulphate 200mg, Tab",2022-06-01,2147,0,1363,784,1.5752017608217168,47.25605282465151,975.0,388.0,890.3333333333334,0.0,0.0,3122.0,2147.0,0.0,0
10001,19,"Ferrous Sulphate 200mg, Tab",2022-07-01,784,2981,1438,2327,0.545201668984701,16.35605006954103,1363.0,75.0,1005.3333333333334,0.0,0.0,2147.0,784.0,0.0,0
10001,19,"Ferrous Sulphate 200mg, Tab",2022-08-01,2327,0,477,1850,4.878406708595388,146.35220125786162,1438.0,-961.0,1258.6666666666667,2981.0,993.6666666666666,784.0,2327.0,0.0,0
10001,19,"Ferrous Sulphate 200mg, Tab",2022-09-01,1850,0,626,1224,2.955271565495208,88.65814696485623,477.0,149.0,1092.6666666666667,0.0,993.6666666666666,2327.0,1850.0,0.0,0
10001,19,"Ferrous Sulphate 200mg, Tab",2022-11-01,1224,5708,797,6135,1.535759096612296,46.07277289836888,626.0,171.0,847.0,0.0,993.6666666666666,1850.0,1224.0,0.0,0
10001,19,"Ferrous Sulphate 200mg, Tab",2022-12-01,6135,0,1468,4667,4.179155313351498,125.37465940054494,797.0,671.0,633.3333333333334,5708.0,1902.6666666666667,1224.0,6135.0,0.0,0
10001,19,"Ferrous Sulphate 200mg, Tab",2023-01-01,4667,0,1083,3584,4.30932594644506,129.27977839335182,1468.0,-385.0,963.6666666666666,0.0,1902.6666666666667,6135.0,4667.0,0.0,0
10001,19,"Ferrous Sulphate 200mg, Tab",2023-02-01,3584,0,1028,2556,3.4863813229571985,104.59143968871597,1083.0,-55.0,1116.0,0.0,1902.6666666666667,4667.0,3584.0,0.0,0
10001,19,"Ferrous Sulphate 200mg, Tab",2023-03-01,2556,0,461,2095,5.544468546637744,166.33405639913232,1028.0,-567.0,1193.0,0.0,0.0,3584.0,2556.0,0.0,0
10001,19,"Ferrous Sulphate 200mg, Tab",2023-04-01,2095,0,1263,832,1.6587490102929532,49.76247030878859,461.0,802.0,857.3333333333334,0.0,0.0,2556.0,2095.0,0.0,0
10001,19,"Ferrous Sulphate 200mg, Tab",2023-05-01,832,0,576,256,1.4444444444444444,43.333333333333336,1263.0,-687.0,917.3333333333334,0.0,0.0,2095.0,832.0,0.0,0
10001,19,"Ferrous Sulphate 200mg, Tab",2023-06-01,256,4135,1261,3130,0.2030134813639968,6.0904044409199045,576.0,685.0,766.6666666666666,0.0,0.0,832.0,256.0,0.0,0
10001,19,"Ferrous Sulphate 200mg, Tab",2023-07-01,3130,0,748,2382,4.184491978609626,125.53475935828877,1261.0,-513.0,1033.3333333333333,4135.0,1378.3333333333333,256.0,3130.0,0.0,0
10001,19,"Ferrous Sulphate 200mg, Tab",2023-08-01,2382,0,1256,1126,1.896496815286624,56.89490445859872,748.0,508.0,861.6666666666666,0.0,1378.3333333333333,3130.0,2382.0,0.0,0
10001,19,"Ferrous Sulphate 200mg, Tab",2023-09-01,1126,2172,1507,1791,0.7471798274717982,22.415394824153942,1256.0,251.0,1088.3333333333333,0.0,1378.3333333333333,2382.0,1126.0,0.0,0
10001,19,"Ferrous Sulphate 200mg, Tab",2023-10-01,1791,0,905,886,1.9790055248618783,59.37016574585636,1507.0,-602.0,1170.3333333333333,2172.0,724.0,1126.0,1791.0,0.0,0
10001,20,"Water for Injection 10ml, Inj, Amp",2019-10-01,80,0,53,27,1.509433962264151,45.28301886792453,,,,,,,,,0
10001,20,"Water for Injection 10ml, Inj, Amp",2019-12-01,27,186,65,148,0.4153846153846154,12.461538461538462,53.0,12.0,53.0,0.0,0.0,80.0,27.0,0.0,0
10001,20,"Water for Injection 10ml, Inj, Amp",2020-01-01,148,0,68,80,2.176470588235294,65.29411764705881,65.0,3.0,59.0,186.0,93.0,27.0,148.0,0.0,0
10001,20,"Water for Injection 10ml, Inj, Amp",2020-02-01,80,0,8,72,10.0,300.0,68.0,-60.0,62.0,0.0,62.0,148.0,80.0,0.0,0
10001,20,"Water for Injection 10ml, Inj, Amp",2020-03-01,72,0,39,33,1.8461538461538465,55.38461538461539,8.0,31.0,47.0,0.0,62.0,80.0,72.0,0.0,0
10001,20,"Water for Injection 10ml, Inj, Amp",2020-04-01,33,256,44,245,0.75,22.5,39.0,5.0,38.333333333333336,0.0,0.0,72.0,33.0,0.0,0
10001,20,"Water for Injection 10ml, Inj, Amp",2020-06-01,245,0,34,211,7.205882352941177,216.1764705882353,44.0,-10.0,30.33333333333333,256.0,85.33333333333333,33.0,245.0,0.0,0
10001,20,"Water for Injection 10ml, Inj, Amp",2020-07-01,211,0,46,165,4.586956521739131,137.60869565217394,34.0,12.0,39.0,0.0,85.33333333333333,245.0,211.0,0.0,0
10001,20,"Water for Injection 10ml, Inj, Amp",2020-08-01,165,0,64,101,2.578125,77.34375,46.0,18.0,41.333333333333336,0.0,85.33333333333333,211.0,165.0,0.0,0
10001,20,"Water for Injection 10ml, Inj, Amp",2020-11-01,101,0,46,55,2.1956521739130435,65.8695652173913,64.0,-18.0,48.0,0.0,0.0,165.0,101.0,0.0,0
10001,20,"Water for Injection 10ml, Inj, Amp",2020-12-01,55,163,35,183,1.5714285714285714,47.14285714285714,46.0,-11.0,52.0,0.0,0.0,101.0,55.0,0.0,0
10001,20,"Water for Injection 10ml, Inj, Amp",2021-03-01,183,0,80,103,2.2875,68.625,35.0,45.0,48.333333333333336,163.0,54.333333333333336,55.0,183.0,0.0,0
10001,20,"Water for Injection 10ml, Inj, Amp",2021-04-01,103,0,54,49,1.9074074074074077,57.22222222222222,80.0,-26.0,53.66666666666666,0.0,54.333333333333336,183.0,103.0,0.0,0
10001,20,"Water for Injection 10ml, Inj, Amp",2021-05-01,49,96,43,102,1.1395348837209305,34.18604651162791,54.0,-11.0,56.333333333333336,0.0,54.333333333333336,103.0,49.0,0.0,0
10001,20,"Water for Injection 10ml, Inj, Amp",2021-06-01,102,0,28,74,3.642857142857143,109.28571428571428,43.0,-15.0,59.0,96.0,32.0,49.0,102.0,0.0,1
10001,20,"Water for Injection 10ml, Inj, Amp",2021-11-01,74,0,74,0,1.0,30.0,28.0,46.0,41.66666666666666,0.0,32.0,102.0,74.0,0.0,0
10001,20,"Water for Injection 10ml, Inj, Amp",2022-01-01,0,240,84,156,0.0,0.0,74.0,10.0,48.333333333333336,0.0,32.0,74.0,0.0,1.0,0
10001,20,"Water for Injection 10ml, Inj, Amp",2022-02-01,156,0,29,127,5.379310344827586,161.3793103448276,84.0,-55.0,62.0,240.0,80.0,0.0,156.0,0.0,0
10001,20,"Water for Injection 10ml, Inj, Amp",2022-03-01,127,0,96,31,1.3229166666666667,39.6875,29.0,67.0,62.333333333333336,0.0,80.0,156.0,127.0,0.0,0
10001,20,"Water for Injection 10ml, Inj, Amp",2022-05-01,31,266,49,248,0.6326530612244898,18.97959183673469,96.0,-47.0,69.66666666666667,0.0,80.0,127.0,31.0,0.0,0
10001,20,"Water for Injection 10ml, Inj, Amp",2022-06-01,248,0,37,211,6.702702702702703,201.08108108108107,49.0,-12.0,58.0,266.0,88.66666666666667,31.0,248.0,0.0,0
10001,20,"Water for Injection 10ml, Inj, Amp",2022-09-01,211,0,54,157,3.907407407407408,117.22222222222224,37.0,17.0,60.66666666666666,0.0,88.66666666666667,248.0,211.0,0.0,0
10001,20,"Water for Injection 10ml, Inj, Amp",2022-10-01,157,0,91,66,1.7252747252747254,51.75824175824176,54.0,37.0,46.66666666666666,0.0,88.66666666666667,211.0,157.0,0.0,0
10001,20,"Water for Injection 10ml, Inj, Amp",2022-11-01,66,190,73,183,0.9041095890410958,27.12328767123288,91.0,-18.0,60.66666666666666,0.0,0.0,157.0,66.0,0.0,0
10001,20,"Water for Injection 10ml, Inj, Amp",2023-01-01,183,0,37,146,4.945945945945946,148.37837837837836,73.0,-36.0,72.66666666666667,190.0,63.333333333333336,66.0,183.0,0.0,0
10001,20,"Water for Injection 10ml, Inj, Amp",2023-05-01,146,0,47,99,3.106382978723404,93.19148936170212,37.0,10.0,67.0,0.0,63.333333333333336,183.0,146.0,0.0,0
10001,20,"Water for Injection 10ml, Inj, Amp",2023-06-01,99,0,81,18,1.2222222222222223,36.66666666666667,47.0,34.0,52.333333333333336,0.0,63.333333333333336,146.0,99.0,0.0,0
10001,20,"Water for Injection 10ml, Inj, Amp",2023-07-01,18,276,89,205,0.2022471910112359,6.067415730337078,81.0,8.0,55.0,0.0,0.0,99.0,18.0,0.0,0
10001,20,"Water for Injection 10ml, Inj, Amp",2023-08-01,205,0,64,141,3.203125,96.09375,89.0,-25.0,72.33333333333333,276.0,92.0,18.0,205.0,0.0,0
10001,20,"Water for Injection 10ml, Inj, Amp",2023-09-01,141,0,33,108,4.2727272727272725,128.1818181818182,64.0,-31.0,78.0,0.0,92.0,205.0,141.0,0.0,0
10001,20,"Water for Injection 10ml, Inj, Amp",2023-10-01,108,0,63,45,1.7142857142857142,51.42857142857142,33.0,30.0,62.0,0.0,92.0,141.0,108.0,0.0,0
10001,21,"Neomycin & Bacitracin 0.5% & 500IU/g, Ointment, 15g, Tube",2019-10-01,5,0,2,3,2.5,75.0,,,,,,,,,1
10001,21,"Neomycin & Bacitracin 0.5% & 500IU/g, Ointment, 15g, Tube",2019-11-01,3,0,3,0,1.0,30.0,2.0,1.0,2.0,0.0,0.0,5.0,3.0,0.0,0
10001,21,"Neomycin & Bacitracin 0.5% & 500IU/g, Ointment, 15g, Tube",2019-12-01,0,14,0,14,,,3.0,-3.0,2.5,0.0,0.0,3.0,0.0,1.0,0
10001,21,"Neomycin & Bacitracin 0.5% & 500IU/g, Ointment, 15g, Tube",2020-01-01,14,0,8,6,1.75,52.5,0.0,8.0,1.6666666666666667,14.0,4.666666666666667,0.0,14.0,0.0,0
10001,21,"Neomycin & Bacitracin 0.5% & 500IU/g, Ointment, 15g, Tube",2020-02-01,6,0,2,4,3.0,90.0,8.0,-6.0,3.6666666666666665,0.0,4.666666666666667,14.0,6.0,0.0,0
10001,21,"Neomycin & Bacitracin 0.5% & 500IU/g, Ointment, 15g, Tube",2020-03-01,4,9,0,13,,,2.0,-2.0,3.333333333333333,0.0,4.666666666666667,6.0,4.0,0.0,0
10001,21,"Neomycin & Bacitracin 0.5% & 500IU/g, Ointment, 15g, Tube",2020-04-01,13,0,1,12,13.0,390.0,0.0,1.0,3.333333333333333,9.0,3.0,4.0,13.0,0.0,0
10001,21,"Neomycin & Bacitracin 0.5% & 500IU/g, Ointment, 15g, Tube",2020-05-01,12,0,9,3,1.3333333333333333,40.0,1.0,8.0,1.0,0.0,3.0,13.0,12.0,0.0,0
10001,21,"Neomycin & Bacitracin 0.5% & 500IU/g, Ointment, 15g, Tube",2020-06-01,3,17,3,17,1.0,30.0,9.0,-6.0,3.333333333333333,0.0,3.0,12.0,3.0,0.0,0
10001,21,"Neomycin & Bacitracin 0.5% & 500IU/g, Ointment, 15g, Tube",2020-07-01,17,0,3,14,5.666666666666667,170.0,3.0,0.0,4.333333333333333,17.0,5.666666666666667,3.0,17.0,0.0,0
10001,21,"Neomycin & Bacitracin 0.5% & 500IU/g, Ointment, 15g, Tube",2020-09-01,14,0,3,11,4.666666666666667,140.0,3.0,0.0,5.0,0.0,5.666666666666667,17.0,14.0,0.0,0
10001,21,"Neomycin & Bacitracin 0.5% & 500IU/g, Ointment, 15g, Tube",2020-10-01,11,0,1,10,11.0,330.0,3.0,-2.0,3.0,0.0,5.666666666666667,14.0,11.0,0.0,0
10001,21,"Neomycin & Bacitracin 0.5% & 500IU/g, Ointment, 15g, Tube",2020-11-01,10,0,3,7,3.333333333333333,100.0,1.0,2.0,2.333333333333333,0.0,0.0,11.0,10.0,0.0,0
10001,21,"Neomycin & Bacitracin 0.5% & 500IU/g, Ointment, 15g, Tube",2020-12-01,7,0,2,5,3.5,105.0,3.0,-1.0,2.333333333333333,0.0,0.0,10.0,7.0,0.0,1
10001,21,"Neomycin & Bacitracin 0.5% & 500IU/g, Ointment, 15g, Tube",2021-01-01,5,0,5,0,1.0,30.0,2.0,3.0,2.0,0.0,0.0,7.0,5.0,0.0,0
10001,21,"Neomycin & Bacitracin 0.5% & 500IU/g, Ointment, 15g, Tube",2021-02-01,0,17,4,13,0.0,0.0,5.0,-1.0,3.333333333333333,0.0,0.0,5.0,0.0,1.0,0
10001,21,"Neomycin & Bacitracin 0.5% & 500IU/g, Ointment, 15g, Tube",2021-03-01,13,0,4,9,3.25,97.5,4.0,0.0,3.6666666666666665,17.0,5.666666666666667,0.0,13.0,0.0,1
10001,21,"Neomycin & Bacitracin 0.5% & 500IU/g, Ointment, 15g, Tube",2021-04-01,9,0,9,0,1.0,30.0,4.0,5.0,4.333333333333333,0.0,5.666666666666667,13.0,9.0,0.0,1
10001,21,"Neomycin & Bacitracin 0.5% & 500IU/g, Ointment, 15g, Tube",2021-05-01,0,6,6,0,0.0,0.0,9.0,-3.0,5.666666666666667,0.0,5.666666666666667,9.0,0.0,1.0,0
10001,21,"Neomycin & Bacitracin 0.5% & 500IU/g, Ointment, 15g, Tube",2021-06-01,0,17,4,13,0.0,0.0,6.0,-2.0,6.333333333333333,6.0,2.0,0.0,0.0,1.0,0
10001,21,"Neomycin & Bacitracin 0.5% & 500IU/g, Ointment, 15g, Tube",2021-07-01,13,0,4,9,3.25,97.5,4.0,0.0,6.333333333333333,17.0,7.666666666666667,0.0,13.0,0.0,0
10001,21,"Neomycin & Bacitracin 0.5% & 500IU/g, Ointment, 15g, Tube",2021-08-01,9,0,5,4,1.8,54.0,4.0,1.0,4.666666666666667,0.0,7.666666666666667,13.0,9.0,0.0,0
10001,21,"Neomycin & Bacitracin 0.5% & 500IU/g, Ointment, 15g, Tube",2021-11-01,4,16,4,16,1.0,30.0,5.0,-1.0,4.333333333333333,0.0,5.666666666666667,9.0,4.0,0.0,0
10001,21,"Neomycin & Bacitracin 0.5% & 500IU/g, Ointment, 15g, Tube",2021-12-01,16,0,3,13,5.333333333333333,160.0,4.0,-1.0,4.333333333333333,16.0,5.333333333333333,4.0,16.0,0.0,0
10001,21,"Neomycin & Bacitracin 0.5% & 500IU/g, Ointment, 15g, Tube",2022-01-01,13,0,6,7,2.1666666666666665,65.0,3.0,3.0,4.0,0.0,5.333333333333333,16.0,13.0,0.0,0
10001,21,"Neomycin & Bacitracin 0.5% & 500IU/g, Ointment, 15g, Tube",2022-02-01,7,0,3,4,2.333333333333333,70.0,6.0,-3.0,4.333333333333333,0.0,5.333333333333333,13.0,7.0,0.0,0
10001,21,"Neomycin & Bacitracin 0.5% & 500IU/g, Ointment, 15g, Tube",2022-03-01,4,12,4,12,1.0,30.0,3.0,1.0,4.0,0.0,0.0,7.0,4.0,0.0,0
10001,21,"Neomycin & Bacitracin 0.5% & 500IU/g, Ointment, 15g, Tube",2022-04-01,12,0,7,5,1.7142857142857142,51.42857142857142,4.0,3.0,4.333333333333333,12.0,4.0,4.0,12.0,0.0,1
10001,21,"Neomycin & Bacitracin 0.5% & 500IU/g, Ointment, 15g, Tube",2022-05-01,5,0,5,0,1.0,30.0,7.0,-2.0,4.666666666666667,0.0,4.0,12.0,5.0,0.0,0
10001,21,"Neomycin & Bacitracin 0.5% & 500IU/g, Ointment, 15g, Tube",2022-06-01,0,9,3,6,0.0,0.0,5.0,-2.0,5.333333333333333,0.0,4.0,5.0,0.0,1.0,1
10001,21,"Neomycin & Bacitracin 0.5% & 500IU/g, Ointment, 15g, Tube",2022-09-01,6,0,6,0,1.0,30.0,3.0,3.0,5.0,9.0,3.0,0.0,6.0,0.0,0
10001,21,"Neomycin & Bacitracin 0.5% & 500IU/g, Ointment, 15g, Tube",2022-10-01,0,16,7,9,0.0,0.0,6.0,1.0,4.666666666666667,0.0,3.0,6.0,0.0,1.0,0
10001,21,"Neomycin & Bacitracin 0.5% & 500IU/g, Ointment, 15g, Tube",2022-11-01,9,0,4,5,2.25,67.5,7.0,-3.0,5.333333333333333,16.0,8.333333333333334,0.0,9.0,0.0,1
10001,21,"Neomycin & Bacitracin 0.5% & 500IU/g, Ointment, 15g, Tube",2022-12-01,5,0,5,0,1.0,30.0,4.0,1.0,5.666666666666667,0.0,5.333333333333333,9.0,5.0,0.0,1
10001,21,"Neomycin & Bacitracin 0.5% & 500IU/g, Ointment, 15g, Tube",2023-01-01,0,0,0,0,,,5.0,-5.0,5.333333333333333,0.0,5.333333333333333,5.0,0.0,1.0,0
10001,21,"Neomycin & Bacitracin 0.5% & 500IU/g, Ointment, 15g, Tube",2023-02-01,0,15,6,9,0.0,0.0,0.0,6.0,3.0,0.0,0.0,0.0,0.0,1.0,0
10001,21,"Neomycin & Bacitracin 0.5% & 500IU/g, Ointment, 15g, Tube",2023-03-01,9,0,0,9,,,6.0,-6.0,3.6666666666666665,15.0,5.0,0.0,9.0,0.0,0
10001,21,"Neomycin & Bacitracin 0.5% & 500IU/g, Ointment, 15g, Tube",2023-04-01,9,0,1,8,9.0,270.0,0.0,1.0,2.0,0.0,5.0,9.0,9.0,0.0,0
10001,21,"Neomycin & Bacitracin 0.5% & 500IU/g, Ointment, 15g, Tube",2023-05-01,8,0,6,2,1.3333333333333333,40.0,1.0,5.0,2.333333333333333,0.0,5.0,9.0,8.0,0.0,1
10001,21,"Neomycin & Bacitracin 0.5% & 500IU/g, Ointment, 15g, Tube",2023-06-01,2,0,2,0,1.0,30.0,6.0,-4.0,2.333333333333333,0.0,0.0,8.0,2.0,0.0,0
10001,21,"Neomycin & Bacitracin 0.5% & 500IU/g, Ointment, 15g, Tube",2023-07-01,0,14,1,13,0.0,0.0,2.0,-1.0,3.0,0.0,0.0,2.0,0.0,1.0,0
10001,21,"Neomycin & Bacitracin 0.5% & 500IU/g, Ointment, 15g, Tube",2023-08-01,13,0,6,7,2.1666666666666665,65.0,1.0,5.0,3.0,14.0,4.666666666666667,0.0,13.0,0.0,0
10001,21,"Neomycin & Bacitracin 0.5% & 500IU/g, Ointment, 15g, Tube",2023-09-01,7,0,0,7,,,6.0,-6.0,3.0,0.0,4.666666666666667,13.0,7.0,0.0,0
10001,21,"Neomycin & Bacitracin 0.5% & 500IU/g, Ointment, 15g, Tube",2023-10-01,7,0,4,3,1.75,52.5,0.0,4.0,2.333333333333333,0.0,4.666666666666667,7.0,7.0,0.0,0
10001,22,"Salbutamol 100mcg/dose, Aerosol, Inhaler",2019-11-01,5,0,0,5,,,,,,,,,,,0
10001,22,"Salbutamol 100mcg/dose, Aerosol, Inhaler",2019-12-01,5,0,4,1,1.25,37.5,0.0,4.0,0.0,0.0,0.0,5.0,5.0,0.0,0
10001,22,"Salbutamol 100mcg/dose, Aerosol, Inhaler",2020-01-01,1,10,2,9,0.5,15.0,4.0,-2.0,2.0,0.0,0.0,5.0,1.0,0.0,0
10001,22,"Salbutamol 100mcg/dose, Aerosol, Inhaler",2020-03-01,9,0,4,5,2.25,67.5,2.0,2.0,2.0,10.0,3.333333333333333,1.0,9.0,0.0,0
10001,22,"Salbutamol 100mcg/dose, Aerosol, Inhaler",2020-04-01,5,0,3,2,1.6666666666666667,50.0,4.0,-1.0,3.333333333333333,0.0,3.333333333333333,9.0,5.0,0.0,1
10001,22,"Salbutamol 100mcg/dose, Aerosol, Inhaler",2020-05-01,2,0,2,0,1.0,30.0,3.0,-1.0,3.0,0.0,3.333333333333333,5.0,2.0,0.0,1
10001,22,"Salbutamol 100mcg/dose, Aerosol, Inhaler",2020-06-01,0,0,0,0,,,2.0,-2.0,3.0,0.0,0.0,2.0,0.0,1.0,1
10001,22,"Salbutamol 100mcg/dose, Aerosol, Inhaler",2020-07-01,0,0,0,0,,,0.0,0.0,1.6666666666666667,0.0,0.0,0.0,0.0,1.0,1
10001,22,"Salbutamol 100mcg/dose, Aerosol, Inhaler",2020-08-01,0,0,0,0,,,0.0,0.0,0.6666666666666666,0.0,0.0,0.0,0.0,1.0,0
10001,22,"Salbutamol 100mcg/dose, Aerosol, Inhaler",2020-09-01,0,17,5,12,0.0,0.0,0.0,5.0,0.0,0.0,0.0,0.0,0.0,1.0,0
10001,22,"Salbutamol 100mcg/dose, Aerosol, Inhaler",2020-10-01,12,0,0,12,,,5.0,-5.0,1.6666666666666667,17.0,5.666666666666667,0.0,12.0,0.0,0
10001,22,"Salbutamol 100mcg/dose, Aerosol, Inhaler",2020-11-01,12,0,2,10,6.0,180.0,0.0,2.0,1.6666666666666667,0.0,5.666666666666667,12.0,12.0,0.0,0
10001,22,"Salbutamol 100mcg/dose, Aerosol, Inhaler",2020-12-01,10,0,6,4,1.6666666666666667,50.0,2.0,4.0,2.333333333333333,0.0,5.666666666666667,12.0,10.0,0.0,0
10001,22,"Salbutamol 100mcg/dose, Aerosol, Inhaler",2021-02-01,4,9,0,13,,,6.0,-6.0,2.6666666666666665,0.0,0.0,10.0,4.0,0.0,0
10001,22,"Salbutamol 100mcg/dose, Aerosol, Inhaler",2021-04-01,13,0,1,12,13.0,390.0,0.0,1.0,2.6666666666666665,9.0,3.0,4.0,13.0,0.0,0
10001,22,"Salbutamol 100mcg/dose, Aerosol, Inhaler",2021-07-01,12,0,4,8,3.0,90.0,1.0,3.0,2.333333333333333,0.0,3.0,13.0,12.0,0.0,0
10001,22,"Salbutamol 100mcg/dose, Aerosol, Inhaler",2021-08-01,8,0,4,4,2.0,60.0,4.0,0.0,1.6666666666666667,0.0,3.0,12.0,8.0,0.0,0
10001,22,"Salbutamol 100mcg/dose, Aerosol, Inhaler",2021-09-01,4,9,4,9,1.0,30.0,4.0,0.0,3.0,0.0,0.0,8.0,4.0,0.0,0
10001,22,"Salbutamol 100mcg/dose, Aerosol, Inhaler",2021-10-01,9,0,4,5,2.25,67.5,4.0,0.0,4.0,9.0,3.0,4.0,9.0,0.0,0
10001,22,"Salbutamol 100mcg/dose, Aerosol, Inhaler",2021-11-01,5,0,3,2,1.6666666666666667,50.0,4.0,-1.0,4.0,0.0,3.0,9.0,5.0,0.0,0
10001,22,"Salbutamol 100mcg/dose, Aerosol, Inhaler",2021-12-01,2,6,3,5,0.6666666666666666,20.0,3.0,0.0,3.6666666666666665,0.0,3.0,5.0,2.0,0.0,0
10001,22,"Salbutamol 100mcg/dose, Aerosol, Inhaler",2022-01-01,5,0,1,4,5.0,150.0,3.0,-2.0,3.333333333333333,6.0,2.0,2.0,5.0,0.0,0
10001,22,"Salbutamol 100mcg/dose, Aerosol, Inhaler",2022-02-01,4,0,0,4,,,1.0,-1.0,2.333333333333333,0.0,2.0,5.0,4.0,0.0,1
10001,22,"Salbutamol 100mcg/dose, Aerosol, Inhaler",2022-03-01,4,0,4,0,1.0,30.0,0.0,4.0,1.3333333333333333,0.0,2.0,4.0,4.0,0.0,1
10001,22,"Salbutamol 100mcg/dose, Aerosol, Inhaler",2022-04-01,0,0,0,0,,,4.0,-4.0,1.6666666666666667,0.0,0.0,4.0,0.0,1.0,0
10001,22,"Salbutamol 100mcg/dose, Aerosol, Inhaler",2022-05-01,0,12,2,10,0.0,0.0,0.0,2.0,1.3333333333333333,0.0,0.0,0.0,0.0,1.0,0
10001,22,"Salbutamol 100mcg/dose, Aerosol, Inhaler",2022-06-01,10,0,4,6,2.5,75.0,2.0,2.0,2.0,12.0,4.0,0.0,10.0,0.0,0
10001,22,"Salbutamol 100mcg/dose, Aerosol, Inhaler",2022-08-01,6,0,1,5,6.0,180.0,4.0,-3.0,2.0,0.0,4.0,10.0,6.0,0.0,0
10001,22,"Salbutamol 100mcg/dose, Aerosol, Inhaler",2022-09-01,5,0,3,2,1.6666666666666667,50.0,1.0,2.0,2.333333333333333,0.0,4.0,6.0,5.0,0.0,0
10001,22,"Salbutamol 100mcg/dose, Aerosol, Inhaler",2022-10-01,2,6,7,1,0.2857142857142857,8.571428571428571,3.0,4.0,2.6666666666666665,0.0,0.0,5.0,2.0,0.0,1
10001,22,"Salbutamol 100mcg/dose, Aerosol, Inhaler",2022-11-01,1,0,1,0,1.0,30.0,7.0,-6.0,3.6666666666666665,6.0,2.0,2.0,1.0,0.0,1
10001,22,"Salbutamol 100mcg/dose, Aerosol, Inhaler",2023-01-01,0,0,0,0,,,1.0,-1.0,3.6666666666666665,0.0,2.0,1.0,0.0,1.0,1
10001,22,"Salbutamol 100mcg/dose, Aerosol, Inhaler",2023-02-01,0,0,0,0,,,0.0,0.0,2.6666666666666665,0.0,2.0,0.0,0.0,1.0,0
10001,22,"Salbutamol 100mcg/dose, Aerosol, Inhaler",2023-03-01,0,13,4,9,0.0,0.0,0.0,4.0,0.3333333333333333,0.0,0.0,0.0,0.0,1.0,0
10001,22,"Salbutamol 100mcg/dose, Aerosol, Inhaler",2023-04-01,9,0,6,3,1.5,45.0,4.0,2.0,1.3333333333333333,13.0,4.333333333333333,0.0,9.0,0.0,0
10001,22,"Salbutamol 100mcg/dose, Aerosol, Inhaler",2023-05-01,3,0,1,2,3.0,90.0,6.0,-5.0,3.333333333333333,0.0,4.333333333333333,9.0,3.0,0.0,1
10001,22,"Salbutamol 100mcg/dose, Aerosol, Inhaler",2023-06-01,2,0,2,0,1.0,30.0,1.0,1.0,3.6666666666666665,0.0,4.333333333333333,3.0,2.0,0.0,0
10001,22,"Salbutamol 100mcg/dose, Aerosol, Inhaler",2023-07-01,0,12,3,9,0.0,0.0,2.0,1.0,3.0,0.0,0.0,2.0,0.0,1.0,0
10001,22,"Salbutamol 100mcg/dose, Aerosol, Inhaler",2023-08-01,9,0,4,5,2.25,67.5,3.0,1.0,2.0,12.0,4.0,0.0,9.0,0.0,1
10001,22,"Salbutamol 100mcg/dose, Aerosol, Inhaler",2023-09-01,5,0,5,0,1.0,30.0,4.0,1.0,3.0,0.0,4.0,9.0,5.0,0.0,0
10001,22,"Salbutamol 100mcg/dose, Aerosol, Inhaler",2023-10-01,0,11,4,7,0.0,0.0,5.0,-1.0,4.0,0.0,4.0,5.0,0.0,1.0,0
10001,28,"Benzyl Benzoate 25%, Emulsion, 100ml, Bot",2019-10-01,43,0,43,0,1.0,30.0,,,,,,,,,1
10001,28,"Benzyl Benzoate 25%, Emulsion, 100ml, Bot",2019-11-01,0,0,0,0,,,43.0,-43.0,43.0,0.0,0.0,43.0,0.0,1.0,0
10001,28,"Benzyl Benzoate 25%, Emulsion, 100ml, Bot",2019-12-01,0,195,60,135,0.0,0.0,0.0,60.0,21.5,0.0,0.0,0.0,0.0,1.0,0
10001,28,"Benzyl Benzoate 25%, Emulsion, 100ml, Bot",2020-01-01,135,0,67,68,2.014925373134328,60.44776119402984,60.0,7.0,34.333333333333336,195.0,65.0,0.0,135.0,0.0,0
10001,28,"Benzyl Benzoate 25%, Emulsion, 100ml, Bot",2020-03-01,68,0,22,46,3.090909090909091,92.72727272727272,67.0,-45.0,42.333333333333336,0.0,65.0,135.0,68.0,0.0,0
10001,28,"Benzyl Benzoate 25%, Emulsion, 100ml, Bot",2020-04-01,46,211,119,138,0.3865546218487395,11.596638655462185,22.0,97.0,49.66666666666666,0.0,65.0,68.0,46.0,0.0,0
10001,28,"Benzyl Benzoate 25%, Emulsion, 100ml, Bot",2020-07-01,138,0,47,91,2.936170212765957,88.08510638297872,119.0,-72.0,69.33333333333333,211.0,70.33333333333333,46.0,138.0,0.0,0
10001,28,"Benzyl Benzoate 25%, Emulsion, 100ml, Bot",2020-09-01,91,0,29,62,3.1379310344827585,94.13793103448276,47.0,-18.0,62.66666666666666,0.0,70.33333333333333,138.0,91.0,0.0,0
10001,28,"Benzyl Benzoate 25%, Emulsion, 100ml, Bot",2020-10-01,62,230,67,225,0.9253731343283582,27.761194029850746,29.0,38.0,65.0,0.0,70.33333333333333,91.0,62.0,0.0,0
10001,28,"Benzyl Benzoate 25%, Emulsion, 100ml, Bot",2020-11-01,225,0,44,181,5.113636363636363,153.4090909090909,67.0,-23.0,47.66666666666666,230.0,76.66666666666667,62.0,225.0,0.0,0
10001,28,"Benzyl Benzoate 25%, Emulsion, 100ml, Bot",2020-12-01,181,0,43,138,4.209302325581396,126.27906976744188,44.0,-1.0,46.66666666666666,0.0,76.66666666666667,225.0,181.0,0.0,0
10001,28,"Benzyl Benzoate 25%, Emulsion, 100ml, Bot",2021-01-01,138,0,4,134,34.5,1035.0,43.0,-39.0,51.333333333333336,0.0,76.66666666666667,181.0,138.0,0.0,0
10001,28,"Benzyl Benzoate 25%, Emulsion, 100ml, Bot",2021-02-01,134,0,0,134,,,4.0,-4.0,30.33333333333333,0.0,0.0,138.0,134.0,0.0,0
10001,28,"Benzyl Benzoate 25%, Emulsion, 100ml, Bot",2021-04-01,134,0,75,59,1.7866666666666666,53.6,0.0,75.0,15.666666666666666,0.0,0.0,134.0,134.0,0.0,0
10001,28,"Benzyl Benzoate 25%, Emulsion, 100ml, Bot",2021-05-01,59,251,12,298,4.916666666666667,147.5,75.0,-63.0,26.33333333333333,0.0,0.0,134.0,59.0,0.0,0
10001,28,"Benzyl Benzoate 25%, Emulsion, 100ml, Bot",2021-08-01,298,0,63,235,4.73015873015873,141.9047619047619,12.0,51.0,29.0,251.0,83.66666666666667,59.0,298.0,0.0,0
10001,28,"Benzyl Benzoate 25%, Emulsion, 100ml, Bot",2021-10-01,235,0,54,181,4.351851851851852,130.55555555555557,63.0,-9.0,50.0,0.0,83.66666666666667,298.0,235.0,0.0,0
10001,28,"Benzyl Benzoate 25%, Emulsion, 100ml, Bot",2021-11-01,181,0,72,109,2.513888888888889,75.41666666666667,54.0,18.0,43.0,0.0,83.66666666666667,235.0,181.0,0.0,0
10001,28,"Benzyl Benzoate 25%, Emulsion, 100ml, Bot",2021-12-01,109,0,69,40,1.579710144927536,47.391304347826086,72.0,-3.0,63.0,0.0,0.0,181.0,109.0,0.0,1
10001,28,"Benzyl Benzoate 25%, Emulsion, 100ml, Bot",2022-01-01,40,0,40,0,1.0,30.0,69.0,-29.0,65.0,0.0,0.0,109.0,40.0,0.0,1
10001,28,"Benzyl Benzoate 25%, Emulsion, 100ml, Bot",2022-02-01,0,0,0,0,,,40.0,-40.0,60.333333333333336,0.0,0.0,40.0,0.0,1.0,0
10001,28,"Benzyl Benzoate 25%, Emulsion, 100ml, Bot",2022-03-01,0,92,88,4,0.0,0.0,0.0,88.0,36.333333333333336,0.0,0.0,0.0,0.0,1.0,1
10001,28,"Benzyl Benzoate 25%, Emulsion, 100ml, Bot",2022-05-01,4,0,4,0,1.0,30.0,88.0,-84.0,42.66666666666666,92.0,30.666666666666668,0.0,4.0,0.0,1
10001,28,"Benzyl Benzoate 25%, Emulsion, 100ml, Bot",2022-06-01,0,0,0,0,,,4.0,-4.0,30.666666666666668,0.0,30.666666666666668,4.0,0.0,1.0,0
10001,28,"Benzyl Benzoate 25%, Emulsion, 100ml, Bot",2022-08-01,0,166,11,155,0.0,0.0,0.0,11.0,30.666666666666668,0.0,30.666666666666668,0.0,0.0,1.0,0
10001,28,"Benzyl Benzoate 25%, Emulsion, 100ml, Bot",2022-09-01,155,0,0,155,,,11.0,-11.0,5.0,166.0,55.333333333333336,0.0,155.0,0.0,0
10001,28,"Benzyl Benzoate 25%, Emulsion, 100ml, Bot",2022-10-01,155,0,8,147,19.375,581.25,0.0,8.0,3.6666666666666665,0.0,55.333333333333336,155.0,155.0,0.0,0
10001,28,"Benzyl Benzoate 25%, Emulsion, 100ml, Bot",2022-12-01,147,0,47,100,3.127659574468085,93.82978723404256,8.0,39.0,6.333333333333333,0.0,55.333333333333336,155.0,147.0,0.0,0
10001,28,"Benzyl Benzoate 25%, Emulsion, 100ml, Bot",2023-01-01,100,0,47,53,2.127659574468085,63.82978723404256,47.0,0.0,18.33333333333333,0.0,0.0,147.0,100.0,0.0,0
10001,28,"Benzyl Benzoate 25%, Emulsion, 100ml, Bot",2023-02-01,53,139,25,167,2.12,63.6,47.0,-22.0,34.0,0.0,0.0,100.0,53.0,0.0,0
10001,28,"Benzyl Benzoate 25%, Emulsion, 100ml, Bot",2023-04-01,167,0,59,108,2.830508474576271,84.91525423728814,25.0,34.0,39.66666666666666,139.0,46.333333333333336,53.0,167.0,0.0,0
10001,28,"Benzyl Benzoate 25%, Emulsion, 100ml, Bot",2023-06-01,108,0,43,65,2.511627906976744,75.34883720930233,59.0,-16.0,43.66666666666666,0.0,46.333333333333336,167.0,108.0,0.0,0
10001,28,"Benzyl Benzoate 25%, Emulsion, 100ml, Bot",2023-07-01,65,0,25,40,2.6,78.0,43.0,-18.0,42.333333333333336,0.0,46.333333333333336,108.0,65.0,0.0,0
10001,28,"Benzyl Benzoate 25%, Emulsion, 100ml, Bot",2023-08-01,40,244,28,256,1.4285714285714286,42.85714285714286,25.0,3.0,42.333333333333336,0.0,0.0,65.0,40.0,0.0,0
10001,28,"Benzyl Benzoate 25%, Emulsion, 100ml, Bot",2023-09-01,256,0,32,224,8.0,240.0,28.0,4.0,32.0,244.0,81.33333333333333,40.0,256.0,0.0,0
10001,28,"Benzyl Benzoate 25%, Emulsion, 100ml, Bot",2023-10-01,224,0,71,153,3.1549295774647885,94.64788732394364,32.0,39.0,28.33333333333333,0.0,81.33333333333333,256.0,224.0,0.0,0
10001,34,"Folic Acid 5mg, Tab",2019-10-01,760,0,632,128,1.2025316455696202,36.07594936708861,,,,,,,,,0
10001,34,"Folic Acid 5mg, Tab",2019-11-01,128,3200,444,2884,0.2882882882882883,8.64864864864865,632.0,-188.0,632.0,0.0,0.0,760.0,128.0,0.0,0
10001,34,"Folic Acid 5mg, Tab",2019-12-01,2884,0,931,1953,3.097744360902256,92.93233082706767,444.0,487.0,538.0,3200.0,1600.0,128.0,2884.0,0.0,0
10001,34,"Folic Acid 5mg, Tab",2020-07-01,1953,0,1101,852,1.7738419618528611,53.21525885558584,931.0,170.0,669.0,0.0,1066.6666666666667,2884.0,1953.0,0.0,0
10001,34,"Folic Acid 5mg, Tab",2020-08-01,852,0,458,394,1.8602620087336244,55.80786026200873,1101.0,-643.0,825.3333333333334,0.0,1066.6666666666667,1953.0,852.0,0.0,1
10001,34,"Folic Acid 5mg, Tab",2020-09-01,394,0,394,0,1.0,30.0,458.0,-64.0,830.0,0.0,0.0,852.0,394.0,0.0,1
10001,34,"Folic Acid 5mg, Tab",2020-10-01,0,0,0,0,,,394.0,-394.0,651.0,0.0,0.0,394.0,0.0,1.0,0
10001,34,"Folic Acid 5mg, Tab",2020-11-01,0,2736,273,2463,0.0,0.0,0.0,273.0,284.0,0.0,0.0,0.0,0.0,1.0,0
10001,34,"Folic Acid 5mg, Tab",2020-12-01,2463,0,832,1631,2.9603365384615383,88.81009615384615,273.0,559.0,222.33333333333331,2736.0,912.0,0.0,2463.0,0.0,0
10001,34,"Folic Acid 5mg, Tab",2021-01-01,1631,0,245,1386,6.6571428571428575,199.7142857142857,832.0,-587.0,368.3333333333333,0.0,912.0,2463.0,1631.0,0.0,0
10001,34,"Folic Acid 5mg, Tab",2021-02-01,1386,0,517,869,2.6808510638297878,80.42553191489363,245.0,272.0,450.0,0.0,912.0,1631.0,1386.0,0.0,0
10001,34,"Folic Acid 5mg, Tab",2021-03-01,869,0,505,364,1.7207920792079208,51.62376237623762,517.0,-12.0,531.3333333333334,0.0,0.0,1386.0,869.0,0.0,0
10001,34,"Folic Acid 5mg, Tab",2021-07-01,364,1220,265,1319,1.3735849056603773,41.20754716981132,505.0,-240.0,422.3333333333333,0.0,0.0,869.0,364.0,0.0,0
10001,34,"Folic Acid 5mg, Tab",2022-02-01,1319,0,508,811,2.5964566929133857,77.89370078740157,265.0,243.0,429.0,1220.0,406.6666666666667,364.0,1319.0,0.0,0
10001,34,"Folic Acid 5mg, Tab",2022-03-01,811,0,548,263,1.47992700729927,44.3978102189781,508.0,40.0,426.0,0.0,406.6666666666667,1319.0,811.0,0.0,0
10001,34,"Folic Acid 5mg, Tab",2022-04-01,263,1039,709,593,0.3709449929478138,11.128349788434416,548.0,161.0,440.3333333333333,0.0,406.6666666666667,811.0,263.0,0.0,0
10001,34,"Folic Acid 5mg, Tab",2022-05-01,593,0,554,39,1.0703971119133573,32.11191335740072,709.0,-155.0,588.3333333333334,1039.0,346.3333333333333,263.0,593.0,0.0,1
10001,34,"Folic Acid 5mg, Tab",2022-06-01,39,0,39,0,1.0,30.0,554.0,-515.0,603.6666666666666,0.0,346.3333333333333,593.0,39.0,0.0,0
10001,34,"Folic Acid 5mg, Tab",2022-07-01,0,2311,1226,1085,0.0,0.0,39.0,1187.0,434.0,0.0,346.3333333333333,39.0,0.0,1.0,0
10001,34,"Folic Acid 5mg, Tab",2022-08-01,1085,0,583,502,1.8610634648370497,55.83190394511149,1226.0,-643.0,606.3333333333334,2311.0,770.3333333333334,0.0,1085.0,0.0,0
10001,34,"Folic Acid 5mg, Tab",2022-10-01,502,2600,779,2323,0.6444159178433889,19.332477535301667,583.0,196.0,616.0,0.0,770.3333333333334,1085.0,502.0,0.0,0
10001,34,"Folic Acid 5mg, Tab",2023-01-01,2323,0,571,1752,4.06830122591944,122.04903677758318,779.0,-208.0,862.6666666666666,2600.0,1637.0,502.0,2323.0,0.0,0
10001,34,"Folic Acid 5mg, Tab",2023-02-01,1752,0,787,965,2.2261753494282086,66.78526048284625,571.0,216.0,644.3333333333334,0.0,866.6666666666666,2323.0,1752.0,0.0,0
10001,34,"Folic Acid 5mg, Tab",2023-05-01,965,0,685,280,1.4087591240875912,42.262773722627735,787.0,-102.0,712.3333333333334,0.0,866.6666666666666,1752.0,965.0,0.0,0
10001,34,"Folic Acid 5mg, Tab",2023-07-01,280,1124,608,796,0.4605263157894737,13.81578947368421,685.0,-77.0,681.0,0.0,0.0,965.0,280.0,0.0,0
10001,34,"Folic Acid 5mg, Tab",2023-08-01,796,0,720,76,1.1055555555555556,33.16666666666667,608.0,112.0,693.3333333333334,1124.0,374.6666666666667,280.0,796.0,0.0,0
10001,34,"Folic Acid 5mg, Tab",2023-09-01,76,1926,688,1314,0.1104651162790697,3.313953488372093,720.0,-32.0,671.0,0.0,374.6666666666667,796.0,76.0,0.0,0
10001,35,"Oxytocin 10IU, Inj, Amp",2019-10-01,17,0,3,14,5.666666666666667,170.0,,,,,,,,,0
10001,35,"Oxytocin 10IU, Inj, Amp",2019-12-01,14,0,0,14,,,3.0,-3.0,3.0,0.0,0.0,17.0,14.0,0.0,0
10001,35,"Oxytocin 10IU, Inj, Amp",2020-01-01,14,30,14,30,1.0,30.0,0.0,14.0,1.5,0.0,0.0,14.0,14.0,0.0,0
10001,35,"Oxytocin 10IU, Inj, Amp",2020-02-01,30,0,15,15,2.0,60.0,14.0,1.0,5.666666666666667,30.0,10.0,14.0,30.0,0.0,1
10001,35,"Oxytocin 10IU, Inj, Amp",2020-03-01,15,0,15,0,1.0,30.0,15.0,0.0,9.666666666666666,0.0,10.0,30.0,15.0,0.0,1
10001,35,"Oxytocin 10IU, Inj, Amp",2020-04-01,0,0,0,0,,,15.0,-15.0,14.666666666666666,0.0,10.0,15.0,0.0,1.0,1
10001,35,"Oxytocin 10IU, Inj, Amp",2020-05-01,0,0,0,0,,,0.0,0.0,10.0,0.0,0.0,0.0,0.0,1.0,0
10001,35,"Oxytocin 10IU, Inj, Amp",2020-06-01,0,44,10,34,0.0,0.0,0.0,10.0,5.0,0.0,0.0,0.0,0.0,1.0,0
10001,35,"Oxytocin 10IU, Inj, Amp",2020-07-01,34,0,10,24,3.4,102.0,10.0,0.0,3.333333333333333,44.0,14.666666666666666,0.0,34.0,0.0,0
10001,35,"Oxytocin 10IU, Inj, Amp",2020-09-01,24,0,11,13,2.1818181818181817,65.45454545454545,10.0,1.0,6.666666666666667,0.0,14.666666666666666,34.0,24.0,0.0,0
10001,35,"Oxytocin 10IU, Inj, Amp",2020-10-01,13,21,0,34,,,11.0,-11.0,10.333333333333334,0.0,14.666666666666666,24.0,13.0,0.0,0
10001,35,"Oxytocin 10IU, Inj, Amp",2020-11-01,34,0,7,27,4.857142857142857,145.7142857142857,0.0,7.0,7.0,21.0,7.0,13.0,34.0,0.0,0
10001,35,"Oxytocin 10IU, Inj, Amp",2020-12-01,27,0,11,16,2.4545454545454546,73.63636363636364,7.0,4.0,6.0,0.0,7.0,34.0,27.0,0.0,0
10001,35,"Oxytocin 10IU, Inj, Amp",2021-01-01,16,0,11,5,1.4545454545454546,43.63636363636364,11.0,0.0,6.0,0.0,7.0,27.0,16.0,0.0,0
10001,35,"Oxytocin 10IU, Inj, Amp",2021-02-01,5,51,12,44,0.4166666666666667,12.5,11.0,1.0,9.666666666666666,0.0,0.0,16.0,5.0,0.0,0
10001,35,"Oxytocin 10IU, Inj, Amp",2021-03-01,44,0,16,28,2.75,82.5,12.0,4.0,11.333333333333334,51.0,17.0,5.0,44.0,0.0,0
10001,35,"Oxytocin 10IU, Inj, Amp",2021-04-01,28,0,16,12,1.75,52.5,16.0,0.0,13.0,0.0,17.0,44.0,28.0,0.0,1
10001,35,"Oxytocin 10IU, Inj, Amp",2021-05-01,12,0,12,0,1.0,30.0,16.0,-4.0,14.666666666666666,0.0,17.0,28.0,12.0,0.0,0
10001,35,"Oxytocin 10IU, Inj, Amp",2021-06-01,0,34,11,23,0.0,0.0,12.0,-1.0,14.666666666666666,0.0,0.0,12.0,0.0,1.0,0
10001,35,"Oxytocin 10IU, Inj, Amp",2021-07-01,23,0,10,13,2.3,69.0,11.0,-1.0,13.0,34.0,11.333333333333334,0.0,23.0,0.0,0
10001,35,"Oxytocin 10IU, Inj, Amp",2021-08-01,13,0,12,1,1.0833333333333333,32.5,10.0,2.0,11.0,0.0,11.333333333333334,23.0,13.0,0.0,0
10001,35,"Oxytocin 10IU, Inj, Amp",2021-09-01,1,50,0,51,,,12.0,-12.0,11.0,0.0,11.333333333333334,13.0,1.0,0.0,0
10001,35,"Oxytocin 10IU, Inj, Amp",2021-10-01,51,0,14,37,3.642857142857143,109.28571428571428,0.0,14.0,7.333333333333333,50.0,16.666666666666668,1.0,51.0,0.0,0
10001,35,"Oxytocin 10IU, Inj, Amp",2021-12-01,37,0,6,31,6.166666666666667,185.0,14.0,-8.0,8.666666666666666,0.0,16.666666666666668,51.0,37.0,0.0,0
10001,35,"Oxytocin 10IU, Inj, Amp",2022-01-01,31,0,13,18,2.3846153846153846,71.53846153846153,6.0,7.0,6.666666666666667,0.0,16.666666666666668,37.0,31.0,0.0,0
10001,35,"Oxytocin 10IU, Inj, Amp",2022-02-01,18,0,11,7,1.6363636363636365,49.09090909090909,13.0,-2.0,11.0,0.0,0.0,31.0,18.0,0.0,0
10001,35,"Oxytocin 10IU, Inj, Amp",2022-04-01,7,24,17,14,0.4117647058823529,12.352941176470589,11.0,6.0,10.0,0.0,0.0,18.0,7.0,0.0,1
10001,35,"Oxytocin 10IU, Inj, Amp",2022-05-01,14,0,14,0,1.0,30.0,17.0,-3.0,13.666666666666666,24.0,8.0,7.0,14.0,0.0,1
10001,35,"Oxytocin 10IU, Inj, Amp",2022-06-01,0,0,0,0,,,14.0,-14.0,14.0,0.0,8.0,14.0,0.0,1.0,1
10001,35,"Oxytocin 10IU, Inj, Amp",2022-07-01,0,0,0,0,,,0.0,0.0,10.333333333333334,0.0,8.0,0.0,0.0,1.0,1
10001,35,"Oxytocin 10IU, Inj, Amp",2022-08-01,0,0,0,0,,,0.0,0.0,4.666666666666667,0.0,0.0,0.0,0.0,1.0,1
10001,35,"Oxytocin 10IU, Inj, Amp",2022-09-01,0,0,0,0,,,0.0,0.0,0.0,0.0,0.0,0.0,0.0,1.0,1
10001,35,"Oxytocin 10IU, Inj, Amp",2022-10-01,0,0,0,0,,,0.0,0.0,0.0,0.0,0.0,0.0,0.0,1.0,0
10001,35,"Oxytocin 10IU, Inj, Amp",2022-11-01,0,55,7,48,0.0,0.0,0.0,7.0,0.0,0.0,0.0,0.0,0.0,1.0,0
10001,35,"Oxytocin 10IU, Inj, Amp",2022-12-01,48,0,20,28,2.4,72.0,7.0,13.0,2.333333333333333,55.0,18.33333333333333,0.0,48.0,0.0,0
10001,35,"Oxytocin 10IU, Inj, Amp",2023-01-01,28,0,17,11,1.6470588235294117,49.41176470588235,20.0,-3.0,9.0,0.0,18.33333333333333,48.0,28.0,0.0,0
10001,35,"Oxytocin 10IU, Inj, Amp",2023-02-01,11,20,14,17,0.7857142857142857,23.57142857142857,17.0,-3.0,14.666666666666666,0.0,18.33333333333333,28.0,11.0,0.0,0
10001,35,"Oxytocin 10IU, Inj, Amp",2023-03-01,17,0,5,12,3.4,102.0,14.0,-9.0,17.0,20.0,6.666666666666667,11.0,17.0,0.0,1
10001,35,"Oxytocin 10IU, Inj, Amp",2023-04-01,12,0,12,0,1.0,30.0,5.0,7.0,12.0,0.0,6.666666666666667,17.0,12.0,0.0,0
10001,35,"Oxytocin 10IU, Inj, Amp",2023-05-01,0,25,14,11,0.0,0.0,12.0,2.0,10.333333333333334,0.0,6.666666666666667,12.0,0.0,1.0,0
10001,35,"Oxytocin 10IU, Inj, Amp",2023-06-01,11,0,6,5,1.8333333333333333,55.0,14.0,-8.0,10.333333333333334,25.0,8.333333333333334,0.0,11.0,0.0,1
10001,35,"Oxytocin 10IU, Inj, Amp",2023-07-01,5,0,5,0,1.0,30.0,6.0,-1.0,10.666666666666666,0.0,8.333333333333334,11.0,5.0,0.0,1
10001,35,"Oxytocin 10IU, Inj, Amp",2023-09-01,0,0,0,0,,,5.0,-5.0,8.333333333333334,0.0,8.333333333333334,5.0,0.0,1.0,1
10001,35,"Oxytocin 10IU, Inj, Amp",2023-10-01,0,0,0,0,,,0.0,0.0,3.6666666666666665,0.0,0.0,0.0,0.0,1.0,1
10001,38,"Albendazole 400mg, Tab",2019-10-01,203,0,109,94,1.8623853211009171,55.87155963302752,,,,,,,,,0
10001,38,"Albendazole 400mg, Tab",2019-11-01,94,688,187,595,0.5026737967914439,15.080213903743315,109.0,78.0,109.0,0.0,0.0,203.0,94.0,0.0,0
10001,38,"Albendazole 400mg, Tab",2019-12-01,595,0,217,378,2.7419354838709675,82.25806451612902,187.0,30.0,148.0,688.0,344.0,94.0,595.0,0.0,0
10001,38,"Albendazole 400mg, Tab",2020-01-01,378,0,219,159,1.726027397260274,51.78082191780822,217.0,2.0,171.0,0.0,229.33333333333331,595.0,378.0,0.0,0
10001,38,"Albendazole 400mg, Tab",2020-02-01,159,449,102,506,1.5588235294117647,46.76470588235294,219.0,-117.0,207.66666666666663,0.0,229.33333333333331,378.0,159.0,0.0,0
10001,38,"Albendazole 400mg, Tab",2020-03-01,506,0,235,271,2.1531914893617023,64.59574468085107,102.0,133.0,179.33333333333334,449.0,149.66666666666666,159.0,506.0,0.0,0
10001,38,"Albendazole 400mg, Tab",2020-04-01,271,0,147,124,1.8435374149659864,55.30612244897959,235.0,-88.0,185.33333333333331,0.0,149.66666666666666,506.0,271.0,0.0,0
10001,38,"Albendazole 400mg, Tab",2020-06-01,124,666,169,621,0.7337278106508875,22.011834319526628,147.0,22.0,161.33333333333334,0.0,149.66666666666666,271.0,124.0,0.0,0
10001,38,"Albendazole 400mg, Tab",2020-07-01,621,0,124,497,5.008064516129032,150.24193548387098,169.0,-45.0,183.66666666666663,666.0,222.0,124.0,621.0,0.0,0
10001,38,"Albendazole 400mg, Tab",2020-08-01,497,0,174,323,2.85632183908046,85.6896551724138,124.0,50.0,146.66666666666666,0.0,222.0,621.0,497.0,0.0,0
10001,38,"Albendazole 400mg, Tab",2020-09-01,323,0,170,153,1.9,57.0,174.0,-4.0,155.66666666666666,0.0,222.0,497.0,323.0,0.0,0
10001,38,"Albendazole 400mg, Tab",2020-10-01,153,342,84,411,1.8214285714285716,54.64285714285714,170.0,-86.0,156.0,0.0,0.0,323.0,153.0,0.0,0
10001,38,"Albendazole 400mg, Tab",2021-01-01,411,0,23,388,17.869565217391305,536.0869565217391,84.0,-61.0,142.66666666666666,342.0,114.0,153.0,411.0,0.0,0
10001,38,"Albendazole 400mg, Tab",2021-02-01,388,0,157,231,2.4713375796178343,74.14012738853503,23.0,134.0,92.33333333333331,0.0,114.0,411.0,388.0,0.0,0
10001,38,"Albendazole 400mg, Tab",2021-03-01,231,0,148,83,1.5608108108108107,46.82432432432432,157.0,-9.0,88.0,0.0,114.0,388.0,231.0,0.0,0
10001,38,"Albendazole 400mg, Tab",2021-04-01,83,0,0,83,,,148.0,-148.0,109.33333333333331,0.0,0.0,231.0,83.0,0.0,1
10001,38,"Albendazole 400mg, Tab",2021-05-01,83,0,83,0,1.0,30.0,0.0,83.0,101.66666666666669,0.0,0.0,83.0,83.0,0.0,0
10001,38,"Albendazole 400mg, Tab",2021-07-01,0,638,135,503,0.0,0.0,83.0,52.0,77.0,0.0,0.0,83.0,0.0,1.0,0
10001,38,"Albendazole 400mg, Tab",2021-08-01,503,0,274,229,1.8357664233576645,55.07299270072993,135.0,139.0,72.66666666666667,638.0,212.66666666666663,0.0,503.0,0.0,1
10001,38,"Albendazole 400mg, Tab",2021-09-01,229,0,229,0,1.0,30.0,274.0,-45.0,164.0,0.0,212.66666666666663,503.0,229.0,0.0,0
10001,38,"Albendazole 400mg, Tab",2021-11-01,0,549,178,371,0.0,0.0,229.0,-51.0,212.66666666666663,0.0,212.66666666666663,229.0,0.0,1.0,0
10001,38,"Albendazole 400mg, Tab",2021-12-01,371,0,215,156,1.7255813953488373,51.76744186046512,178.0,37.0,227.0,549.0,183.0,0.0,371.0,0.0,0
10001,38,"Albendazole 400mg, Tab",2022-02-01,156,447,212,391,0.7358490566037735,22.075471698113205,215.0,-3.0,207.33333333333331,0.0,183.0,371.0,156.0,0.0,0
10001,38,"Albendazole 400mg, Tab",2022-03-01,391,0,176,215,2.221590909090909,66.64772727272728,212.0,-36.0,201.66666666666663,447.0,332.0,156.0,391.0,0.0,0
10001,38,"Albendazole 400mg, Tab",2022-04-01,215,0,35,180,6.142857142857143,184.2857142857143,176.0,-141.0,201.0,0.0,149.0,391.0,215.0,0.0,0
10001,38,"Albendazole 400mg, Tab",2022-06-01,180,0,65,115,2.769230769230769,83.07692307692308,35.0,30.0,141.0,0.0,149.0,215.0,180.0,0.0,0
10001,38,"Albendazole 400mg, Tab",2022-08-01,115,517,207,425,0.5555555555555556,16.666666666666668,65.0,142.0,92.0,0.0,0.0,180.0,115.0,0.0,0
10001,38,"Albendazole 400mg, Tab",2022-09-01,425,0,152,273,2.796052631578948,83.88157894736842,207.0,-55.0,102.33333333333331,517.0,172.33333333333334,115.0,425.0,0.0,0
10001,38,"Albendazole 400mg, Tab",2022-10-01,273,0,92,181,2.967391304347826,89.02173913043478,152.0,-60.0,141.33333333333334,0.0,172.33333333333334,425.0,273.0,0.0,0
10001,38,"Albendazole 400mg, Tab",2022-12-01,181,370,37,514,4.891891891891892,146.75675675675677,92.0,-55.0,150.33333333333334,0.0,172.33333333333334,273.0,181.0,0.0,0
10001,38,"Albendazole 400mg, Tab",2023-01-01,514,0,149,365,3.449664429530201,103.48993288590604,37.0,112.0,93.66666666666669,370.0,123.33333333333331,181.0,514.0,0.0,0
10001,38,"Albendazole 400mg, Tab",2023-07-01,365,0,173,192,2.109826589595376,63.29479768786127,149.0,24.0,92.66666666666669,0.0,123.33333333333331,514.0,365.0,0.0,0
10001,38,"Albendazole 400mg, Tab",2023-08-01,192,0,128,64,1.5,45.0,173.0,-45.0,119.66666666666669,0.0,123.33333333333331,365.0,192.0,0.0,0
10001,38,"Albendazole 400mg, Tab",2023-09-01,64,528,49,543,1.3061224489795915,39.18367346938775,128.0,-79.0,150.0,0.0,0.0,192.0,64.0,0.0,0
10001,38,"Albendazole 400mg, Tab",2023-10-01,543,0,157,386,3.4585987261146496,103.75796178343948,49.0,108.0,116.66666666666669,528.0,176.0,64.0,543.0,0.0,0
10001,39,"Oral Rehydration Salts (ORS), Sachet",2019-10-01,300,0,65,235,4.615384615384615,138.46153846153845,,,,,,,,,0
10001,39,"Oral Rehydration Salts (ORS), Sachet",2019-11-01,235,0,175,60,1.3428571428571427,40.285714285714285,65.0,110.0,65.0,0.0,0.0,300.0,235.0,0.0,1
10001,39,"Oral Rehydration Salts (ORS), Sachet",2019-12-01,60,0,60,0,1.0,30.0,175.0,-115.0,120.0,0.0,0.0,235.0,60.0,0.0,0
10001,39,"Oral Rehydration Salts (ORS), Sachet",2020-01-01,0,408,153,255,0.0,0.0,60.0,93.0,100.0,0.0,0.0,60.0,0.0,1.0,0
10001,39,"Oral Rehydration Salts (ORS), Sachet",2020-03-01,255,0,195,60,1.3076923076923077,39.23076923076923,153.0,42.0,129.33333333333334,408.0,136.0,0.0,255.0,0.0,0
10001,39,"Oral Rehydration Salts (ORS), Sachet",2020-04-01,60,755,126,689,0.4761904761904761,14.285714285714285,195.0,-69.0,136.0,0.0,136.0,255.0,60.0,0.0,0
10001,39,"Oral Rehydration Salts (ORS), Sachet",2020-06-01,689,0,204,485,3.377450980392157,101.32352941176472,126.0,78.0,158.0,755.0,387.6666666666667,60.0,689.0,0.0,0
10001,39,"Oral Rehydration Salts (ORS), Sachet",2020-07-01,485,0,41,444,11.829268292682928,354.8780487804878,204.0,-163.0,175.0,0.0,251.66666666666663,689.0,485.0,0.0,0
10001,39,"Oral Rehydration Salts (ORS), Sachet",2020-08-01,444,0,110,334,4.036363636363636,121.09090909090908,41.0,69.0,123.66666666666669,0.0,251.66666666666663,485.0,444.0,0.0,0
10001,39,"Oral Rehydration Salts (ORS), Sachet",2020-10-01,334,0,157,177,2.127388535031847,63.82165605095541,110.0,47.0,118.33333333333331,0.0,0.0,444.0,334.0,0.0,0
10001,39,"Oral Rehydration Salts (ORS), Sachet",2020-11-01,177,509,157,529,1.127388535031847,33.82165605095541,157.0,0.0,102.66666666666669,0.0,0.0,334.0,177.0,0.0,0
10001,39,"Oral Rehydration Salts (ORS), Sachet",2020-12-01,529,0,168,361,3.148809523809524,94.46428571428572,157.0,11.0,141.33333333333334,509.0,169.66666666666666,177.0,529.0,0.0,0
10001,39,"Oral Rehydration Salts (ORS), Sachet",2021-02-01,361,0,279,82,1.2939068100358424,38.81720430107527,168.0,111.0,160.66666666666666,0.0,169.66666666666666,529.0,361.0,0.0,0
10001,39,"Oral Rehydration Salts (ORS), Sachet",2021-03-01,82,402,208,276,0.3942307692307692,11.826923076923077,279.0,-71.0,201.33333333333331,0.0,169.66666666666666,361.0,82.0,0.0,0
10001,39,"Oral Rehydration Salts (ORS), Sachet",2021-04-01,276,0,226,50,1.2212389380530972,36.63716814159292,208.0,18.0,218.33333333333331,402.0,134.0,82.0,276.0,0.0,0
10001,39,"Oral Rehydration Salts (ORS), Sachet",2021-06-01,50,489,201,338,0.2487562189054726,7.462686567164179,226.0,-25.0,237.66666666666663,0.0,134.0,276.0,50.0,0.0,0
10001,39,"Oral Rehydration Salts (ORS), Sachet",2021-07-01,338,0,191,147,1.7696335078534031,53.089005235602095,201.0,-10.0,211.66666666666663,489.0,297.0,50.0,338.0,0.0,0
10001,39,"Oral Rehydration Salts (ORS), Sachet",2021-09-01,147,343,0,490,,,191.0,-191.0,206.0,0.0,163.0,338.0,147.0,0.0,0
10001,39,"Oral Rehydration Salts (ORS), Sachet",2021-11-01,490,0,120,370,4.083333333333333,122.5,0.0,120.0,130.66666666666666,343.0,277.3333333333333,147.0,490.0,0.0,0
10001,39,"Oral Rehydration Salts (ORS), Sachet",2021-12-01,370,0,135,235,2.740740740740741,82.22222222222223,120.0,15.0,103.66666666666669,0.0,114.33333333333331,490.0,370.0,0.0,0
10001,39,"Oral Rehydration Salts (ORS), Sachet",2022-01-01,235,0,168,67,1.3988095238095235,41.96428571428571,135.0,33.0,85.0,0.0,114.33333333333331,370.0,235.0,0.0,1
10001,39,"Oral Rehydration Salts (ORS), Sachet",2022-02-01,67,0,67,0,1.0,30.0,168.0,-101.0,141.0,0.0,0.0,235.0,67.0,0.0,0
10001,39,"Oral Rehydration Salts (ORS), Sachet",2022-03-01,0,838,161,677,0.0,0.0,67.0,94.0,123.33333333333331,0.0,0.0,67.0,0.0,1.0,0
10001,39,"Oral Rehydration Salts (ORS), Sachet",2022-04-01,677,0,118,559,5.737288135593221,172.11864406779662,161.0,-43.0,132.0,838.0,279.3333333333333,0.0,677.0,0.0,0
10001,39,"Oral Rehydration Salts (ORS), Sachet",2022-05-01,559,0,170,389,3.288235294117647,98.6470588235294,118.0,52.0,115.33333333333331,0.0,279.3333333333333,677.0,559.0,0.0,0
10001,39,"Oral Rehydration Salts (ORS), Sachet",2022-06-01,389,0,161,228,2.4161490683229814,72.48447204968944,170.0,-9.0,149.66666666666666,0.0,279.3333333333333,559.0,389.0,0.0,0
10001,39,"Oral Rehydration Salts (ORS), Sachet",2022-07-01,228,0,210,18,1.0857142857142856,32.57142857142857,161.0,49.0,149.66666666666666,0.0,0.0,389.0,228.0,0.0,0
10001,39,"Oral Rehydration Salts (ORS), Sachet",2022-08-01,18,642,98,562,0.1836734693877551,5.510204081632653,210.0,-112.0,180.33333333333331,0.0,0.0,228.0,18.0,0.0,0
10001,39,"Oral Rehydration Salts (ORS), Sachet",2022-09-01,562,0,198,364,2.8383838383838382,85.15151515151514,98.0,100.0,156.33333333333334,642.0,214.0,18.0,562.0,0.0,0
10001,39,"Oral Rehydration Salts (ORS), Sachet",2022-11-01,364,0,184,180,1.9782608695652173,59.34782608695652,198.0,-14.0,168.66666666666666,0.0,214.0,562.0,364.0,0.0,0
10001,39,"Oral Rehydration Salts (ORS), Sachet",2022-12-01,180,518,193,505,0.932642487046632,27.979274611398964,184.0,9.0,160.0,0.0,214.0,364.0,180.0,0.0,0
10001,39,"Oral Rehydration Salts (ORS), Sachet",2023-02-01,505,0,209,296,2.416267942583732,72.48803827751196,193.0,16.0,191.66666666666663,518.0,172.66666666666666,180.0,505.0,0.0,0
10001,39,"Oral Rehydration Salts (ORS), Sachet",2023-03-01,296,0,136,160,2.176470588235294,65.29411764705881,209.0,-73.0,195.33333333333331,0.0,172.66666666666666,505.0,296.0,0.0,0
10001,39,"Oral Rehydration Salts (ORS), Sachet",2023-04-01,160,688,268,580,0.5970149253731343,17.91044776119403,136.0,132.0,179.33333333333334,0.0,172.66666666666666,296.0,160.0,0.0,0
10001,39,"Oral Rehydration Salts (ORS), Sachet",2023-05-01,580,0,192,388,3.020833333333333,90.625,268.0,-76.0,204.33333333333331,688.0,229.33333333333331,160.0,580.0,0.0,0
10001,39,"Oral Rehydration Salts (ORS), Sachet",2023-06-01,388,0,176,212,2.2045454545454546,66.13636363636364,192.0,-16.0,198.66666666666663,0.0,229.33333333333331,580.0,388.0,0.0,0
10001,39,"Oral Rehydration Salts (ORS), Sachet",2023-08-01,212,0,164,48,1.2926829268292683,38.78048780487805,176.0,-12.0,212.0,0.0,229.33333333333331,388.0,212.0,0.0,0
10001,39,"Oral Rehydration Salts (ORS), Sachet",2023-09-01,48,327,140,235,0.3428571428571428,10.285714285714286,164.0,-24.0,177.33333333333334,0.0,0.0,212.0,48.0,0.0,0
10001,39,"Oral Rehydration Salts (ORS), Sachet",2023-10-01,235,0,213,22,1.1032863849765258,33.098591549295776,140.0,73.0,160.0,327.0,109.0,48.0,235.0,0.0,0
10001,42,"Methyldopa 250mg, Tab",2019-10-01,116,0,116,0,1.0,30.0,,,,,,,,,0
10001,42,"Methyldopa 250mg, Tab",2020-01-01,0,191,46,145,0.0,0.0,116.0,-70.0,116.0,0.0,0.0,116.0,0.0,1.0,0
10001,42,"Methyldopa 250mg, Tab",2020-02-01,145,0,97,48,1.4948453608247425,44.84536082474227,46.0,51.0,81.0,191.0,95.5,0.0,145.0,0.0,0
10001,42,"Methyldopa 250mg, Tab",2020-05-01,48,376,96,328,0.5,15.0,97.0,-1.0,86.33333333333333,0.0,63.66666666666666,145.0,48.0,0.0,0
10001,42,"Methyldopa 250mg, Tab",2020-07-01,328,0,77,251,4.259740259740259,127.79220779220778,96.0,-19.0,79.66666666666667,376.0,189.0,48.0,328.0,0.0,0
10001,42,"Methyldopa 250mg, Tab",2020-08-01,251,0,114,137,2.201754385964912,66.05263157894737,77.0,37.0,90.0,0.0,125.33333333333331,328.0,251.0,0.0,0
10001,42,"Methyldopa 250mg, Tab",2020-09-01,137,0,62,75,2.2096774193548385,66.29032258064515,114.0,-52.0,95.66666666666669,0.0,125.33333333333331,251.0,137.0,0.0,0
10001,42,"Methyldopa 250mg, Tab",2020-10-01,75,0,61,14,1.2295081967213115,36.885245901639344,62.0,-1.0,84.33333333333333,0.0,0.0,137.0,75.0,0.0,1
10001,42,"Methyldopa 250mg, Tab",2020-12-01,14,0,14,0,1.0,30.0,61.0,-47.0,79.0,0.0,0.0,75.0,14.0,0.0,0
10001,42,"Methyldopa 250mg, Tab",2021-01-01,0,288,108,180,0.0,0.0,14.0,94.0,45.66666666666666,0.0,0.0,14.0,0.0,1.0,0
10001,42,"Methyldopa 250mg, Tab",2021-02-01,180,0,51,129,3.5294117647058822,105.88235294117646,108.0,-57.0,61.0,288.0,96.0,0.0,180.0,0.0,0
10001,42,"Methyldopa 250mg, Tab",2021-10-01,129,0,34,95,3.794117647058824,113.8235294117647,51.0,-17.0,57.66666666666666,0.0,96.0,180.0,129.0,0.0,0
10001,42,"Methyldopa 250mg, Tab",2021-11-01,95,0,82,13,1.1585365853658536,34.756097560975604,34.0,48.0,64.33333333333333,0.0,96.0,129.0,95.0,0.0,0
10001,42,"Methyldopa 250mg, Tab",2021-12-01,13,228,81,160,0.1604938271604938,4.814814814814815,82.0,-1.0,55.66666666666666,0.0,0.0,95.0,13.0,0.0,0
10001,42,"Methyldopa 250mg, Tab",2022-01-01,160,0,63,97,2.5396825396825395,76.19047619047619,81.0,-18.0,65.66666666666667,228.0,76.0,13.0,160.0,0.0,0
10001,42,"Methyldopa 250mg, Tab",2022-03-01,97,0,75,22,1.2933333333333332,38.8,63.0,12.0,75.33333333333333,0.0,76.0,160.0,97.0,0.0,1
10001,42,"Methyldopa 250mg, Tab",2022-04-01,22,0,22,0,1.0,30.0,75.0,-53.0,73.0,0.0,76.0,97.0,22.0,0.0,0
10001,42,"Methyldopa 250mg, Tab",2022-05-01,0,222,71,151,0.0,0.0,22.0,49.0,53.333333333333336,0.0,0.0,22.0,0.0,1.0,0
10001,42,"Methyldopa 250mg, Tab",2022-07-01,151,0,84,67,1.7976190476190477,53.92857142857143,71.0,13.0,56.0,222.0,74.0,0.0,151.0,0.0,1
10001,42,"Methyldopa 250mg, Tab",2022-08-01,67,0,67,0,1.0,30.0,84.0,-17.0,59.0,0.0,74.0,151.0,67.0,0.0,1
10001,42,"Methyldopa 250mg, Tab",2022-10-01,0,0,0,0,,,67.0,-67.0,74.0,0.0,74.0,67.0,0.0,1.0,0
10001,42,"Methyldopa 250mg, Tab",2022-11-01,0,147,81,66,0.0,0.0,0.0,81.0,50.333333333333336,0.0,0.0,0.0,0.0,1.0,1
10001,42,"Methyldopa 250mg, Tab",2023-01-01,66,0,66,0,1.0,30.0,81.0,-15.0,49.333333333333336,147.0,49.0,0.0,66.0,0.0,0
10001,42,"Methyldopa 250mg, Tab",2023-02-01,0,294,78,216,0.0,0.0,66.0,12.0,49.0,0.0,49.0,66.0,0.0,1.0,0
10001,42,"Methyldopa 250mg, Tab",2023-05-01,216,0,126,90,1.7142857142857142,51.42857142857142,78.0,48.0,75.0,294.0,147.0,0.0,216.0,0.0,0
10001,42,"Methyldopa 250mg, Tab",2023-08-01,90,130,112,108,0.8035714285714286,24.107142857142858,126.0,-14.0,90.0,0.0,98.0,216.0,90.0,0.0,0
10001,42,"Methyldopa 250mg, Tab",2023-10-01,108,0,99,9,1.0909090909090908,32.72727272727273,112.0,-13.0,105.33333333333331,130.0,141.33333333333334,90.0,108.0,0.0,0
10001,43,"Zinc Sulphate 20mg, Dispersible, Tab",2019-12-01,247,0,128,119,1.9296875,57.890625,,,,,,,,,1
10001,43,"Zinc Sulphate 20mg, Dispersible, Tab",2020-01-01,119,0,119,0,1.0,30.0,128.0,-9.0,128.0,0.0,0.0,247.0,119.0,0.0,0
10001,43,"Zinc Sulphate 20mg, Dispersible, Tab",2020-02-01,0,247,122,125,0.0,0.0,119.0,3.0,123.5,0.0,0.0,119.0,0.0,1.0,1
10001,43,"Zinc Sulphate 20mg, Dispersible, Tab",2020-03-01,125,0,125,0,1.0,30.0,122.0,3.0,123.0,247.0,82.33333333333333,0.0,125.0,0.0,1
10001,43,"Zinc Sulphate 20mg, Dispersible, Tab",2020-04-01,0,0,0,0,,,125.0,-125.0,122.0,0.0,82.33333333333333,125.0,0.0,1.0,1
10001,43,"Zinc Sulphate 20mg, Dispersible, Tab",2020-05-01,0,0,0,0,,,0.0,0.0,82.33333333333333,0.0,82.33333333333333,0.0,0.0,1.0,1
10001,43,"Zinc Sulphate 20mg, Dispersible, Tab",2020-06-01,0,0,0,0,,,0.0,0.0,41.66666666666666,0.0,0.0,0.0,0.0,1.0,0
10001,43,"Zinc Sulphate 20mg, Dispersible, Tab",2020-08-01,0,410,103,307,0.0,0.0,0.0,103.0,0.0,0.0,0.0,0.0,0.0,1.0,0
10001,43,"Zinc Sulphate 20mg, Dispersible, Tab",2020-10-01,307,0,144,163,2.1319444444444446,63.95833333333334,103.0,41.0,34.333333333333336,410.0,136.66666666666666,0.0,307.0,0.0,0
10001,43,"Zinc Sulphate 20mg, Dispersible, Tab",2020-11-01,163,0,142,21,1.147887323943662,34.436619718309856,144.0,-2.0,82.33333333333333,0.0,136.66666666666666,307.0,163.0,0.0,0
10001,43,"Zinc Sulphate 20mg, Dispersible, Tab",2020-12-01,21,317,10,328,2.1,63.0,142.0,-132.0,129.66666666666666,0.0,136.66666666666666,163.0,21.0,0.0,0
10001,43,"Zinc Sulphate 20mg, Dispersible, Tab",2021-02-01,328,0,169,159,1.940828402366864,58.22485207100591,10.0,159.0,98.66666666666669,317.0,105.66666666666669,21.0,328.0,0.0,1
10001,43,"Zinc Sulphate 20mg, Dispersible, Tab",2021-03-01,159,0,159,0,1.0,30.0,169.0,-10.0,107.0,0.0,105.66666666666669,328.0,159.0,0.0,0
10001,43,"Zinc Sulphate 20mg, Dispersible, Tab",2021-05-01,0,540,197,343,0.0,0.0,159.0,38.0,112.66666666666669,0.0,105.66666666666669,159.0,0.0,1.0,0
10001,43,"Zinc Sulphate 20mg, Dispersible, Tab",2021-06-01,343,0,148,195,2.3175675675675675,69.52702702702703,197.0,-49.0,175.0,540.0,180.0,0.0,343.0,0.0,0
10001,43,"Zinc Sulphate 20mg, Dispersible, Tab",2021-10-01,195,0,74,121,2.635135135135135,79.05405405405405,148.0,-74.0,168.0,0.0,180.0,343.0,195.0,0.0,1
10001,43,"Zinc Sulphate 20mg, Dispersible, Tab",2021-11-01,121,0,121,0,1.0,30.0,74.0,47.0,139.66666666666666,0.0,180.0,195.0,121.0,0.0,1
10001,43,"Zinc Sulphate 20mg, Dispersible, Tab",2021-12-01,0,0,0,0,,,121.0,-121.0,114.33333333333331,0.0,0.0,121.0,0.0,1.0,0
10001,43,"Zinc Sulphate 20mg, Dispersible, Tab",2022-02-01,0,456,121,335,0.0,0.0,0.0,121.0,65.0,0.0,0.0,0.0,0.0,1.0,0
10001,43,"Zinc Sulphate 20mg, Dispersible, Tab",2022-03-01,335,0,85,250,3.941176470588236,118.23529411764709,121.0,-36.0,80.66666666666667,456.0,152.0,0.0,335.0,0.0,0
10001,43,"Zinc Sulphate 20mg, Dispersible, Tab",2022-06-01,250,0,151,99,1.6556291390728477,49.66887417218543,85.0,66.0,68.66666666666667,0.0,152.0,335.0,250.0,0.0,0
10001,43,"Zinc Sulphate 20mg, Dispersible, Tab",2022-07-01,99,495,166,428,0.5963855421686747,17.89156626506024,151.0,15.0,119.0,0.0,152.0,250.0,99.0,0.0,0
10001,43,"Zinc Sulphate 20mg, Dispersible, Tab",2022-08-01,428,0,178,250,2.404494382022472,72.13483146067416,166.0,12.0,134.0,495.0,165.0,99.0,428.0,0.0,0
10001,43,"Zinc Sulphate 20mg, Dispersible, Tab",2022-09-01,250,0,64,186,3.90625,117.1875,178.0,-114.0,165.0,0.0,165.0,428.0,250.0,0.0,0
10001,43,"Zinc Sulphate 20mg, Dispersible, Tab",2022-11-01,186,0,177,9,1.0508474576271187,31.52542372881356,64.0,113.0,136.0,0.0,165.0,250.0,186.0,0.0,1
10001,43,"Zinc Sulphate 20mg, Dispersible, Tab",2023-01-01,9,0,9,0,1.0,30.0,177.0,-168.0,139.66666666666666,0.0,0.0,186.0,9.0,0.0,0
10001,43,"Zinc Sulphate 20mg, Dispersible, Tab",2023-02-01,0,311,252,59,0.0,0.0,9.0,243.0,83.33333333333333,0.0,0.0,9.0,0.0,1.0,1
10001,43,"Zinc Sulphate 20mg, Dispersible, Tab",2023-04-01,59,0,59,0,1.0,30.0,252.0,-193.0,146.0,311.0,103.66666666666669,0.0,59.0,0.0,1
10001,43,"Zinc Sulphate 20mg, Dispersible, Tab",2023-05-01,0,0,0,0,,,59.0,-59.0,106.66666666666669,0.0,103.66666666666669,59.0,0.0,1.0,1
10001,43,"Zinc Sulphate 20mg, Dispersible, Tab",2023-06-01,0,0,0,0,,,0.0,0.0,103.66666666666669,0.0,103.66666666666669,0.0,0.0,1.0,0
10001,43,"Zinc Sulphate 20mg, Dispersible, Tab",2023-07-01,0,392,101,291,0.0,0.0,0.0,101.0,19.666666666666668,0.0,0.0,0.0,0.0,1.0,0
10001,43,"Zinc Sulphate 20mg, Dispersible, Tab",2023-08-01,291,0,193,98,1.5077720207253886,45.233160621761655,101.0,92.0,33.666666666666664,392.0,130.66666666666666,0.0,291.0,0.0,1
10001,43,"Zinc Sulphate 20mg, Dispersible, Tab",2023-09-01,98,0,98,0,1.0,30.0,193.0,-95.0,98.0,0.0,130.66666666666666,291.0,98.0,0.0,1
10001,52,"Povidone Iodine 10%, Solution, Bot",2019-10-01,2,0,2,0,1.0,30.0,,,,,,,,,0
10001,52,"Povidone Iodine 10%, Solution, Bot",2019-11-01,0,7,3,4,0.0,0.0,2.0,1.0,2.0,0.0,0.0,2.0,0.0,1.0,0
10001,52,"Povidone Iodine 10%, Solution, Bot",2019-12-01,4,0,1,3,4.0,120.0,3.0,-2.0,2.5,7.0,3.5,0.0,4.0,0.0,0
10001,52,"Povidone Iodine 10%, Solution, Bot",2020-01-01,3,12,3,12,1.0,30.0,1.0,2.0,2.0,0.0,2.333333333333333,4.0,3.0,0.0,0
10001,52,"Povidone Iodine 10%, Solution, Bot",2020-02-01,12,0,2,10,6.0,180.0,3.0,-1.0,2.333333333333333,12.0,6.333333333333333,3.0,12.0,0.0,0
10001,52,"Povidone Iodine 10%, Solution, Bot",2020-03-01,10,0,1,9,10.0,300.0,2.0,-1.0,2.0,0.0,4.0,12.0,10.0,0.0,0
10001,52,"Povidone Iodine 10%, Solution, Bot",2020-04-01,9,0,3,6,3.0,90.0,1.0,2.0,2.0,0.0,4.0,10.0,9.0,0.0,0
10001,52,"Povidone Iodine 10%, Solution, Bot",2020-05-01,6,0,4,2,1.5,45.0,3.0,1.0,2.0,0.0,0.0,9.0,6.0,0.0,0
10001,52,"Povidone Iodine 10%, Solution, Bot",2020-06-01,2,7,1,8,2.0,60.0,4.0,-3.0,2.6666666666666665,0.0,0.0,6.0,2.0,0.0,0
10001,52,"Povidone Iodine 10%, Solution, Bot",2020-07-01,8,0,2,6,4.0,120.0,1.0,1.0,2.6666666666666665,7.0,2.333333333333333,2.0,8.0,0.0,0
10001,52,"Povidone Iodine 10%, Solution, Bot",2020-10-01,6,0,0,6,,,2.0,-2.0,2.333333333333333,0.0,2.333333333333333,8.0,6.0,0.0,0
10001,52,"Povidone Iodine 10%, Solution, Bot",2020-11-01,6,0,4,2,1.5,45.0,0.0,4.0,1.0,0.0,2.333333333333333,6.0,6.0,0.0,0
10001,52,"Povidone Iodine 10%, Solution, Bot",2020-12-01,2,6,2,6,1.0,30.0,4.0,-2.0,2.0,0.0,0.0,6.0,2.0,0.0,0
10001,52,"Povidone Iodine 10%, Solution, Bot",2021-01-01,6,0,2,4,3.0,90.0,2.0,0.0,2.0,6.0,2.0,2.0,6.0,0.0,0
10001,52,"Povidone Iodine 10%, Solution, Bot",2021-02-01,4,0,1,3,4.0,120.0,2.0,-1.0,2.6666666666666665,0.0,2.0,6.0,4.0,0.0,0
10001,52,"Povidone Iodine 10%, Solution, Bot",2021-03-01,3,8,2,9,1.5,45.0,1.0,1.0,1.6666666666666667,0.0,2.0,4.0,3.0,0.0,0
10001,52,"Povidone Iodine 10%, Solution, Bot",2021-04-01,9,0,2,7,4.5,135.0,2.0,0.0,1.6666666666666667,8.0,2.6666666666666665,3.0,9.0,0.0,0
10001,52,"Povidone Iodine 10%, Solution, Bot",2021-05-01,7,0,3,4,2.333333333333333,70.0,2.0,1.0,1.6666666666666667,0.0,2.6666666666666665,9.0,7.0,0.0,0
10001,52,"Povidone Iodine 10%, Solution, Bot",2021-06-01,4,0,3,1,1.3333333333333333,40.0,3.0,0.0,2.333333333333333,0.0,2.6666666666666665,7.0,4.0,0.0,0
10001,52,"Povidone Iodine 10%, Solution, Bot",2021-07-01,1,12,4,9,0.25,7.5,3.0,1.0,2.6666666666666665,0.0,0.0,4.0,1.0,0.0,0
10001,52,"Povidone Iodine 10%, Solution, Bot",2021-08-01,9,0,2,7,4.5,135.0,4.0,-2.0,3.333333333333333,12.0,4.0,1.0,9.0,0.0,0
10001,52,"Povidone Iodine 10%, Solution, Bot",2021-09-01,7,0,4,3,1.75,52.5,2.0,2.0,3.0,0.0,4.0,9.0,7.0,0.0,0
10001,52,"Povidone Iodine 10%, Solution, Bot",2021-10-01,3,0,2,1,1.5,45.0,4.0,-2.0,3.333333333333333,0.0,4.0,7.0,3.0,0.0,0
10001,52,"Povidone Iodine 10%, Solution, Bot",2021-11-01,1,3,0,4,,,2.0,-2.0,2.6666666666666665,0.0,0.0,3.0,1.0,0.0,0
10001,52,"Povidone Iodine 10%, Solution, Bot",2021-12-01,4,0,0,4,,,0.0,0.0,2.0,3.0,1.0,1.0,4.0,0.0,1
10001,52,"Povidone Iodine 10%, Solution, Bot",2022-01-01,4,0,4,0,1.0,30.0,0.0,4.0,0.6666666666666666,0.0,1.0,4.0,4.0,0.0,0
10001,52,"Povidone Iodine 10%, Solution, Bot",2022-02-01,0,10,2,8,0.0,0.0,4.0,-2.0,1.3333333333333333,0.0,1.0,4.0,0.0,1.0,0
10001,52,"Povidone Iodine 10%, Solution, Bot",2022-03-01,8,0,2,6,4.0,120.0,2.0,0.0,2.0,10.0,3.333333333333333,0.0,8.0,0.0,0
10001,52,"Povidone Iodine 10%, Solution, Bot",2022-06-01,6,0,1,5,6.0,180.0,2.0,-1.0,2.6666666666666665,0.0,3.333333333333333,8.0,6.0,0.0,0
10001,52,"Povidone Iodine 10%, Solution, Bot",2022-07-01,5,0,2,3,2.5,75.0,1.0,1.0,1.6666666666666667,0.0,3.333333333333333,6.0,5.0,0.0,0
10001,52,"Povidone Iodine 10%, Solution, Bot",2022-08-01,3,0,0,3,,,2.0,-2.0,1.6666666666666667,0.0,0.0,5.0,3.0,0.0,0
10001,52,"Povidone Iodine 10%, Solution, Bot",2022-09-01,3,0,2,1,1.5,45.0,0.0,2.0,1.0,0.0,0.0,3.0,3.0,0.0,0
10001,52,"Povidone Iodine 10%, Solution, Bot",2022-10-01,1,7,4,4,0.25,7.5,2.0,2.0,1.3333333333333333,0.0,0.0,3.0,1.0,0.0,0
10001,52,"Povidone Iodine 10%, Solution, Bot",2022-11-01,4,0,3,1,1.3333333333333333,40.0,4.0,-1.0,2.0,7.0,2.333333333333333,1.0,4.0,0.0,0
10001,52,"Povidone Iodine 10%, Solution, Bot",2022-12-01,1,11,3,9,0.3333333333333333,10.0,3.0,0.0,3.0,0.0,2.333333333333333,4.0,1.0,0.0,0
10001,52,"Povidone Iodine 10%, Solution, Bot",2023-01-01,9,0,3,6,3.0,90.0,3.0,0.0,3.333333333333333,11.0,6.0,1.0,9.0,0.0,0
10001,52,"Povidone Iodine 10%, Solution, Bot",2023-02-01,6,0,4,2,1.5,45.0,3.0,1.0,3.0,0.0,3.6666666666666665,9.0,6.0,0.0,0
10001,52,"Povidone Iodine 10%, Solution, Bot",2023-03-01,2,9,1,10,2.0,60.0,4.0,-3.0,3.333333333333333,0.0,3.6666666666666665,6.0,2.0,0.0,0
10001,52,"Povidone Iodine 10%, Solution, Bot",2023-04-01,10,0,3,7,3.333333333333333,100.0,1.0,2.0,2.6666666666666665,9.0,3.0,2.0,10.0,0.0,0
10001,52,"Povidone Iodine 10%, Solution, Bot",2023-05-01,7,0,0,7,,,3.0,-3.0,2.6666666666666665,0.0,3.0,10.0,7.0,0.0,0
10001,52,"Povidone Iodine 10%, Solution, Bot",2023-06-01,7,0,3,4,2.333333333333333,70.0,0.0,3.0,1.3333333333333333,0.0,3.0,7.0,7.0,0.0,0
10001,52,"Povidone Iodine 10%, Solution, Bot",2023-07-01,4,0,1,3,4.0,120.0,3.0,-2.0,2.0,0.0,0.0,7.0,4.0,0.0,1
10001,52,"Povidone Iodine 10%, Solution, Bot",2023-09-01,3,0,3,0,1.0,30.0,1.0,2.0,1.3333333333333333,0.0,0.0,4.0,3.0,0.0,1
10001,52,"Povidone Iodine 10%, Solution, Bot",2023-10-01,0,0,0,0,,,3.0,-3.0,2.333333333333333,0.0,0.0,3.0,0.0,1.0,1
10002,19,"Ferrous Sulphate 200mg, Tab",2019-11-01,584,4910,783,4711,0.7458492975734355,22.375478927203066,,,,,,,,,0
10002,19,"Ferrous Sulphate 200mg, Tab",2019-12-01,4711,0,1261,3450,3.735923869944489,112.07771609833466,783.0,478.0,783.0,4910.0,4910.0,584.0,4711.0,0.0,0
10002,19,"Ferrous Sulphate 200mg, Tab",2020-01-01,3450,0,1183,2267,2.916314454775993,87.4894336432798,1261.0,-78.0,1022.0,0.0,2455.0,4711.0,3450.0,0.0,0
10002,19,"Ferrous Sulphate 200mg, Tab",2020-02-01,2267,0,1225,1042,1.8506122448979592,55.51836734693877,1183.0,42.0,1075.6666666666667,0.0,1636.6666666666667,3450.0,2267.0,0.0,0
10002,19,"Ferrous Sulphate 200mg, Tab",2020-03-01,1042,3045,866,3221,1.2032332563510393,36.096997690531175,1225.0,-359.0,1223.0,0.0,0.0,2267.0,1042.0,0.0,0
10002,19,"Ferrous Sulphate 200mg, Tab",2020-04-01,3221,0,1391,1830,2.3156002875629045,69.46800862688714,866.0,525.0,1091.3333333333333,3045.0,1015.0,1042.0,3221.0,0.0,0
10002,19,"Ferrous Sulphate 200mg, Tab",2020-06-01,1830,0,913,917,2.004381161007667,60.13143483023001,1391.0,-478.0,1160.6666666666667,0.0,1015.0,3221.0,1830.0,0.0,0
10002,19,"Ferrous Sulphate 200mg, Tab",2020-07-01,917,4779,638,5058,1.4373040752351096,43.11912225705329,913.0,-275.0,1056.6666666666667,0.0,1015.0,1830.0,917.0,0.0,0
10002,19,"Ferrous Sulphate 200mg, Tab",2020-08-01,5058,0,495,4563,10.21818181818182,306.54545454545456,638.0,-143.0,980.6666666666666,4779.0,1593.0,917.0,5058.0,0.0,0
10002,19,"Ferrous Sulphate 200mg, Tab",2020-10-01,4563,0,461,4102,9.898047722342731,296.941431670282,495.0,-34.0,682.0,0.0,1593.0,5058.0,4563.0,0.0,0
10002,19,"Ferrous Sulphate 200mg, Tab",2020-11-01,4102,0,1188,2914,3.452861952861953,103.5858585858586,461.0,727.0,531.3333333333334,0.0,1593.0,4563.0,4102.0,0.0,0
10002,19,"Ferrous Sulphate 200mg, Tab",2020-12-01,2914,0,1119,1795,2.604110813226095,78.12332439678285,1188.0,-69.0,714.6666666666666,0.0,0.0,4102.0,2914.0,0.0,0
10002,19,"Ferrous Sulphate 200mg, Tab",2021-01-01,1795,0,1597,198,1.123982467125861,33.71947401377583,1119.0,478.0,922.6666666666666,0.0,0.0,2914.0,1795.0,0.0,0
10002,19,"Ferrous Sulphate 200mg, Tab",2021-02-01,198,3005,0,3203,,,1597.0,-1597.0,1301.3333333333333,0.0,0.0,1795.0,198.0,0.0,0
10002,19,"Ferrous Sulphate 200mg, Tab",2021-03-01,3203,0,1088,2115,2.943933823529412,88.31801470588235,0.0,1088.0,905.3333333333334,3005.0,1001.6666666666666,198.0,3203.0,0.0,0
10002,19,"Ferrous Sulphate 200mg, Tab",2021-04-01,2115,0,652,1463,3.2438650306748467,97.3159509202454,1088.0,-436.0,895.0,0.0,1001.6666666666666,3203.0,2115.0,0.0,0
10002,19,"Ferrous Sulphate 200mg, Tab",2021-05-01,1463,0,715,748,2.046153846153846,61.38461538461538,652.0,63.0,580.0,0.0,1001.6666666666666,2115.0,1463.0,0.0,0
10002,19,"Ferrous Sulphate 200mg, Tab",2021-06-01,748,2161,1598,1311,0.4680851063829787,14.04255319148936,715.0,883.0,818.3333333333334,0.0,0.0,1463.0,748.0,0.0,1
10002,19,"Ferrous Sulphate 200mg, Tab",2021-07-01,1311,0,1311,0,1.0,30.0,1598.0,-287.0,988.3333333333334,2161.0,720.3333333333334,748.0,1311.0,0.0,1
10002,19,"Ferrous Sulphate 200mg, Tab",2021-08-01,0,0,0,0,,,1311.0,-1311.0,1208.0,0.0,720.3333333333334,1311.0,0.0,1.0,0
10002,19,"Ferrous Sulphate 200mg, Tab",2021-10-01,0,1814,934,880,0.0,0.0,0.0,934.0,969.6666666666666,0.0,720.3333333333334,0.0,0.0,1.0,1
10002,19,"Ferrous Sulphate 200mg, Tab",2021-11-01,880,0,880,0,1.0,30.0,934.0,-54.0,748.3333333333334,1814.0,604.6666666666666,0.0,880.0,0.0,0
10002,19,"Ferrous Sulphate 200mg, Tab",2021-12-01,0,4533,1050,3483,0.0,0.0,880.0,170.0,604.6666666666666,0.0,604.6666666666666,880.0,0.0,1.0,0
10002,19,"Ferrous Sulphate 200mg, Tab",2022-01-01,3483,0,475,3008,7.332631578947368,219.97894736842105,1050.0,-575.0,954.6666666666666,4533.0,2115.6666666666665,0.0,3483.0,0.0,0
10002,19,"Ferrous Sulphate 200mg, Tab",2022-03-01,3008,0,739,2269,4.070365358592693,122.1109607577808,475.0,264.0,801.6666666666666,0.0,1511.0,3483.0,3008.0,0.0,0
10002,19,"Ferrous Sulphate 200mg, Tab",2022-04-01,2269,0,1420,849,1.597887323943662,47.936619718309856,739.0,681.0,754.6666666666666,0.0,1511.0,3008.0,2269.0,0.0,1
10002,19,"Ferrous Sulphate 200mg, Tab",2022-05-01,849,0,849,0,1.0,30.0,1420.0,-571.0,878.0,0.0,0.0,2269.0,849.0,0.0,0
10002,19,"Ferrous Sulphate 200mg, Tab",2022-06-01,0,3989,1197,2792,0.0,0.0,849.0,348.0,1002.6666666666666,0.0,0.0,849.0,0.0,1.0,0
10002,19,"Ferrous Sulphate 200mg, Tab",2022-07-01,2792,0,1357,1435,2.0574797347089167,61.7243920412675,1197.0,160.0,1155.3333333333333,3989.0,1329.6666666666667,0.0,2792.0,0.0,0
10002,19,"Ferrous Sulphate 200mg, Tab",2022-08-01,1435,0,1295,140,1.108108108108108,33.24324324324324,1357.0,-62.0,1134.3333333333333,0.0,1329.6666666666667,2792.0,1435.0,0.0,0
10002,19,"Ferrous Sulphate 200mg, Tab",2022-09-01,140,1976,953,1163,0.1469045120671563,4.4071353620146905,1295.0,-342.0,1283.0,0.0,1329.6666666666667,1435.0,140.0,0.0,0
10002,19,"Ferrous Sulphate 200mg, Tab",2022-10-01,1163,3191,1141,3213,1.0192813321647678,30.578439964943037,953.0,188.0,1201.6666666666667,1976.0,658.6666666666666,140.0,1163.0,0.0,0
10002,19,"Ferrous Sulphate 200mg, Tab",2022-12-01,3213,0,1467,1746,2.1901840490797544,65.70552147239263,1141.0,326.0,1129.6666666666667,3191.0,1722.3333333333333,1163.0,3213.0,0.0,0
10002,19,"Ferrous Sulphate 200mg, Tab",2023-01-01,1746,0,1186,560,1.472175379426644,44.16526138279932,1467.0,-281.0,1187.0,0.0,1722.3333333333333,3213.0,1746.0,0.0,0
10002,19,"Ferrous Sulphate 200mg, Tab",2023-02-01,560,1768,1584,744,0.3535353535353535,10.606060606060606,1186.0,398.0,1264.6666666666667,0.0,1063.6666666666667,1746.0,560.0,0.0,0
10002,19,"Ferrous Sulphate 200mg, Tab",2023-04-01,744,1803,940,1607,0.7914893617021277,23.74468085106383,1584.0,-644.0,1412.3333333333333,1768.0,589.3333333333334,560.0,744.0,0.0,0
10002,19,"Ferrous Sulphate 200mg, Tab",2023-05-01,1607,0,1014,593,1.5848126232741615,47.54437869822485,940.0,74.0,1236.6666666666667,1803.0,1190.3333333333333,744.0,1607.0,0.0,0
10002,19,"Ferrous Sulphate 200mg, Tab",2023-06-01,593,4738,1594,3737,0.3720200752823087,11.16060225846926,1014.0,580.0,1179.3333333333333,0.0,1190.3333333333333,1607.0,593.0,0.0,0
10002,19,"Ferrous Sulphate 200mg, Tab",2023-07-01,3737,0,1712,2025,2.1828271028037385,65.48481308411215,1594.0,118.0,1182.6666666666667,4738.0,2180.333333333333,593.0,3737.0,0.0,0
10002,19,"Ferrous Sulphate 200mg, Tab",2023-08-01,2025,0,1408,617,1.4382102272727273,43.14630681818182,1712.0,-304.0,1440.0,0.0,1579.3333333333333,3737.0,2025.0,0.0,1
10002,19,"Ferrous Sulphate 200mg, Tab",2023-10-01,617,0,617,0,1.0,30.0,1408.0,-791.0,1571.3333333333333,0.0,1579.3333333333333,2025.0,617.0,0.0,1
10002,20,"Water for Injection 10ml, Inj, Amp",2019-10-01,85,0,15,70,5.666666666666667,170.0,,,,,,,,,1
10002,20,"Water for Injection 10ml, Inj, Amp",2019-11-01,70,0,70,0,1.0,30.0,15.0,55.0,15.0,0.0,0.0,85.0,70.0,0.0,1
10002,20,"Water for Injection 10ml, Inj, Amp",2019-12-01,0,0,0,0,,,70.0,-70.0,42.5,0.0,0.0,70.0,0.0,1.0,1
10002,20,"Water for Injection 10ml, Inj, Amp",2020-01-01,0,0,0,0,,,0.0,0.0,28.33333333333333,0.0,0.0,0.0,0.0,1.0,0
10002,20,"Water for Injection 10ml, Inj, Amp",2020-02-01,0,176,88,88,0.0,0.0,0.0,88.0,23.33333333333333,0.0,0.0,0.0,0.0,1.0,0
10002,20,"Water for Injection 10ml, Inj, Amp",2020-05-01,88,0,35,53,2.5142857142857142,75.42857142857143,88.0,-53.0,29.33333333333333,176.0,58.66666666666666,0.0,88.0,0.0,0
10002,20,"Water for Injection 10ml, Inj, Amp",2020-06-01,53,129,23,159,2.3043478260869565,69.1304347826087,35.0,-12.0,41.0,0.0,58.66666666666666,88.0,53.0,0.0,0
10002,20,"Water for Injection 10ml, Inj, Amp",2020-07-01,159,0,52,107,3.0576923076923075,91.73076923076924,23.0,29.0,48.66666666666666,129.0,101.66666666666669,53.0,159.0,0.0,0
10002,20,"Water for Injection 10ml, Inj, Amp",2020-08-01,107,0,30,77,3.566666666666667,107.0,52.0,-22.0,36.66666666666666,0.0,43.0,159.0,107.0,0.0,0
10002,20,"Water for Injection 10ml, Inj, Amp",2020-09-01,77,0,29,48,2.655172413793104,79.65517241379311,30.0,-1.0,35.0,0.0,43.0,107.0,77.0,0.0,0
10002,20,"Water for Injection 10ml, Inj, Amp",2021-01-01,48,145,40,153,1.2,36.0,29.0,11.0,37.0,0.0,0.0,77.0,48.0,0.0,0
10002,20,"Water for Injection 10ml, Inj, Amp",2021-02-01,153,0,48,105,3.1875,95.625,40.0,8.0,33.0,145.0,48.333333333333336,48.0,153.0,0.0,0
10002,20,"Water for Injection 10ml, Inj, Amp",2021-03-01,105,0,8,97,13.125,393.75,48.0,-40.0,39.0,0.0,48.333333333333336,153.0,105.0,0.0,0
10002,20,"Water for Injection 10ml, Inj, Amp",2021-05-01,97,0,55,42,1.7636363636363637,52.90909090909091,8.0,47.0,32.0,0.0,48.333333333333336,105.0,97.0,0.0,0
10002,20,"Water for Injection 10ml, Inj, Amp",2021-06-01,42,147,64,125,0.65625,19.6875,55.0,9.0,37.0,0.0,0.0,97.0,42.0,0.0,0
10002,20,"Water for Injection 10ml, Inj, Amp",2021-07-01,125,0,57,68,2.192982456140351,65.78947368421053,64.0,-7.0,42.333333333333336,147.0,49.0,42.0,125.0,0.0,0
10002,20,"Water for Injection 10ml, Inj, Amp",2021-09-01,68,0,46,22,1.4782608695652173,44.34782608695652,57.0,-11.0,58.66666666666666,0.0,49.0,125.0,68.0,0.0,1
10002,20,"Water for Injection 10ml, Inj, Amp",2021-12-01,22,0,22,0,1.0,30.0,46.0,-24.0,55.66666666666666,0.0,49.0,68.0,22.0,0.0,0
10002,20,"Water for Injection 10ml, Inj, Amp",2022-02-01,0,167,77,90,0.0,0.0,22.0,55.0,41.66666666666666,0.0,0.0,22.0,0.0,1.0,0
10002,20,"Water for Injection 10ml, Inj, Amp",2022-03-01,90,0,64,26,1.40625,42.1875,77.0,-13.0,48.333333333333336,167.0,55.66666666666666,0.0,90.0,0.0,1
10002,20,"Water for Injection 10ml, Inj, Amp",2022-04-01,26,0,26,0,1.0,30.0,64.0,-38.0,54.333333333333336,0.0,55.66666666666666,90.0,26.0,0.0,1
10002,20,"Water for Injection 10ml, Inj, Amp",2022-05-01,0,0,0,0,,,26.0,-26.0,55.66666666666666,0.0,55.66666666666666,26.0,0.0,1.0,0
10002,20,"Water for Injection 10ml, Inj, Amp",2022-10-01,0,190,57,133,0.0,0.0,0.0,57.0,30.0,0.0,0.0,0.0,0.0,1.0,0
10002,20,"Water for Injection 10ml, Inj, Amp",2022-12-01,133,0,35,98,3.8,114.0,57.0,-22.0,27.666666666666668,190.0,63.333333333333336,0.0,133.0,0.0,0
10002,20,"Water for Injection 10ml, Inj, Amp",2023-01-01,98,0,61,37,1.6065573770491803,48.19672131147541,35.0,26.0,30.666666666666668,0.0,63.333333333333336,133.0,98.0,0.0,1
10002,20,"Water for Injection 10ml, Inj, Amp",2023-02-01,37,0,37,0,1.0,30.0,61.0,-24.0,51.0,0.0,63.333333333333336,98.0,37.0,0.0,0
10002,20,"Water for Injection 10ml, Inj, Amp",2023-03-01,0,114,23,91,0.0,0.0,37.0,-14.0,44.333333333333336,0.0,0.0,37.0,0.0,1.0,0
10002,20,"Water for Injection 10ml, Inj, Amp",2023-04-01,91,0,69,22,1.318840579710145,39.56521739130435,23.0,46.0,40.333333333333336,114.0,38.0,0.0,91.0,0.0,0
10002,20,"Water for Injection 10ml, Inj, Amp",2023-05-01,22,204,44,182,0.5,15.0,69.0,-25.0,43.0,0.0,38.0,91.0,22.0,0.0,0
10002,20,"Water for Injection 10ml, Inj, Amp",2023-07-01,182,0,39,143,4.666666666666667,140.0,44.0,-5.0,45.333333333333336,204.0,106.0,22.0,182.0,0.0,0
10002,20,"Water for Injection 10ml, Inj, Amp",2023-09-01,143,0,68,75,2.1029411764705883,63.08823529411765,39.0,29.0,50.66666666666666,0.0,68.0,182.0,143.0,0.0,0
10002,20,"Water for Injection 10ml, Inj, Amp",2023-10-01,75,0,53,22,1.4150943396226414,42.45283018867924,68.0,-15.0,50.333333333333336,0.0,68.0,143.0,75.0,0.0,0
10002,21,"Neomycin & Bacitracin 0.5% & 500IU/g, Ointment, 15g, Tube",2019-10-01,6,0,3,3,2.0,60.0,,,,,,,,,0
10002,21,"Neomycin & Bacitracin 0.5% & 500IU/g, Ointment, 15g, Tube",2019-11-01,3,7,0,10,,,3.0,-3.0,3.0,0.0,0.0,6.0,3.0,0.0,0
10002,21,"Neomycin & Bacitracin 0.5% & 500IU/g, Ointment, 15g, Tube",2019-12-01,10,0,4,6,2.5,75.0,0.0,4.0,1.5,7.0,3.5,3.0,10.0,0.0,0
10002,21,"Neomycin & Bacitracin 0.5% & 500IU/g, Ointment, 15g, Tube",2020-01-01,6,0,3,3,2.0,60.0,4.0,-1.0,2.333333333333333,0.0,2.333333333333333,10.0,6.0,0.0,0
10002,21,"Neomycin & Bacitracin 0.5% & 500IU/g, Ointment, 15g, Tube",2020-02-01,3,7,0,10,,,3.0,-3.0,2.333333333333333,0.0,2.333333333333333,6.0,3.0,0.0,0
10002,21,"Neomycin & Bacitracin 0.5% & 500IU/g, Ointment, 15g, Tube",2020-03-01,10,0,1,9,10.0,300.0,0.0,1.0,2.333333333333333,7.0,2.333333333333333,3.0,10.0,0.0,0
10002,21,"Neomycin & Bacitracin 0.5% & 500IU/g, Ointment, 15g, Tube",2020-04-01,9,0,3,6,3.0,90.0,1.0,2.0,1.3333333333333333,0.0,2.333333333333333,10.0,9.0,0.0,0
10002,21,"Neomycin & Bacitracin 0.5% & 500IU/g, Ointment, 15g, Tube",2020-05-01,6,0,4,2,1.5,45.0,3.0,1.0,1.3333333333333333,0.0,2.333333333333333,9.0,6.0,0.0,1
10002,21,"Neomycin & Bacitracin 0.5% & 500IU/g, Ointment, 15g, Tube",2020-06-01,2,0,2,0,1.0,30.0,4.0,-2.0,2.6666666666666665,0.0,0.0,6.0,2.0,0.0,1
10002,21,"Neomycin & Bacitracin 0.5% & 500IU/g, Ointment, 15g, Tube",2020-07-01,0,0,0,0,,,2.0,-2.0,3.0,0.0,0.0,2.0,0.0,1.0,0
10002,21,"Neomycin & Bacitracin 0.5% & 500IU/g, Ointment, 15g, Tube",2020-08-01,0,7,5,2,0.0,0.0,0.0,5.0,2.0,0.0,0.0,0.0,0.0,1.0,1
10002,21,"Neomycin & Bacitracin 0.5% & 500IU/g, Ointment, 15g, Tube",2020-09-01,2,0,2,0,1.0,30.0,5.0,-3.0,2.333333333333333,7.0,2.333333333333333,0.0,2.0,0.0,1
10002,21,"Neomycin & Bacitracin 0.5% & 500IU/g, Ointment, 15g, Tube",2020-10-01,0,0,0,0,,,2.0,-2.0,2.333333333333333,0.0,2.333333333333333,2.0,0.0,1.0,0
10002,21,"Neomycin & Bacitracin 0.5% & 500IU/g, Ointment, 15g, Tube",2020-11-01,0,6,3,3,0.0,0.0,0.0,3.0,2.333333333333333,0.0,2.333333333333333,0.0,0.0,1.0,1
10002,21,"Neomycin & Bacitracin 0.5% & 500IU/g, Ointment, 15g, Tube",2021-01-01,3,0,3,0,1.0,30.0,3.0,0.0,1.6666666666666667,6.0,2.0,0.0,3.0,0.0,0
10002,21,"Neomycin & Bacitracin 0.5% & 500IU/g, Ointment, 15g, Tube",2021-02-01,0,7,4,3,0.0,0.0,3.0,1.0,2.0,0.0,2.0,3.0,0.0,1.0,1
10002,21,"Neomycin & Bacitracin 0.5% & 500IU/g, Ointment, 15g, Tube",2021-03-01,3,0,3,0,1.0,30.0,4.0,-1.0,3.333333333333333,7.0,4.333333333333333,0.0,3.0,0.0,1
10002,21,"Neomycin & Bacitracin 0.5% & 500IU/g, Ointment, 15g, Tube",2021-04-01,0,0,0,0,,,3.0,-3.0,3.333333333333333,0.0,2.333333333333333,3.0,0.0,1.0,0
10002,21,"Neomycin & Bacitracin 0.5% & 500IU/g, Ointment, 15g, Tube",2021-05-01,0,15,6,9,0.0,0.0,0.0,6.0,2.333333333333333,0.0,2.333333333333333,0.0,0.0,1.0,0
10002,21,"Neomycin & Bacitracin 0.5% & 500IU/g, Ointment, 15g, Tube",2021-06-01,9,0,2,7,4.5,135.0,6.0,-4.0,3.0,15.0,5.0,0.0,9.0,0.0,0
10002,21,"Neomycin & Bacitracin 0.5% & 500IU/g, Ointment, 15g, Tube",2021-07-01,7,0,3,4,2.333333333333333,70.0,2.0,1.0,2.6666666666666665,0.0,5.0,9.0,7.0,0.0,1
10002,21,"Neomycin & Bacitracin 0.5% & 500IU/g, Ointment, 15g, Tube",2021-08-01,4,0,4,0,1.0,30.0,3.0,1.0,3.6666666666666665,0.0,5.0,7.0,4.0,0.0,0
10002,21,"Neomycin & Bacitracin 0.5% & 500IU/g, Ointment, 15g, Tube",2021-09-01,0,14,3,11,0.0,0.0,4.0,-1.0,3.0,0.0,0.0,4.0,0.0,1.0,0
10002,21,"Neomycin & Bacitracin 0.5% & 500IU/g, Ointment, 15g, Tube",2021-10-01,11,0,0,11,,,3.0,-3.0,3.333333333333333,14.0,4.666666666666667,0.0,11.0,0.0,0
10002,21,"Neomycin & Bacitracin 0.5% & 500IU/g, Ointment, 15g, Tube",2021-11-01,11,0,0,11,,,0.0,0.0,2.333333333333333,0.0,4.666666666666667,11.0,11.0,0.0,0
10002,21,"Neomycin & Bacitracin 0.5% & 500IU/g, Ointment, 15g, Tube",2021-12-01,11,0,3,8,3.6666666666666665,110.0,0.0,3.0,1.0,0.0,4.666666666666667,11.0,11.0,0.0,0
10002,21,"Neomycin & Bacitracin 0.5% & 500IU/g, Ointment, 15g, Tube",2022-01-01,8,0,3,5,2.6666666666666665,80.0,3.0,0.0,1.0,0.0,0.0,11.0,8.0,0.0,0
10002,21,"Neomycin & Bacitracin 0.5% & 500IU/g, Ointment, 15g, Tube",2022-02-01,5,0,2,3,2.5,75.0,3.0,-1.0,2.0,0.0,0.0,8.0,5.0,0.0,0
10002,21,"Neomycin & Bacitracin 0.5% & 500IU/g, Ointment, 15g, Tube",2022-03-01,3,11,4,10,0.75,22.5,2.0,2.0,2.6666666666666665,0.0,0.0,5.0,3.0,0.0,0
10002,21,"Neomycin & Bacitracin 0.5% & 500IU/g, Ointment, 15g, Tube",2022-04-01,10,0,4,6,2.5,75.0,4.0,0.0,3.0,11.0,3.6666666666666665,3.0,10.0,0.0,0
10002,21,"Neomycin & Bacitracin 0.5% & 500IU/g, Ointment, 15g, Tube",2022-06-01,6,0,3,3,2.0,60.0,4.0,-1.0,3.333333333333333,0.0,3.6666666666666665,10.0,6.0,0.0,0
10002,21,"Neomycin & Bacitracin 0.5% & 500IU/g, Ointment, 15g, Tube",2022-08-01,3,17,3,17,1.0,30.0,3.0,0.0,3.6666666666666665,0.0,3.6666666666666665,6.0,3.0,0.0,0
10002,21,"Neomycin & Bacitracin 0.5% & 500IU/g, Ointment, 15g, Tube",2022-09-01,17,0,3,14,5.666666666666667,170.0,3.0,0.0,3.333333333333333,17.0,5.666666666666667,3.0,17.0,0.0,0
10002,21,"Neomycin & Bacitracin 0.5% & 500IU/g, Ointment, 15g, Tube",2022-10-01,14,0,4,10,3.5,105.0,3.0,1.0,3.0,0.0,5.666666666666667,17.0,14.0,0.0,0
10002,21,"Neomycin & Bacitracin 0.5% & 500IU/g, Ointment, 15g, Tube",2022-11-01,10,0,3,7,3.333333333333333,100.0,4.0,-1.0,3.333333333333333,0.0,5.666666666666667,14.0,10.0,0.0,0
10002,21,"Neomycin & Bacitracin 0.5% & 500IU/g, Ointment, 15g, Tube",2023-01-01,7,0,4,3,1.75,52.5,3.0,1.0,3.333333333333333,0.0,0.0,10.0,7.0,0.0,0
10002,21,"Neomycin & Bacitracin 0.5% & 500IU/g, Ointment, 15g, Tube",2023-02-01,3,13,0,16,,,4.0,-4.0,3.6666666666666665,0.0,0.0,7.0,3.0,0.0,0
10002,21,"Neomycin & Bacitracin 0.5% & 500IU/g, Ointment, 15g, Tube",2023-03-01,16,0,3,13,5.333333333333333,160.0,0.0,3.0,2.333333333333333,13.0,4.333333333333333,3.0,16.0,0.0,0
10002,21,"Neomycin & Bacitracin 0.5% & 500IU/g, Ointment, 15g, Tube",2023-04-01,13,0,1,12,13.0,390.0,3.0,-2.0,2.333333333333333,0.0,4.333333333333333,16.0,13.0,0.0,0
10002,21,"Neomycin & Bacitracin 0.5% & 500IU/g, Ointment, 15g, Tube",2023-05-01,12,0,5,7,2.4,72.0,1.0,4.0,1.3333333333333333,0.0,4.333333333333333,13.0,12.0,0.0,0
10002,21,"Neomycin & Bacitracin 0.5% & 500IU/g, Ointment, 15g, Tube",2023-06-01,7,0,4,3,1.75,52.5,5.0,-1.0,3.0,0.0,0.0,12.0,7.0,0.0,0
10002,21,"Neomycin & Bacitracin 0.5% & 500IU/g, Ointment, 15g, Tube",2023-07-01,3,16,3,16,1.0,30.0,4.0,-1.0,3.333333333333333,0.0,0.0,7.0,3.0,0.0,0
10002,21,"Neomycin & Bacitracin 0.5% & 500IU/g, Ointment, 15g, Tube",2023-08-01,16,0,0,16,,,3.0,-3.0,4.0,16.0,5.333333333333333,3.0,16.0,0.0,0
10002,21,"Neomycin & Bacitracin 0.5% & 500IU/g, Ointment, 15g, Tube",2023-09-01,16,0,2,14,8.0,240.0,0.0,2.0,2.333333333333333,0.0,5.333333333333333,16.0,16.0,0.0,0
10002,21,"Neomycin & Bacitracin 0.5% & 500IU/g, Ointment, 15g, Tube",2023-10-01,14,0,4,10,3.5,105.0,2.0,2.0,1.6666666666666667,0.0,5.333333333333333,16.0,14.0,0.0,0
10002,22,"Salbutamol 100mcg/dose, Aerosol, Inhaler",2019-10-01,3,0,1,2,3.0,90.0,,,,,,,,,0
10002,22,"Salbutamol 100mcg/dose, Aerosol, Inhaler",2019-12-01,2,11,0,13,,,1.0,-1.0,1.0,0.0,0.0,3.0,2.0,0.0,0
10002,22,"Salbutamol 100mcg/dose, Aerosol, Inhaler",2020-01-01,13,0,3,10,4.333333333333333,130.0,0.0,3.0,0.5,11.0,5.5,2.0,13.0,0.0,0
10002,22,"Salbutamol 100mcg/dose, Aerosol, Inhaler",2020-02-01,10,0,3,7,3.333333333333333,100.0,3.0,0.0,1.3333333333333333,0.0,3.6666666666666665,13.0,10.0,0.0,0
10002,22,"Salbutamol 100mcg/dose, Aerosol, Inhaler",2020-04-01,7,0,4,3,1.75,52.5,3.0,1.0,2.0,0.0,3.6666666666666665,10.0,7.0,0.0,0
10002,22,"Salbutamol 100mcg/dose, Aerosol, Inhaler",2020-05-01,3,0,1,2,3.0,90.0,4.0,-3.0,3.333333333333333,0.0,0.0,7.0,3.0,0.0,0
10002,22,"Salbutamol 100mcg/dose, Aerosol, Inhaler",2020-07-01,2,6,4,4,0.5,15.0,1.0,3.0,2.6666666666666665,0.0,0.0,3.0,2.0,0.0,0
10002,22,"Salbutamol 100mcg/dose, Aerosol, Inhaler",2020-08-01,4,0,2,2,2.0,60.0,4.0,-2.0,3.0,6.0,2.0,2.0,4.0,0.0,1
10002,22,"Salbutamol 100mcg/dose, Aerosol, Inhaler",2020-10-01,2,0,2,0,1.0,30.0,2.0,0.0,2.333333333333333,0.0,2.0,4.0,2.0,0.0,0
10002,22,"Salbutamol 100mcg/dose, Aerosol, Inhaler",2020-11-01,0,16,3,13,0.0,0.0,2.0,1.0,2.6666666666666665,0.0,2.0,2.0,0.0,1.0,0
10002,22,"Salbutamol 100mcg/dose, Aerosol, Inhaler",2020-12-01,13,0,3,10,4.333333333333333,130.0,3.0,0.0,2.333333333333333,16.0,5.333333333333333,0.0,13.0,0.0,0
10002,22,"Salbutamol 100mcg/dose, Aerosol, Inhaler",2021-02-01,10,0,5,5,2.0,60.0,3.0,2.0,2.6666666666666665,0.0,5.333333333333333,13.0,10.0,0.0,0
10002,22,"Salbutamol 100mcg/dose, Aerosol, Inhaler",2021-03-01,5,0,3,2,1.6666666666666667,50.0,5.0,-2.0,3.6666666666666665,0.0,5.333333333333333,10.0,5.0,0.0,0
10002,22,"Salbutamol 100mcg/dose, Aerosol, Inhaler",2021-05-01,2,15,2,15,1.0,30.0,3.0,-1.0,3.6666666666666665,0.0,0.0,5.0,2.0,0.0,0
10002,22,"Salbutamol 100mcg/dose, Aerosol, Inhaler",2021-06-01,15,0,4,11,3.75,112.5,2.0,2.0,3.333333333333333,15.0,5.0,2.0,15.0,0.0,0
10002,22,"Salbutamol 100mcg/dose, Aerosol, Inhaler",2021-08-01,11,0,4,7,2.75,82.5,4.0,0.0,3.0,0.0,5.0,15.0,11.0,0.0,0
10002,22,"Salbutamol 100mcg/dose, Aerosol, Inhaler",2021-09-01,7,0,5,2,1.4,42.0,4.0,1.0,3.333333333333333,0.0,5.0,11.0,7.0,0.0,0
10002,22,"Salbutamol 100mcg/dose, Aerosol, Inhaler",2021-12-01,2,12,2,12,1.0,30.0,5.0,-3.0,4.333333333333333,0.0,0.0,7.0,2.0,0.0,0
10002,22,"Salbutamol 100mcg/dose, Aerosol, Inhaler",2022-01-01,12,0,7,5,1.7142857142857142,51.42857142857142,2.0,5.0,3.6666666666666665,12.0,4.0,2.0,12.0,0.0,0
10002,22,"Salbutamol 100mcg/dose, Aerosol, Inhaler",2022-02-01,5,0,3,2,1.6666666666666667,50.0,7.0,-4.0,4.666666666666667,0.0,4.0,12.0,5.0,0.0,0
10002,22,"Salbutamol 100mcg/dose, Aerosol, Inhaler",2022-06-01,2,6,1,7,2.0,60.0,3.0,-2.0,4.0,0.0,4.0,5.0,2.0,0.0,0
10002,22,"Salbutamol 100mcg/dose, Aerosol, Inhaler",2022-07-01,7,0,1,6,7.0,210.0,1.0,0.0,3.6666666666666665,6.0,2.0,2.0,7.0,0.0,0
10002,22,"Salbutamol 100mcg/dose, Aerosol, Inhaler",2022-09-01,6,0,2,4,3.0,90.0,1.0,1.0,1.6666666666666667,0.0,2.0,7.0,6.0,0.0,0
10002,22,"Salbutamol 100mcg/dose, Aerosol, Inhaler",2022-10-01,4,11,3,12,1.3333333333333333,40.0,2.0,1.0,1.3333333333333333,0.0,2.0,6.0,4.0,0.0,0
10002,22,"Salbutamol 100mcg/dose, Aerosol, Inhaler",2022-11-01,12,0,4,8,3.0,90.0,3.0,1.0,2.0,11.0,3.6666666666666665,4.0,12.0,0.0,0
10002,22,"Salbutamol 100mcg/dose, Aerosol, Inhaler",2022-12-01,8,0,3,5,2.6666666666666665,80.0,4.0,-1.0,3.0,0.0,3.6666666666666665,12.0,8.0,0.0,1
10002,22,"Salbutamol 100mcg/dose, Aerosol, Inhaler",2023-01-01,5,0,5,0,1.0,30.0,3.0,2.0,3.333333333333333,0.0,3.6666666666666665,8.0,5.0,0.0,0
10002,22,"Salbutamol 100mcg/dose, Aerosol, Inhaler",2023-02-01,0,16,3,13,0.0,0.0,5.0,-2.0,4.0,0.0,0.0,5.0,0.0,1.0,0
10002,22,"Salbutamol 100mcg/dose, Aerosol, Inhaler",2023-03-01,13,0,5,8,2.6,78.0,3.0,2.0,3.6666666666666665,16.0,5.333333333333333,0.0,13.0,0.0,0
10002,22,"Salbutamol 100mcg/dose, Aerosol, Inhaler",2023-05-01,8,0,4,4,2.0,60.0,5.0,-1.0,4.333333333333333,0.0,5.333333333333333,13.0,8.0,0.0,0
10002,22,"Salbutamol 100mcg/dose, Aerosol, Inhaler",2023-06-01,4,10,0,14,,,4.0,-4.0,4.0,0.0,5.333333333333333,8.0,4.0,0.0,0
10002,22,"Salbutamol 100mcg/dose, Aerosol, Inhaler",2023-09-01,14,0,2,12,7.0,210.0,0.0,2.0,3.0,10.0,3.333333333333333,4.0,14.0,0.0,0
10002,22,"Salbutamol 100mcg/dose, Aerosol, Inhaler",2023-10-01,12,0,2,10,6.0,180.0,2.0,0.0,2.0,0.0,3.333333333333333,14.0,12.0,0.0,0
10002,28,"Benzyl Benzoate 25%, Emulsion, 100ml, Bot",2019-10-01,67,0,48,19,1.3958333333333333,41.875,,,,,,,,,0
10002,28,"Benzyl Benzoate 25%, Emulsion, 100ml, Bot",2019-11-01,19,194,58,155,0.3275862068965517,9.827586206896552,48.0,10.0,48.0,0.0,0.0,67.0,19.0,0.0,0
10002,28,"Benzyl Benzoate 25%, Emulsion, 100ml, Bot",2020-02-01,155,0,53,102,2.9245283018867925,87.73584905660377,58.0,-5.0,53.0,194.0,97.0,19.0,155.0,0.0,0
10002,28,"Benzyl Benzoate 25%, Emulsion, 100ml, Bot",2020-03-01,102,0,50,52,2.04,61.2,53.0,-3.0,53.0,0.0,64.66666666666667,155.0,102.0,0.0,1
10002,28,"Benzyl Benzoate 25%, Emulsion, 100ml, Bot",2020-04-01,52,0,52,0,1.0,30.0,50.0,2.0,53.66666666666666,0.0,64.66666666666667,102.0,52.0,0.0,1
10002,28,"Benzyl Benzoate 25%, Emulsion, 100ml, Bot",2020-05-01,0,0,0,0,,,52.0,-52.0,51.66666666666666,0.0,0.0,52.0,0.0,1.0,1
10002,28,"Benzyl Benzoate 25%, Emulsion, 100ml, Bot",2020-07-01,0,0,0,0,,,0.0,0.0,34.0,0.0,0.0,0.0,0.0,1.0,1
10002,28,"Benzyl Benzoate 25%, Emulsion, 100ml, Bot",2020-08-01,0,0,0,0,,,0.0,0.0,17.333333333333332,0.0,0.0,0.0,0.0,1.0,0
10002,28,"Benzyl Benzoate 25%, Emulsion, 100ml, Bot",2020-11-01,0,159,48,111,0.0,0.0,0.0,48.0,0.0,0.0,0.0,0.0,0.0,1.0,0
10002,28,"Benzyl Benzoate 25%, Emulsion, 100ml, Bot",2020-12-01,111,0,48,63,2.3125,69.375,48.0,0.0,16.0,159.0,53.0,0.0,111.0,0.0,0
10002,28,"Benzyl Benzoate 25%, Emulsion, 100ml, Bot",2021-01-01,63,0,40,23,1.575,47.25,48.0,-8.0,32.0,0.0,53.0,111.0,63.0,0.0,0
10002,28,"Benzyl Benzoate 25%, Emulsion, 100ml, Bot",2021-02-01,23,91,25,89,0.92,27.6,40.0,-15.0,45.333333333333336,0.0,53.0,63.0,23.0,0.0,0
10002,28,"Benzyl Benzoate 25%, Emulsion, 100ml, Bot",2021-03-01,89,0,11,78,8.090909090909092,242.72727272727275,25.0,-14.0,37.66666666666666,91.0,30.33333333333333,23.0,89.0,0.0,0
10002,28,"Benzyl Benzoate 25%, Emulsion, 100ml, Bot",2021-04-01,78,0,0,78,,,11.0,-11.0,25.33333333333333,0.0,30.33333333333333,89.0,78.0,0.0,0
10002,28,"Benzyl Benzoate 25%, Emulsion, 100ml, Bot",2021-05-01,78,0,20,58,3.9,117.0,0.0,20.0,12.0,0.0,30.33333333333333,78.0,78.0,0.0,1
10002,28,"Benzyl Benzoate 25%, Emulsion, 100ml, Bot",2021-06-01,58,0,58,0,1.0,30.0,20.0,38.0,10.333333333333334,0.0,0.0,78.0,58.0,0.0,0
10002,28,"Benzyl Benzoate 25%, Emulsion, 100ml, Bot",2021-07-01,0,80,52,28,0.0,0.0,58.0,-6.0,26.0,0.0,0.0,58.0,0.0,1.0,0
10002,28,"Benzyl Benzoate 25%, Emulsion, 100ml, Bot",2021-08-01,28,209,30,207,0.9333333333333332,28.0,52.0,-22.0,43.333333333333336,80.0,26.666666666666668,0.0,28.0,0.0,0
10002,28,"Benzyl Benzoate 25%, Emulsion, 100ml, Bot",2021-09-01,207,0,14,193,14.785714285714286,443.5714285714286,30.0,-16.0,46.66666666666666,209.0,96.33333333333331,28.0,207.0,0.0,0
10002,28,"Benzyl Benzoate 25%, Emulsion, 100ml, Bot",2021-10-01,193,0,21,172,9.19047619047619,275.71428571428567,14.0,7.0,32.0,0.0,96.33333333333331,207.0,193.0,0.0,0
10002,28,"Benzyl Benzoate 25%, Emulsion, 100ml, Bot",2021-11-01,172,0,70,102,2.4571428571428573,73.71428571428572,21.0,49.0,21.666666666666668,0.0,69.66666666666667,193.0,172.0,0.0,0
10002,28,"Benzyl Benzoate 25%, Emulsion, 100ml, Bot",2022-01-01,102,0,41,61,2.4878048780487805,74.63414634146342,70.0,-29.0,35.0,0.0,0.0,172.0,102.0,0.0,0
10002,28,"Benzyl Benzoate 25%, Emulsion, 100ml, Bot",2022-03-01,61,0,52,9,1.1730769230769231,35.19230769230769,41.0,11.0,44.0,0.0,0.0,102.0,61.0,0.0,1
10002,28,"Benzyl Benzoate 25%, Emulsion, 100ml, Bot",2022-04-01,9,0,9,0,1.0,30.0,52.0,-43.0,54.333333333333336,0.0,0.0,61.0,9.0,0.0,0
10002,28,"Benzyl Benzoate 25%, Emulsion, 100ml, Bot",2022-05-01,0,119,21,98,0.0,0.0,9.0,12.0,34.0,0.0,0.0,9.0,0.0,1.0,0
10002,28,"Benzyl Benzoate 25%, Emulsion, 100ml, Bot",2022-06-01,98,0,80,18,1.225,36.75,21.0,59.0,27.33333333333333,119.0,39.66666666666666,0.0,98.0,0.0,0
10002,28,"Benzyl Benzoate 25%, Emulsion, 100ml, Bot",2022-07-01,18,186,63,141,0.2857142857142857,8.571428571428571,80.0,-17.0,36.66666666666666,0.0,39.66666666666666,98.0,18.0,0.0,0
10002,28,"Benzyl Benzoate 25%, Emulsion, 100ml, Bot",2022-08-01,141,0,0,141,,,63.0,-63.0,54.66666666666666,186.0,101.66666666666669,18.0,141.0,0.0,0
10002,28,"Benzyl Benzoate 25%, Emulsion, 100ml, Bot",2022-09-01,141,0,21,120,6.714285714285714,201.42857142857144,0.0,21.0,47.66666666666666,0.0,62.0,141.0,141.0,0.0,0
10002,28,"Benzyl Benzoate 25%, Emulsion, 100ml, Bot",2022-10-01,120,0,10,110,12.0,360.0,21.0,-11.0,28.0,0.0,62.0,141.0,120.0,0.0,0
10002,28,"Benzyl Benzoate 25%, Emulsion, 100ml, Bot",2022-11-01,110,0,70,40,1.5714285714285714,47.14285714285714,10.0,60.0,10.333333333333334,0.0,0.0,120.0,110.0,0.0,0
10002,28,"Benzyl Benzoate 25%, Emulsion, 100ml, Bot",2022-12-01,40,77,20,97,2.0,60.0,70.0,-50.0,33.666666666666664,0.0,0.0,110.0,40.0,0.0,0
10002,28,"Benzyl Benzoate 25%, Emulsion, 100ml, Bot",2023-01-01,97,0,10,87,9.7,291.0,20.0,-10.0,33.333333333333336,77.0,25.666666666666668,40.0,97.0,0.0,0
10002,28,"Benzyl Benzoate 25%, Emulsion, 100ml, Bot",2023-02-01,87,0,36,51,2.4166666666666665,72.5,10.0,26.0,33.333333333333336,0.0,25.666666666666668,97.0,87.0,0.0,0
10002,28,"Benzyl Benzoate 25%, Emulsion, 100ml, Bot",2023-05-01,51,221,60,212,0.85,25.5,36.0,24.0,22.0,0.0,25.666666666666668,87.0,51.0,0.0,0
10002,28,"Benzyl Benzoate 25%, Emulsion, 100ml, Bot",2023-07-01,212,0,50,162,4.24,127.2,60.0,-10.0,35.333333333333336,221.0,73.66666666666667,51.0,212.0,0.0,0
10002,32,"Ampicillin 500mg, Pdr for IM/IV, Inj, Vial",2019-10-01,43,245,0,288,,,,,,,,,,,0
10002,32,"Ampicillin 500mg, Pdr for IM/IV, Inj, Vial",2019-11-01,288,0,29,259,9.93103448275862,297.9310344827586,0.0,29.0,0.0,245.0,245.0,43.0,288.0,0.0,0
10002,32,"Ampicillin 500mg, Pdr for IM/IV, Inj, Vial",2019-12-01,259,0,99,160,2.6161616161616164,78.48484848484848,29.0,70.0,14.5,0.0,122.5,288.0,259.0,0.0,0
10002,32,"Ampicillin 500mg, Pdr for IM/IV, Inj, Vial",2020-01-01,160,0,101,59,1.5841584158415842,47.52475247524752,99.0,2.0,42.66666666666666,0.0,81.66666666666667,259.0,160.0,0.0,0
10002,32,"Ampicillin 500mg, Pdr for IM/IV, Inj, Vial",2020-02-01,59,0,36,23,1.6388888888888888,49.16666666666666,101.0,-65.0,76.33333333333333,0.0,0.0,160.0,59.0,0.0,0
10002,32,"Ampicillin 500mg, Pdr for IM/IV, Inj, Vial",2020-03-01,23,159,94,88,0.2446808510638297,7.340425531914893,36.0,58.0,78.66666666666667,0.0,0.0,59.0,23.0,0.0,0
10002,32,"Ampicillin 500mg, Pdr for IM/IV, Inj, Vial",2020-04-01,88,0,45,43,1.9555555555555555,58.66666666666666,94.0,-49.0,77.0,159.0,53.0,23.0,88.0,0.0,0
10002,32,"Ampicillin 500mg, Pdr for IM/IV, Inj, Vial",2020-05-01,43,0,32,11,1.34375,40.3125,45.0,-13.0,58.333333333333336,0.0,53.0,88.0,43.0,0.0,0
10002,32,"Ampicillin 500mg, Pdr for IM/IV, Inj, Vial",2020-06-01,11,257,37,231,0.2972972972972973,8.91891891891892,32.0,5.0,57.0,0.0,53.0,43.0,11.0,0.0,0
10002,32,"Ampicillin 500mg, Pdr for IM/IV, Inj, Vial",2020-08-01,231,0,35,196,6.6,198.0,37.0,-2.0,38.0,257.0,85.66666666666667,11.0,231.0,0.0,0
10002,32,"Ampicillin 500mg, Pdr for IM/IV, Inj, Vial",2020-10-01,196,0,19,177,10.31578947368421,309.4736842105263,35.0,-16.0,34.666666666666664,0.0,85.66666666666667,231.0,196.0,0.0,0
10002,32,"Ampicillin 500mg, Pdr for IM/IV, Inj, Vial",2020-11-01,177,0,44,133,4.0227272727272725,120.68181818181816,19.0,25.0,30.33333333333333,0.0,85.66666666666667,196.0,177.0,0.0,0
10002,32,"Ampicillin 500mg, Pdr for IM/IV, Inj, Vial",2020-12-01,133,0,126,7,1.0555555555555556,31.666666666666668,44.0,82.0,32.666666666666664,0.0,0.0,177.0,133.0,0.0,0
10002,32,"Ampicillin 500mg, Pdr for IM/IV, Inj, Vial",2021-01-01,7,313,77,243,0.0909090909090909,2.7272727272727275,126.0,-49.0,63.0,0.0,0.0,133.0,7.0,0.0,0
10002,32,"Ampicillin 500mg, Pdr for IM/IV, Inj, Vial",2021-02-01,243,0,41,202,5.926829268292683,177.8048780487805,77.0,-36.0,82.33333333333333,313.0,104.33333333333331,7.0,243.0,0.0,0
10002,32,"Ampicillin 500mg, Pdr for IM/IV, Inj, Vial",2021-03-01,202,0,36,166,5.611111111111111,168.33333333333331,41.0,-5.0,81.33333333333333,0.0,104.33333333333331,243.0,202.0,0.0,0
10002,32,"Ampicillin 500mg, Pdr for IM/IV, Inj, Vial",2021-04-01,166,0,53,113,3.1320754716981134,93.9622641509434,36.0,17.0,51.333333333333336,0.0,104.33333333333331,202.0,166.0,0.0,0
10002,32,"Ampicillin 500mg, Pdr for IM/IV, Inj, Vial",2021-05-01,113,0,52,61,2.173076923076923,65.1923076923077,53.0,-1.0,43.333333333333336,0.0,0.0,166.0,113.0,0.0,0
10002,32,"Ampicillin 500mg, Pdr for IM/IV, Inj, Vial",2021-06-01,61,117,63,115,0.9682539682539684,29.047619047619047,52.0,11.0,47.0,0.0,0.0,113.0,61.0,0.0,0
10002,32,"Ampicillin 500mg, Pdr for IM/IV, Inj, Vial",2021-07-01,115,0,67,48,1.7164179104477613,51.49253731343284,63.0,4.0,56.0,117.0,39.0,61.0,115.0,0.0,0
10002,32,"Ampicillin 500mg, Pdr for IM/IV, Inj, Vial",2021-08-01,48,174,92,130,0.5217391304347826,15.652173913043478,67.0,25.0,60.66666666666666,0.0,39.0,115.0,48.0,0.0,0
10002,32,"Ampicillin 500mg, Pdr for IM/IV, Inj, Vial",2021-09-01,130,0,117,13,1.1111111111111112,33.333333333333336,92.0,25.0,74.0,174.0,97.0,48.0,130.0,0.0,0
10002,32,"Ampicillin 500mg, Pdr for IM/IV, Inj, Vial",2021-10-01,13,108,91,30,0.1428571428571428,4.285714285714286,117.0,-26.0,92.0,0.0,58.0,130.0,13.0,0.0,0
10002,32,"Ampicillin 500mg, Pdr for IM/IV, Inj, Vial",2021-11-01,30,304,83,251,0.3614457831325301,10.843373493975903,91.0,-8.0,100.0,108.0,94.0,13.0,30.0,0.0,0
10002,32,"Ampicillin 500mg, Pdr for IM/IV, Inj, Vial",2021-12-01,251,0,63,188,3.984126984126984,119.52380952380952,83.0,-20.0,97.0,304.0,137.33333333333334,30.0,251.0,0.0,0
10002,32,"Ampicillin 500mg, Pdr for IM/IV, Inj, Vial",2022-01-01,188,0,62,126,3.032258064516129,90.96774193548389,63.0,-1.0,79.0,0.0,137.33333333333334,251.0,188.0,0.0,0
10002,32,"Ampicillin 500mg, Pdr for IM/IV, Inj, Vial",2022-02-01,126,0,48,78,2.625,78.75,62.0,-14.0,69.33333333333333,0.0,101.33333333333331,188.0,126.0,0.0,0
10002,32,"Ampicillin 500mg, Pdr for IM/IV, Inj, Vial",2022-03-01,78,0,32,46,2.4375,73.125,48.0,-16.0,57.66666666666666,0.0,0.0,126.0,78.0,0.0,1
10002,32,"Ampicillin 500mg, Pdr for IM/IV, Inj, Vial",2022-05-01,46,0,46,0,1.0,30.0,32.0,14.0,47.333333333333336,0.0,0.0,78.0,46.0,0.0,0
10002,32,"Ampicillin 500mg, Pdr for IM/IV, Inj, Vial",2022-06-01,0,333,78,255,0.0,0.0,46.0,32.0,42.0,0.0,0.0,46.0,0.0,1.0,0
10002,32,"Ampicillin 500mg, Pdr for IM/IV, Inj, Vial",2022-08-01,255,0,51,204,5.0,150.0,78.0,-27.0,52.0,333.0,111.0,0.0,255.0,0.0,0
10002,32,"Ampicillin 500mg, Pdr for IM/IV, Inj, Vial",2022-09-01,204,0,77,127,2.6493506493506493,79.48051948051948,51.0,26.0,58.333333333333336,0.0,111.0,255.0,204.0,0.0,0
10002,32,"Ampicillin 500mg, Pdr for IM/IV, Inj, Vial",2022-10-01,127,0,101,26,1.2574257425742574,37.722772277227726,77.0,24.0,68.66666666666667,0.0,111.0,204.0,127.0,0.0,1
10002,32,"Ampicillin 500mg, Pdr for IM/IV, Inj, Vial",2022-11-01,26,0,26,0,1.0,30.0,101.0,-75.0,76.33333333333333,0.0,0.0,127.0,26.0,0.0,1
10002,32,"Ampicillin 500mg, Pdr for IM/IV, Inj, Vial",2022-12-01,0,0,0,0,,,26.0,-26.0,68.0,0.0,0.0,26.0,0.0,1.0,1
10002,32,"Ampicillin 500mg, Pdr for IM/IV, Inj, Vial",2023-01-01,0,0,0,0,,,0.0,0.0,42.333333333333336,0.0,0.0,0.0,0.0,1.0,0
10002,32,"Ampicillin 500mg, Pdr for IM/IV, Inj, Vial",2023-02-01,0,209,69,140,0.0,0.0,0.0,69.0,8.666666666666666,0.0,0.0,0.0,0.0,1.0,0
10002,32,"Ampicillin 500mg, Pdr for IM/IV, Inj, Vial",2023-04-01,140,0,48,92,2.9166666666666665,87.5,69.0,-21.0,23.0,209.0,69.66666666666667,0.0,140.0,0.0,0
10002,32,"Ampicillin 500mg, Pdr for IM/IV, Inj, Vial",2023-05-01,92,0,68,24,1.3529411764705883,40.58823529411765,48.0,20.0,39.0,0.0,69.66666666666667,140.0,92.0,0.0,0
10002,32,"Ampicillin 500mg, Pdr for IM/IV, Inj, Vial",2023-06-01,24,315,28,311,0.8571428571428571,25.71428571428571,68.0,-40.0,61.66666666666666,0.0,69.66666666666667,92.0,24.0,0.0,0
10002,32,"Ampicillin 500mg, Pdr for IM/IV, Inj, Vial",2023-07-01,311,0,56,255,5.553571428571429,166.60714285714286,28.0,28.0,48.0,315.0,105.0,24.0,311.0,0.0,0
10002,32,"Ampicillin 500mg, Pdr for IM/IV, Inj, Vial",2023-09-01,255,0,88,167,2.897727272727273,86.93181818181819,56.0,32.0,50.66666666666666,0.0,105.0,311.0,255.0,0.0,0
10002,32,"Ampicillin 500mg, Pdr for IM/IV, Inj, Vial",2023-10-01,167,0,73,94,2.287671232876712,68.63013698630137,88.0,-15.0,57.333333333333336,0.0,105.0,255.0,167.0,0.0,0
10002,34,"Folic Acid 5mg, Tab",2019-10-01,890,0,774,116,1.1498708010335916,34.496124031007746,,,,,,,,,0
10002,34,"Folic Acid 5mg, Tab",2019-11-01,116,1618,978,756,0.1186094069529652,3.558282208588957,774.0,204.0,774.0,0.0,0.0,890.0,116.0,0.0,0
10002,34,"Folic Acid 5mg, Tab",2020-01-01,756,0,687,69,1.100436681222707,33.01310043668122,978.0,-291.0,876.0,1618.0,809.0,116.0,756.0,0.0,0
10002,34,"Folic Acid 5mg, Tab",2020-03-01,69,1132,742,459,0.0929919137466307,2.789757412398922,687.0,55.0,813.0,0.0,539.3333333333334,756.0,69.0,0.0,1
10002,34,"Folic Acid 5mg, Tab",2020-04-01,459,0,459,0,1.0,30.0,742.0,-283.0,802.3333333333334,1132.0,916.6666666666666,69.0,459.0,0.0,0
10002,34,"Folic Acid 5mg, Tab",2020-05-01,0,2333,484,1849,0.0,0.0,459.0,25.0,629.3333333333334,0.0,377.3333333333333,459.0,0.0,1.0,0
10002,34,"Folic Acid 5mg, Tab",2020-06-01,1849,0,288,1561,6.420138888888889,192.60416666666669,484.0,-196.0,561.6666666666666,2333.0,1155.0,0.0,1849.0,0.0,0
10002,34,"Folic Acid 5mg, Tab",2020-07-01,1561,0,641,920,2.435257410296412,73.05772230889235,288.0,353.0,410.3333333333333,0.0,777.6666666666666,1849.0,1561.0,0.0,0
10002,34,"Folic Acid 5mg, Tab",2020-08-01,920,0,522,398,1.7624521072796937,52.87356321839081,641.0,-119.0,471.0,0.0,777.6666666666666,1561.0,920.0,0.0,0
10002,34,"Folic Acid 5mg, Tab",2020-09-01,398,2778,783,2393,0.508301404853129,15.24904214559387,522.0,261.0,483.6666666666667,0.0,0.0,920.0,398.0,0.0,0
10002,34,"Folic Acid 5mg, Tab",2020-10-01,2393,0,515,1878,4.646601941747573,139.39805825242718,783.0,-268.0,648.6666666666666,2778.0,926.0,398.0,2393.0,0.0,0
10002,34,"Folic Acid 5mg, Tab",2020-11-01,1878,0,180,1698,10.433333333333334,313.0,515.0,-335.0,606.6666666666666,0.0,926.0,2393.0,1878.0,0.0,0
10002,34,"Folic Acid 5mg, Tab",2020-12-01,1698,0,596,1102,2.848993288590604,85.46979865771812,180.0,416.0,492.6666666666667,0.0,926.0,1878.0,1698.0,0.0,0
10002,34,"Folic Acid 5mg, Tab",2021-01-01,1102,0,578,524,1.906574394463668,57.19723183391003,596.0,-18.0,430.3333333333333,0.0,0.0,1698.0,1102.0,0.0,0
10002,34,"Folic Acid 5mg, Tab",2021-02-01,524,1061,143,1442,3.664335664335664,109.93006993006992,578.0,-435.0,451.3333333333333,0.0,0.0,1102.0,524.0,0.0,0
10002,34,"Folic Acid 5mg, Tab",2021-03-01,1442,0,349,1093,4.131805157593123,123.9541547277937,143.0,206.0,439.0,1061.0,353.6666666666667,524.0,1442.0,0.0,0
10002,34,"Folic Acid 5mg, Tab",2021-04-01,1093,0,794,299,1.3765743073047858,41.29722921914357,349.0,445.0,356.6666666666667,0.0,353.6666666666667,1442.0,1093.0,0.0,0
10002,34,"Folic Acid 5mg, Tab",2021-06-01,299,2463,489,2273,0.6114519427402862,18.343558282208587,794.0,-305.0,428.6666666666667,0.0,353.6666666666667,1093.0,299.0,0.0,0
10002,34,"Folic Acid 5mg, Tab",2021-07-01,2273,0,714,1559,3.183473389355742,95.50420168067228,489.0,225.0,544.0,2463.0,821.0,299.0,2273.0,0.0,0
10002,34,"Folic Acid 5mg, Tab",2021-09-01,1559,0,604,955,2.581125827814569,77.43377483443709,714.0,-110.0,665.6666666666666,0.0,821.0,2273.0,1559.0,0.0,0
10002,34,"Folic Acid 5mg, Tab",2021-10-01,955,0,763,192,1.2516382699868938,37.54914809960681,604.0,159.0,602.3333333333334,0.0,821.0,1559.0,955.0,0.0,1
10002,34,"Folic Acid 5mg, Tab",2021-12-01,192,0,192,0,1.0,30.0,763.0,-571.0,693.6666666666666,0.0,0.0,955.0,192.0,0.0,0
10002,34,"Folic Acid 5mg, Tab",2022-01-01,0,2456,439,2017,0.0,0.0,192.0,247.0,519.6666666666666,0.0,0.0,192.0,0.0,1.0,0
10002,34,"Folic Acid 5mg, Tab",2022-02-01,2017,0,872,1145,2.313073394495413,69.39220183486239,439.0,433.0,464.6666666666667,2456.0,818.6666666666666,0.0,2017.0,0.0,0
10002,34,"Folic Acid 5mg, Tab",2022-04-01,1145,0,628,517,1.823248407643312,54.697452229299365,872.0,-244.0,501.0,0.0,818.6666666666666,2017.0,1145.0,0.0,0
10002,34,"Folic Acid 5mg, Tab",2022-05-01,517,1421,687,1251,0.75254730713246,22.5764192139738,628.0,59.0,646.3333333333334,0.0,818.6666666666666,1145.0,517.0,0.0,0
10002,34,"Folic Acid 5mg, Tab",2022-06-01,1251,0,532,719,2.351503759398496,70.54511278195488,687.0,-155.0,729.0,1421.0,473.6666666666667,517.0,1251.0,0.0,0
10002,34,"Folic Acid 5mg, Tab",2022-08-01,719,0,629,90,1.1430842607313196,34.292527821939586,532.0,97.0,615.6666666666666,0.0,473.6666666666667,1251.0,719.0,0.0,0
10002,34,"Folic Acid 5mg, Tab",2022-09-01,90,1734,699,1125,0.1287553648068669,3.862660944206009,629.0,70.0,616.0,0.0,473.6666666666667,719.0,90.0,0.0,0
10002,34,"Folic Acid 5mg, Tab",2022-10-01,1125,0,579,546,1.9430051813471505,58.29015544041451,699.0,-120.0,620.0,1734.0,578.0,90.0,1125.0,0.0,0
10002,34,"Folic Acid 5mg, Tab",2022-11-01,546,1725,1037,1234,0.5265188042430087,15.79556412729026,579.0,458.0,635.6666666666666,0.0,578.0,1125.0,546.0,0.0,0
10002,34,"Folic Acid 5mg, Tab",2023-01-01,1234,0,1064,170,1.1597744360902256,34.79323308270677,1037.0,27.0,771.6666666666666,1725.0,1153.0,546.0,1234.0,0.0,1
10002,34,"Folic Acid 5mg, Tab",2023-02-01,170,0,170,0,1.0,30.0,1064.0,-894.0,893.3333333333334,0.0,575.0,1234.0,170.0,0.0,0
10002,34,"Folic Acid 5mg, Tab",2023-03-01,0,2554,636,1918,0.0,0.0,170.0,466.0,757.0,0.0,575.0,170.0,0.0,1.0,0
10002,34,"Folic Acid 5mg, Tab",2023-04-01,1918,0,565,1353,3.3946902654867257,101.84070796460178,636.0,-71.0,623.3333333333334,2554.0,851.3333333333334,0.0,1918.0,0.0,0
10002,34,"Folic Acid 5mg, Tab",2023-06-01,1353,0,666,687,2.0315315315315314,60.94594594594594,565.0,101.0,457.0,0.0,851.3333333333334,1918.0,1353.0,0.0,0
10002,34,"Folic Acid 5mg, Tab",2023-07-01,687,2549,443,2793,1.5507900677200903,46.52370203160271,666.0,-223.0,622.3333333333334,0.0,851.3333333333334,1353.0,687.0,0.0,0
10002,34,"Folic Acid 5mg, Tab",2023-08-01,2793,0,611,2182,4.571194762684124,137.1358428805237,443.0,168.0,558.0,2549.0,849.6666666666666,687.0,2793.0,0.0,0
10002,34,"Folic Acid 5mg, Tab",2023-09-01,2182,0,735,1447,2.968707482993197,89.06122448979592,611.0,124.0,573.3333333333334,0.0,849.6666666666666,2793.0,2182.0,0.0,0
10002,34,"Folic Acid 5mg, Tab",2023-10-01,1447,0,365,1082,3.964383561643836,118.93150684931508,735.0,-370.0,596.3333333333334,0.0,849.6666666666666,2182.0,1447.0,0.0,0
10002,35,"Oxytocin 10IU, Inj, Amp",2019-10-01,9,23,15,17,0.6,18.0,,,,,,,,,1
10002,35,"Oxytocin 10IU, Inj, Amp",2019-11-01,17,0,17,0,1.0,30.0,15.0,2.0,15.0,23.0,23.0,9.0,17.0,0.0,0
10002,35,"Oxytocin 10IU, Inj, Amp",2019-12-01,0,22,14,8,0.0,0.0,17.0,-3.0,16.0,0.0,11.5,17.0,0.0,1.0,0
10002,35,"Oxytocin 10IU, Inj, Amp",2020-03-01,8,34,7,35,1.1428571428571428,34.285714285714285,14.0,-7.0,15.333333333333334,22.0,15.0,0.0,8.0,0.0,0
10002,35,"Oxytocin 10IU, Inj, Amp",2020-04-01,35,0,13,22,2.6923076923076925,80.76923076923077,7.0,6.0,12.666666666666666,34.0,18.666666666666668,8.0,35.0,0.0,0
10002,35,"Oxytocin 10IU, Inj, Amp",2020-05-01,22,0,14,8,1.5714285714285714,47.14285714285714,13.0,1.0,11.333333333333334,0.0,18.666666666666668,35.0,22.0,0.0,0
10002,35,"Oxytocin 10IU, Inj, Amp",2020-06-01,8,31,14,25,0.5714285714285714,17.142857142857142,14.0,0.0,11.333333333333334,0.0,11.333333333333334,22.0,8.0,0.0,0
10002,35,"Oxytocin 10IU, Inj, Amp",2020-07-01,25,0,1,24,25.0,750.0,14.0,-13.0,13.666666666666666,31.0,10.333333333333334,8.0,25.0,0.0,0
10002,35,"Oxytocin 10IU, Inj, Amp",2020-11-01,24,0,9,15,2.6666666666666665,80.0,1.0,8.0,9.666666666666666,0.0,10.333333333333334,25.0,24.0,0.0,0
10002,35,"Oxytocin 10IU, Inj, Amp",2020-12-01,15,0,14,1,1.0714285714285714,32.14285714285714,9.0,5.0,8.0,0.0,10.333333333333334,24.0,15.0,0.0,0
10002,35,"Oxytocin 10IU, Inj, Amp",2021-01-01,1,27,6,22,0.1666666666666666,5.0,14.0,-8.0,8.0,0.0,0.0,15.0,1.0,0.0,0
10002,35,"Oxytocin 10IU, Inj, Amp",2021-02-01,22,0,1,21,22.0,660.0,6.0,-5.0,9.666666666666666,27.0,9.0,1.0,22.0,0.0,0
10002,35,"Oxytocin 10IU, Inj, Amp",2021-03-01,21,0,11,10,1.9090909090909087,57.27272727272727,1.0,10.0,7.0,0.0,9.0,22.0,21.0,0.0,0
10002,35,"Oxytocin 10IU, Inj, Amp",2021-04-01,10,49,7,52,1.4285714285714286,42.85714285714286,11.0,-4.0,6.0,0.0,9.0,21.0,10.0,0.0,0
10002,35,"Oxytocin 10IU, Inj, Amp",2021-05-01,52,0,14,38,3.7142857142857135,111.42857142857144,7.0,7.0,6.333333333333333,49.0,16.333333333333332,10.0,52.0,0.0,0
10002,35,"Oxytocin 10IU, Inj, Amp",2021-07-01,38,0,9,29,4.222222222222222,126.66666666666669,14.0,-5.0,10.666666666666666,0.0,16.333333333333332,52.0,38.0,0.0,0
10002,35,"Oxytocin 10IU, Inj, Amp",2021-09-01,29,0,9,20,3.2222222222222223,96.66666666666669,9.0,0.0,10.0,0.0,16.333333333333332,38.0,29.0,0.0,1
10002,35,"Oxytocin 10IU, Inj, Amp",2021-12-01,20,0,20,0,1.0,30.0,9.0,11.0,10.666666666666666,0.0,0.0,29.0,20.0,0.0,1
10002,35,"Oxytocin 10IU, Inj, Amp",2022-01-01,0,0,0,0,,,20.0,-20.0,12.666666666666666,0.0,0.0,20.0,0.0,1.0,1
10002,35,"Oxytocin 10IU, Inj, Amp",2022-02-01,0,0,0,0,,,0.0,0.0,9.666666666666666,0.0,0.0,0.0,0.0,1.0,1
10002,35,"Oxytocin 10IU, Inj, Amp",2022-03-01,0,0,0,0,,,0.0,0.0,6.666666666666667,0.0,0.0,0.0,0.0,1.0,0
10002,35,"Oxytocin 10IU, Inj, Amp",2022-06-01,0,52,12,40,0.0,0.0,0.0,12.0,0.0,0.0,0.0,0.0,0.0,1.0,0
10002,35,"Oxytocin 10IU, Inj, Amp",2022-07-01,40,0,14,26,2.857142857142857,85.71428571428572,12.0,2.0,4.0,52.0,17.333333333333332,0.0,40.0,0.0,0
10002,35,"Oxytocin 10IU, Inj, Amp",2022-08-01,26,0,4,22,6.5,195.0,14.0,-10.0,8.666666666666666,0.0,17.333333333333332,40.0,26.0,0.0,0
10002,35,"Oxytocin 10IU, Inj, Amp",2022-10-01,22,0,6,16,3.6666666666666665,110.0,4.0,2.0,10.0,0.0,17.333333333333332,26.0,22.0,0.0,0
10002,35,"Oxytocin 10IU, Inj, Amp",2023-01-01,16,0,10,6,1.6,48.0,6.0,4.0,8.0,0.0,0.0,22.0,16.0,0.0,0
10002,35,"Oxytocin 10IU, Inj, Amp",2023-04-01,6,19,16,9,0.375,11.25,10.0,6.0,6.666666666666667,0.0,0.0,16.0,6.0,0.0,1
10002,35,"Oxytocin 10IU, Inj, Amp",2023-06-01,9,0,9,0,1.0,30.0,16.0,-7.0,10.666666666666666,19.0,6.333333333333333,6.0,9.0,0.0,0
10002,35,"Oxytocin 10IU, Inj, Amp",2023-09-01,0,30,0,30,,,9.0,-9.0,11.666666666666666,0.0,6.333333333333333,9.0,0.0,1.0,0
10002,35,"Oxytocin 10IU, Inj, Amp",2023-10-01,30,0,13,17,2.3076923076923075,69.23076923076923,0.0,13.0,8.333333333333334,30.0,16.333333333333332,0.0,30.0,0.0,0
10002,38,"Albendazole 400mg, Tab",2019-10-01,260,0,129,131,2.0155038759689923,60.46511627906977,,,,,,,,,0
10002,38,"Albendazole 400mg, Tab",2019-11-01,131,586,184,533,0.7119565217391305,21.358695652173918,129.0,55.0,129.0,0.0,0.0,260.0,131.0,0.0,0
10002,38,"Albendazole 400mg, Tab",2019-12-01,533,0,114,419,4.675438596491228,140.26315789473682,184.0,-70.0,156.5,586.0,293.0,131.0,533.0,0.0,0
10002,38,"Albendazole 400mg, Tab",2020-01-01,419,0,79,340,5.30379746835443,159.1139240506329,114.0,-35.0,142.33333333333334,0.0,195.33333333333331,533.0,419.0,0.0,0
10002,38,"Albendazole 400mg, Tab",2020-02-01,340,0,191,149,1.780104712041885,53.403141361256544,79.0,112.0,125.66666666666669,0.0,195.33333333333331,419.0,340.0,0.0,0
10002,38,"Albendazole 400mg, Tab",2020-03-01,149,308,0,457,,,191.0,-191.0,128.0,0.0,0.0,340.0,149.0,0.0,0
10002,38,"Albendazole 400mg, Tab",2020-04-01,457,0,28,429,16.321428571428573,489.6428571428572,0.0,28.0,90.0,308.0,102.66666666666669,149.0,457.0,0.0,0
10002,38,"Albendazole 400mg, Tab",2020-05-01,429,0,141,288,3.042553191489361,91.27659574468083,28.0,113.0,73.0,0.0,102.66666666666669,457.0,429.0,0.0,0
10002,38,"Albendazole 400mg, Tab",2020-07-01,288,0,166,122,1.7349397590361446,52.04819277108434,141.0,25.0,56.333333333333336,0.0,102.66666666666669,429.0,288.0,0.0,0
10002,38,"Albendazole 400mg, Tab",2020-10-01,122,294,195,221,0.6256410256410256,18.76923076923077,166.0,29.0,111.66666666666669,0.0,0.0,288.0,122.0,0.0,0
10002,38,"Albendazole 400mg, Tab",2020-11-01,221,0,208,13,1.0625,31.875,195.0,13.0,167.33333333333334,294.0,98.0,122.0,221.0,0.0,0
10002,38,"Albendazole 400mg, Tab",2020-12-01,13,634,205,442,0.0634146341463414,1.902439024390244,208.0,-3.0,189.66666666666663,0.0,98.0,221.0,13.0,0.0,0
10002,38,"Albendazole 400mg, Tab",2021-02-01,442,0,123,319,3.5934959349593494,107.80487804878048,205.0,-82.0,202.66666666666663,634.0,309.3333333333333,13.0,442.0,0.0,0
10002,38,"Albendazole 400mg, Tab",2021-03-01,319,0,90,229,3.5444444444444443,106.33333333333331,123.0,-33.0,178.66666666666666,0.0,211.33333333333331,442.0,319.0,0.0,0
10002,38,"Albendazole 400mg, Tab",2021-04-01,229,0,116,113,1.9741379310344829,59.22413793103448,90.0,26.0,139.33333333333334,0.0,211.33333333333331,319.0,229.0,0.0,0
10002,38,"Albendazole 400mg, Tab",2021-05-01,113,456,112,457,1.0089285714285714,30.267857142857142,116.0,-4.0,109.66666666666669,0.0,0.0,229.0,113.0,0.0,0
10002,38,"Albendazole 400mg, Tab",2021-07-01,457,0,186,271,2.456989247311828,73.70967741935485,112.0,74.0,106.0,456.0,152.0,113.0,457.0,0.0,0
10002,38,"Albendazole 400mg, Tab",2021-08-01,271,0,217,54,1.2488479262672811,37.465437788018434,186.0,31.0,138.0,0.0,152.0,457.0,271.0,0.0,0
10002,38,"Albendazole 400mg, Tab",2021-12-01,54,467,163,358,0.3312883435582822,9.938650306748466,217.0,-54.0,171.66666666666666,0.0,152.0,271.0,54.0,0.0,0
10002,38,"Albendazole 400mg, Tab",2022-01-01,358,0,211,147,1.6966824644549765,50.90047393364929,163.0,48.0,188.66666666666663,467.0,155.66666666666666,54.0,358.0,0.0,0
10002,38,"Albendazole 400mg, Tab",2022-02-01,147,284,141,290,1.0425531914893618,31.27659574468085,211.0,-70.0,197.0,0.0,155.66666666666666,358.0,147.0,0.0,0
10002,38,"Albendazole 400mg, Tab",2022-05-01,290,0,196,94,1.479591836734694,44.38775510204081,141.0,55.0,171.66666666666666,284.0,250.33333333333331,147.0,290.0,0.0,0
10002,38,"Albendazole 400mg, Tab",2022-07-01,94,233,155,172,0.6064516129032258,18.193548387096776,196.0,-41.0,182.66666666666663,0.0,94.66666666666669,290.0,94.0,0.0,1
10002,38,"Albendazole 400mg, Tab",2022-10-01,172,0,172,0,1.0,30.0,155.0,17.0,164.0,233.0,172.33333333333334,94.0,172.0,0.0,1
10002,38,"Albendazole 400mg, Tab",2022-11-01,0,0,0,0,,,172.0,-172.0,174.33333333333334,0.0,77.66666666666667,172.0,0.0,1.0,0
10002,38,"Albendazole 400mg, Tab",2022-12-01,0,698,129,569,0.0,0.0,0.0,129.0,109.0,0.0,77.66666666666667,0.0,0.0,1.0,0
10002,38,"Albendazole 400mg, Tab",2023-01-01,569,0,101,468,5.633663366336633,169.009900990099,129.0,-28.0,100.33333333333331,698.0,232.66666666666663,0.0,569.0,0.0,0
10002,38,"Albendazole 400mg, Tab",2023-02-01,468,0,182,286,2.571428571428572,77.14285714285715,101.0,81.0,76.66666666666667,0.0,232.66666666666663,569.0,468.0,0.0,0
10002,38,"Albendazole 400mg, Tab",2023-08-01,286,0,148,138,1.9324324324324325,57.972972972972975,182.0,-34.0,137.33333333333334,0.0,232.66666666666663,468.0,286.0,0.0,1
10002,38,"Albendazole 400mg, Tab",2023-09-01,138,0,138,0,1.0,30.0,148.0,-10.0,143.66666666666666,0.0,0.0,286.0,138.0,0.0,1
10002,39,"Oral Rehydration Salts (ORS), Sachet",2019-10-01,171,0,171,0,1.0,30.0,,,,,,,,,1
10002,39,"Oral Rehydration Salts (ORS), Sachet",2019-11-01,0,0,0,0,,,171.0,-171.0,171.0,0.0,0.0,171.0,0.0,1.0,0
10002,39,"Oral Rehydration Salts (ORS), Sachet",2019-12-01,0,333,200,133,0.0,0.0,0.0,200.0,85.5,0.0,0.0,0.0,0.0,1.0,0
10002,39,"Oral Rehydration Salts (ORS), Sachet",2020-02-01,133,0,130,3,1.023076923076923,30.69230769230769,200.0,-70.0,123.66666666666669,333.0,111.0,0.0,133.0,0.0,1
10002,39,"Oral Rehydration Salts (ORS), Sachet",2020-03-01,3,0,3,0,1.0,30.0,130.0,-127.0,110.0,0.0,111.0,133.0,3.0,0.0,1
10002,39,"Oral Rehydration Salts (ORS), Sachet",2020-04-01,0,0,0,0,,,3.0,-3.0,111.0,0.0,111.0,3.0,0.0,1.0,0
10002,39,"Oral Rehydration Salts (ORS), Sachet",2020-06-01,0,599,58,541,0.0,0.0,0.0,58.0,44.333333333333336,0.0,0.0,0.0,0.0,1.0,0
10002,39,"Oral Rehydration Salts (ORS), Sachet",2020-08-01,541,0,192,349,2.817708333333333,84.53125,58.0,134.0,20.33333333333333,599.0,199.66666666666663,0.0,541.0,0.0,0
10002,39,"Oral Rehydration Salts (ORS), Sachet",2020-09-01,349,0,149,200,2.3422818791946307,70.26845637583892,192.0,-43.0,83.33333333333333,0.0,199.66666666666663,541.0,349.0,0.0,0
10002,39,"Oral Rehydration Salts (ORS), Sachet",2020-11-01,200,0,51,149,3.92156862745098,117.6470588235294,149.0,-98.0,133.0,0.0,199.66666666666663,349.0,200.0,0.0,0
10002,39,"Oral Rehydration Salts (ORS), Sachet",2020-12-01,149,254,98,305,1.520408163265306,45.61224489795919,51.0,47.0,130.66666666666666,0.0,0.0,200.0,149.0,0.0,0
10002,39,"Oral Rehydration Salts (ORS), Sachet",2021-01-01,305,0,112,193,2.7232142857142856,81.69642857142857,98.0,14.0,99.33333333333331,254.0,84.66666666666667,149.0,305.0,0.0,0
10002,39,"Oral Rehydration Salts (ORS), Sachet",2021-02-01,193,0,125,68,1.544,46.32,112.0,13.0,87.0,0.0,84.66666666666667,305.0,193.0,0.0,1
10002,39,"Oral Rehydration Salts (ORS), Sachet",2021-03-01,68,0,68,0,1.0,30.0,125.0,-57.0,111.66666666666669,0.0,84.66666666666667,193.0,68.0,0.0,0
10002,39,"Oral Rehydration Salts (ORS), Sachet",2021-04-01,0,282,187,95,0.0,0.0,68.0,119.0,101.66666666666669,0.0,0.0,68.0,0.0,1.0,1
10002,39,"Oral Rehydration Salts (ORS), Sachet",2021-05-01,95,0,95,0,1.0,30.0,187.0,-92.0,126.66666666666669,282.0,94.0,0.0,95.0,0.0,1
10002,39,"Oral Rehydration Salts (ORS), Sachet",2021-07-01,0,0,0,0,,,95.0,-95.0,116.66666666666669,0.0,94.0,95.0,0.0,1.0,1
10002,39,"Oral Rehydration Salts (ORS), Sachet",2021-08-01,0,0,0,0,,,0.0,0.0,94.0,0.0,94.0,0.0,0.0,1.0,0
10002,39,"Oral Rehydration Salts (ORS), Sachet",2021-10-01,0,466,106,360,0.0,0.0,0.0,106.0,31.666666666666668,0.0,0.0,0.0,0.0,1.0,0
10002,39,"Oral Rehydration Salts (ORS), Sachet",2021-12-01,360,0,135,225,2.6666666666666665,80.0,106.0,29.0,35.333333333333336,466.0,155.33333333333334,0.0,360.0,0.0,0
10002,39,"Oral Rehydration Salts (ORS), Sachet",2022-01-01,225,0,125,100,1.8,54.0,135.0,-10.0,80.33333333333333,0.0,155.33333333333334,360.0,225.0,0.0,0
10002,39,"Oral Rehydration Salts (ORS), Sachet",2022-02-01,100,731,221,610,0.4524886877828054,13.574660633484164,125.0,96.0,122.0,0.0,155.33333333333334,225.0,100.0,0.0,0
10002,39,"Oral Rehydration Salts (ORS), Sachet",2022-03-01,610,0,263,347,2.3193916349809887,69.58174904942966,221.0,42.0,160.33333333333334,731.0,243.66666666666663,100.0,610.0,0.0,0
10002,39,"Oral Rehydration Salts (ORS), Sachet",2022-04-01,347,0,214,133,1.6214953271028036,48.64485981308411,263.0,-49.0,203.0,0.0,243.66666666666663,610.0,347.0,0.0,1
10002,39,"Oral Rehydration Salts (ORS), Sachet",2022-06-01,133,0,133,0,1.0,30.0,214.0,-81.0,232.66666666666663,0.0,243.66666666666663,347.0,133.0,0.0,1
10002,39,"Oral Rehydration Salts (ORS), Sachet",2022-07-01,0,0,0,0,,,133.0,-133.0,203.33333333333331,0.0,0.0,133.0,0.0,1.0,1
10002,39,"Oral Rehydration Salts (ORS), Sachet",2022-08-01,0,0,0,0,,,0.0,0.0,115.66666666666669,0.0,0.0,0.0,0.0,1.0,0
10002,39,"Oral Rehydration Salts (ORS), Sachet",2022-10-01,0,664,93,571,0.0,0.0,0.0,93.0,44.333333333333336,0.0,0.0,0.0,0.0,1.0,0
10002,39,"Oral Rehydration Salts (ORS), Sachet",2022-11-01,571,0,129,442,4.426356589147287,132.7906976744186,93.0,36.0,31.0,664.0,221.33333333333331,0.0,571.0,0.0,0
10002,39,"Oral Rehydration Salts (ORS), Sachet",2022-12-01,442,0,199,243,2.221105527638191,66.63316582914572,129.0,70.0,74.0,0.0,221.33333333333331,571.0,442.0,0.0,0
10002,39,"Oral Rehydration Salts (ORS), Sachet",2023-02-01,243,0,127,116,1.9133858267716533,57.40157480314961,199.0,-72.0,140.33333333333334,0.0,221.33333333333331,442.0,243.0,0.0,0
10002,39,"Oral Rehydration Salts (ORS), Sachet",2023-05-01,116,451,157,410,0.7388535031847133,22.1656050955414,127.0,30.0,151.66666666666666,0.0,0.0,243.0,116.0,0.0,0
10002,39,"Oral Rehydration Salts (ORS), Sachet",2023-06-01,410,0,35,375,11.714285714285714,351.4285714285714,157.0,-122.0,161.0,451.0,150.33333333333334,116.0,410.0,0.0,0
10002,39,"Oral Rehydration Salts (ORS), Sachet",2023-07-01,375,0,72,303,5.208333333333333,156.25,35.0,37.0,106.33333333333331,0.0,150.33333333333334,410.0,375.0,0.0,0
10002,39,"Oral Rehydration Salts (ORS), Sachet",2023-08-01,303,0,79,224,3.835443037974684,115.0632911392405,72.0,7.0,88.0,0.0,150.33333333333334,375.0,303.0,0.0,0
10002,39,"Oral Rehydration Salts (ORS), Sachet",2023-09-01,224,0,105,119,2.1333333333333333,64.0,79.0,26.0,62.0,0.0,0.0,303.0,224.0,0.0,0
10002,39,"Oral Rehydration Salts (ORS), Sachet",2023-10-01,119,561,232,448,0.5129310344827587,15.38793103448276,105.0,127.0,85.33333333333333,0.0,0.0,224.0,119.0,0.0,0
10002,42,"Methyldopa 250mg, Tab",2019-10-01,51,0,51,0,1.0,30.0,,,,,,,,,1
10002,42,"Methyldopa 250mg, Tab",2019-11-01,0,0,0,0,,,51.0,-51.0,51.0,0.0,0.0,51.0,0.0,1.0,1
10002,42,"Methyldopa 250mg, Tab",2019-12-01,0,0,0,0,,,0.0,0.0,25.5,0.0,0.0,0.0,0.0,1.0,0
10002,42,"Methyldopa 250mg, Tab",2020-01-01,0,108,76,32,0.0,0.0,0.0,76.0,17.0,0.0,0.0,0.0,0.0,1.0,1
10002,42,"Methyldopa 250mg, Tab",2020-02-01,32,0,32,0,1.0,30.0,76.0,-44.0,25.33333333333333,108.0,36.0,0.0,32.0,0.0,1
10002,42,"Methyldopa 250mg, Tab",2020-03-01,0,0,0,0,,,32.0,-32.0,36.0,0.0,36.0,32.0,0.0,1.0,0
10002,42,"Methyldopa 250mg, Tab",2020-04-01,0,343,76,267,0.0,0.0,0.0,76.0,36.0,0.0,36.0,0.0,0.0,1.0,0
10002,42,"Methyldopa 250mg, Tab",2020-05-01,267,0,91,176,2.934065934065934,88.02197802197801,76.0,15.0,36.0,343.0,114.33333333333331,0.0,267.0,0.0,0
10002,42,"Methyldopa 250mg, Tab",2020-06-01,176,0,100,76,1.76,52.8,91.0,9.0,55.66666666666666,0.0,114.33333333333331,267.0,176.0,0.0,0
10002,42,"Methyldopa 250mg, Tab",2020-07-01,76,0,66,10,1.1515151515151516,34.54545454545455,100.0,-34.0,89.0,0.0,114.33333333333331,176.0,76.0,0.0,0
10002,42,"Methyldopa 250mg, Tab",2020-08-01,10,169,104,75,0.0961538461538461,2.8846153846153846,66.0,38.0,85.66666666666667,0.0,0.0,76.0,10.0,0.0,1
10002,42,"Methyldopa 250mg, Tab",2020-09-01,75,0,75,0,1.0,30.0,104.0,-29.0,90.0,169.0,56.333333333333336,10.0,75.0,0.0,1
10002,42,"Methyldopa 250mg, Tab",2020-10-01,0,0,0,0,,,75.0,-75.0,81.66666666666667,0.0,56.333333333333336,75.0,0.0,1.0,0
10002,42,"Methyldopa 250mg, Tab",2020-11-01,0,202,80,122,0.0,0.0,0.0,80.0,59.66666666666666,0.0,56.333333333333336,0.0,0.0,1.0,0
10002,42,"Methyldopa 250mg, Tab",2020-12-01,122,0,118,4,1.0338983050847457,31.01694915254237,80.0,38.0,51.66666666666666,202.0,67.33333333333333,0.0,122.0,0.0,1
10002,42,"Methyldopa 250mg, Tab",2021-01-01,4,0,4,0,1.0,30.0,118.0,-114.0,66.0,0.0,67.33333333333333,122.0,4.0,0.0,1
10002,42,"Methyldopa 250mg, Tab",2021-02-01,0,0,0,0,,,4.0,-4.0,67.33333333333333,0.0,67.33333333333333,4.0,0.0,1.0,0
10002,42,"Methyldopa 250mg, Tab",2021-03-01,0,276,85,191,0.0,0.0,0.0,85.0,40.66666666666666,0.0,0.0,0.0,0.0,1.0,0
10002,42,"Methyldopa 250mg, Tab",2021-04-01,191,0,64,127,2.984375,89.53125,85.0,-21.0,29.666666666666668,276.0,92.0,0.0,191.0,0.0,0
10002,42,"Methyldopa 250mg, Tab",2021-05-01,127,0,123,4,1.032520325203252,30.97560975609756,64.0,59.0,49.66666666666666,0.0,92.0,191.0,127.0,0.0,0
10002,42,"Methyldopa 250mg, Tab",2021-06-01,4,187,68,123,0.0588235294117647,1.7647058823529411,123.0,-55.0,90.66666666666669,0.0,92.0,127.0,4.0,0.0,0
10002,42,"Methyldopa 250mg, Tab",2021-07-01,123,0,102,21,1.2058823529411764,36.17647058823529,68.0,34.0,85.0,187.0,62.333333333333336,4.0,123.0,0.0,1
10002,42,"Methyldopa 250mg, Tab",2021-08-01,21,0,21,0,1.0,30.0,102.0,-81.0,97.66666666666669,0.0,62.333333333333336,123.0,21.0,0.0,0
10002,42,"Methyldopa 250mg, Tab",2021-09-01,0,178,65,113,0.0,0.0,21.0,44.0,63.66666666666666,0.0,62.333333333333336,21.0,0.0,1.0,0
10002,42,"Methyldopa 250mg, Tab",2021-11-01,113,0,87,26,1.2988505747126438,38.96551724137931,65.0,22.0,62.66666666666666,178.0,59.333333333333336,0.0,113.0,0.0,1
10002,42,"Methyldopa 250mg, Tab",2022-02-01,26,0,26,0,1.0,30.0,87.0,-61.0,57.66666666666666,0.0,59.333333333333336,113.0,26.0,0.0,0
10002,42,"Methyldopa 250mg, Tab",2022-03-01,0,140,68,72,0.0,0.0,26.0,42.0,59.333333333333336,0.0,59.333333333333336,26.0,0.0,1.0,0
10002,42,"Methyldopa 250mg, Tab",2022-04-01,72,0,21,51,3.4285714285714284,102.85714285714285,68.0,-47.0,60.333333333333336,140.0,46.66666666666666,0.0,72.0,0.0,0
10002,42,"Methyldopa 250mg, Tab",2022-05-01,51,0,23,28,2.217391304347826,66.52173913043478,21.0,2.0,38.333333333333336,0.0,46.66666666666666,72.0,51.0,0.0,0
10002,42,"Methyldopa 250mg, Tab",2022-06-01,28,295,58,265,0.4827586206896552,14.482758620689657,23.0,35.0,37.333333333333336,0.0,46.66666666666666,51.0,28.0,0.0,0
10002,42,"Methyldopa 250mg, Tab",2022-07-01,265,0,11,254,24.09090909090909,722.7272727272727,58.0,-47.0,34.0,295.0,98.33333333333331,28.0,265.0,0.0,0
10002,42,"Methyldopa 250mg, Tab",2022-08-01,254,0,110,144,2.309090909090909,69.27272727272727,11.0,99.0,30.666666666666668,0.0,98.33333333333331,265.0,254.0,0.0,0
10002,42,"Methyldopa 250mg, Tab",2022-09-01,144,0,80,64,1.8,54.0,110.0,-30.0,59.66666666666666,0.0,98.33333333333331,254.0,144.0,0.0,0
10002,42,"Methyldopa 250mg, Tab",2022-10-01,64,334,107,291,0.5981308411214953,17.94392523364486,80.0,27.0,67.0,0.0,0.0,144.0,64.0,0.0,0
10002,42,"Methyldopa 250mg, Tab",2022-11-01,291,0,75,216,3.88,116.4,107.0,-32.0,99.0,334.0,111.33333333333331,64.0,291.0,0.0,0
10002,42,"Methyldopa 250mg, Tab",2022-12-01,216,0,19,197,11.36842105263158,341.05263157894734,75.0,-56.0,87.33333333333333,0.0,111.33333333333331,291.0,216.0,0.0,0
10002,42,"Methyldopa 250mg, Tab",2023-01-01,197,0,134,63,1.4701492537313432,44.1044776119403,19.0,115.0,67.0,0.0,111.33333333333331,216.0,197.0,0.0,1
10002,42,"Methyldopa 250mg, Tab",2023-02-01,63,0,63,0,1.0,30.0,134.0,-71.0,76.0,0.0,0.0,197.0,63.0,0.0,0
10002,42,"Methyldopa 250mg, Tab",2023-03-01,0,219,80,139,0.0,0.0,63.0,17.0,72.0,0.0,0.0,63.0,0.0,1.0,0
10002,42,"Methyldopa 250mg, Tab",2023-04-01,139,0,108,31,1.287037037037037,38.61111111111111,80.0,28.0,92.33333333333331,219.0,73.0,0.0,139.0,0.0,1
10002,42,"Methyldopa 250mg, Tab",2023-05-01,31,0,31,0,1.0,30.0,108.0,-77.0,83.66666666666667,0.0,73.0,139.0,31.0,0.0,1
10002,42,"Methyldopa 250mg, Tab",2023-06-01,0,0,0,0,,,31.0,-31.0,73.0,0.0,73.0,31.0,0.0,1.0,1
10002,42,"Methyldopa 250mg, Tab",2023-07-01,0,0,0,0,,,0.0,0.0,46.333333333333336,0.0,0.0,0.0,0.0,1.0,1
10002,42,"Methyldopa 250mg, Tab",2023-08-01,0,0,0,0,,,0.0,0.0,10.333333333333334,0.0,0.0,0.0,0.0,1.0,1
10002,42,"Methyldopa 250mg, Tab",2023-10-01,0,0,0,0,,,0.0,0.0,0.0,0.0,0.0,0.0,0.0,1.0,1
10002,43,"Zinc Sulphate 20mg, Dispersible, Tab",2019-10-01,243,0,182,61,1.335164835164835,40.05494505494505,,,,,,,,,1
10002,43,"Zinc Sulphate 20mg, Dispersible, Tab",2019-11-01,61,0,61,0,1.0,30.0,182.0,-121.0,182.0,0.0,0.0,243.0,61.0,0.0,0
10002,43,"Zinc Sulphate 20mg, Dispersible, Tab",2019-12-01,0,414,139,275,0.0,0.0,61.0,78.0,121.5,0.0,0.0,61.0,0.0,1.0,0
10002,43,"Zinc Sulphate 20mg, Dispersible, Tab",2020-03-01,275,0,60,215,4.583333333333333,137.5,139.0,-79.0,127.33333333333331,414.0,138.0,0.0,275.0,0.0,0
10002,43,"Zinc Sulphate 20mg, Dispersible, Tab",2020-04-01,215,0,171,44,1.2573099415204678,37.719298245614034,60.0,111.0,86.66666666666667,0.0,138.0,275.0,215.0,0.0,0
10002,43,"Zinc Sulphate 20mg, Dispersible, Tab",2020-05-01,44,455,108,391,0.4074074074074074,12.22222222222222,171.0,-63.0,123.33333333333331,0.0,138.0,215.0,44.0,0.0,0
10002,43,"Zinc Sulphate 20mg, Dispersible, Tab",2020-06-01,391,0,176,215,2.221590909090909,66.64772727272728,108.0,68.0,113.0,455.0,151.66666666666666,44.0,391.0,0.0,0
10002,43,"Zinc Sulphate 20mg, Dispersible, Tab",2020-09-01,215,0,93,122,2.3118279569892475,69.35483870967742,176.0,-83.0,151.66666666666666,0.0,151.66666666666666,391.0,215.0,0.0,0
10002,43,"Zinc Sulphate 20mg, Dispersible, Tab",2020-11-01,122,526,100,548,1.22,36.6,93.0,7.0,125.66666666666669,0.0,151.66666666666666,215.0,122.0,0.0,0
10002,43,"Zinc Sulphate 20mg, Dispersible, Tab",2020-12-01,548,0,86,462,6.372093023255814,191.1627906976744,100.0,-14.0,123.0,526.0,175.33333333333334,122.0,548.0,0.0,0
10002,43,"Zinc Sulphate 20mg, Dispersible, Tab",2021-01-01,462,0,133,329,3.473684210526316,104.21052631578948,86.0,47.0,93.0,0.0,175.33333333333334,548.0,462.0,0.0,0
10002,43,"Zinc Sulphate 20mg, Dispersible, Tab",2021-03-01,329,0,129,200,2.550387596899225,76.51162790697674,133.0,-4.0,106.33333333333331,0.0,175.33333333333334,462.0,329.0,0.0,0
10002,43,"Zinc Sulphate 20mg, Dispersible, Tab",2021-06-01,200,0,190,10,1.0526315789473684,31.57894736842105,129.0,61.0,116.0,0.0,0.0,329.0,200.0,0.0,1
10002,43,"Zinc Sulphate 20mg, Dispersible, Tab",2021-07-01,10,0,10,0,1.0,30.0,190.0,-180.0,150.66666666666666,0.0,0.0,200.0,10.0,0.0,0
10002,43,"Zinc Sulphate 20mg, Dispersible, Tab",2021-08-01,0,559,159,400,0.0,0.0,10.0,149.0,109.66666666666669,0.0,0.0,10.0,0.0,1.0,0
10002,43,"Zinc Sulphate 20mg, Dispersible, Tab",2021-10-01,400,0,120,280,3.333333333333333,100.0,159.0,-39.0,119.66666666666669,559.0,186.33333333333331,0.0,400.0,0.0,0
10002,43,"Zinc Sulphate 20mg, Dispersible, Tab",2021-11-01,280,0,102,178,2.7450980392156863,82.3529411764706,120.0,-18.0,96.33333333333331,0.0,186.33333333333331,400.0,280.0,0.0,1
10002,43,"Zinc Sulphate 20mg, Dispersible, Tab",2021-12-01,178,0,178,0,1.0,30.0,102.0,76.0,127.0,0.0,186.33333333333331,280.0,178.0,0.0,1
10002,43,"Zinc Sulphate 20mg, Dispersible, Tab",2022-01-01,0,0,0,0,,,178.0,-178.0,133.33333333333334,0.0,0.0,178.0,0.0,1.0,1
10002,43,"Zinc Sulphate 20mg, Dispersible, Tab",2022-02-01,0,0,0,0,,,0.0,0.0,93.33333333333331,0.0,0.0,0.0,0.0,1.0,0
10002,43,"Zinc Sulphate 20mg, Dispersible, Tab",2022-03-01,0,557,79,478,0.0,0.0,0.0,79.0,59.333333333333336,0.0,0.0,0.0,0.0,1.0,0
10002,43,"Zinc Sulphate 20mg, Dispersible, Tab",2022-04-01,478,0,92,386,5.195652173913044,155.8695652173913,79.0,13.0,26.33333333333333,557.0,185.66666666666663,0.0,478.0,0.0,0
10002,43,"Zinc Sulphate 20mg, Dispersible, Tab",2022-05-01,386,0,55,331,7.0181818181818185,210.54545454545456,92.0,-37.0,57.0,0.0,185.66666666666663,478.0,386.0,0.0,0
10002,43,"Zinc Sulphate 20mg, Dispersible, Tab",2022-07-01,331,0,108,223,3.064814814814815,91.94444444444444,55.0,53.0,75.33333333333333,0.0,185.66666666666663,386.0,331.0,0.0,0
10002,43,"Zinc Sulphate 20mg, Dispersible, Tab",2022-09-01,223,0,95,128,2.347368421052632,70.42105263157896,108.0,-13.0,85.0,0.0,0.0,331.0,223.0,0.0,0
10002,43,"Zinc Sulphate 20mg, Dispersible, Tab",2022-10-01,128,400,202,326,0.6336633663366337,19.00990099009901,95.0,107.0,86.0,0.0,0.0,223.0,128.0,0.0,0
10002,43,"Zinc Sulphate 20mg, Dispersible, Tab",2022-11-01,326,0,147,179,2.217687074829932,66.53061224489795,202.0,-55.0,135.0,400.0,133.33333333333334,128.0,326.0,0.0,0
10002,43,"Zinc Sulphate 20mg, Dispersible, Tab",2022-12-01,179,0,154,25,1.1623376623376624,34.87012987012987,147.0,7.0,148.0,0.0,133.33333333333334,326.0,179.0,0.0,0
10002,43,"Zinc Sulphate 20mg, Dispersible, Tab",2023-01-01,25,537,152,410,0.1644736842105263,4.934210526315789,154.0,-2.0,167.66666666666666,0.0,133.33333333333334,179.0,25.0,0.0,0
10002,43,"Zinc Sulphate 20mg, Dispersible, Tab",2023-02-01,410,0,93,317,4.408602150537634,132.25806451612902,152.0,-59.0,151.0,537.0,179.0,25.0,410.0,0.0,0
10002,43,"Zinc Sulphate 20mg, Dispersible, Tab",2023-03-01,317,0,136,181,2.3308823529411766,69.9264705882353,93.0,43.0,133.0,0.0,179.0,410.0,317.0,0.0,0
10002,43,"Zinc Sulphate 20mg, Dispersible, Tab",2023-04-01,181,0,116,65,1.5603448275862069,46.810344827586206,136.0,-20.0,127.0,0.0,179.0,317.0,181.0,0.0,0
10002,43,"Zinc Sulphate 20mg, Dispersible, Tab",2023-05-01,65,0,30,35,2.1666666666666665,65.0,116.0,-86.0,115.0,0.0,0.0,181.0,65.0,0.0,1
10002,43,"Zinc Sulphate 20mg, Dispersible, Tab",2023-06-01,35,0,35,0,1.0,30.0,30.0,5.0,94.0,0.0,0.0,65.0,35.0,0.0,0
10002,43,"Zinc Sulphate 20mg, Dispersible, Tab",2023-08-01,0,487,154,333,0.0,0.0,35.0,119.0,60.333333333333336,0.0,0.0,35.0,0.0,1.0,0
10002,43,"Zinc Sulphate 20mg, Dispersible, Tab",2023-10-01,333,0,71,262,4.690140845070423,140.7042253521127,154.0,-83.0,73.0,487.0,162.33333333333334,0.0,333.0,0.0,0
10002,47,"Chlorhexidine Gluconate 7.1%, Gel",2019-11-01,4,0,3,1,1.3333333333333333,40.0,,,,,,,,,0
10002,47,"Chlorhexidine Gluconate 7.1%, Gel",2019-12-01,1,13,3,11,0.3333333333333333,10.0,3.0,0.0,3.0,0.0,0.0,4.0,1.0,0.0,0
10002,47,"Chlorhexidine Gluconate 7.1%, Gel",2020-01-01,11,0,3,8,3.6666666666666665,110.0,3.0,0.0,3.0,13.0,6.5,1.0,11.0,0.0,0
10002,47,"Chlorhexidine Gluconate 7.1%, Gel",2020-02-01,8,0,5,3,1.6,48.0,3.0,2.0,3.0,0.0,4.333333333333333,11.0,8.0,0.0,0
10002,47,"Chlorhexidine Gluconate 7.1%, Gel",2020-03-01,3,7,3,7,1.0,30.0,5.0,-2.0,3.6666666666666665,0.0,4.333333333333333,8.0,3.0,0.0,0
10002,47,"Chlorhexidine Gluconate 7.1%, Gel",2020-04-01,7,0,2,5,3.5,105.0,3.0,-1.0,3.6666666666666665,7.0,2.333333333333333,3.0,7.0,0.0,0
10002,47,"Chlorhexidine Gluconate 7.1%, Gel",2020-05-01,5,0,1,4,5.0,150.0,2.0,-1.0,3.333333333333333,0.0,2.333333333333333,7.0,5.0,0.0,0
10002,47,"Chlorhexidine Gluconate 7.1%, Gel",2020-06-01,4,14,6,12,0.6666666666666666,20.0,1.0,5.0,2.0,0.0,2.333333333333333,5.0,4.0,0.0,0
10002,47,"Chlorhexidine Gluconate 7.1%, Gel",2020-08-01,12,0,2,10,6.0,180.0,6.0,-4.0,3.0,14.0,4.666666666666667,4.0,12.0,0.0,0
10002,47,"Chlorhexidine Gluconate 7.1%, Gel",2020-09-01,10,0,2,8,5.0,150.0,2.0,0.0,3.0,0.0,4.666666666666667,12.0,10.0,0.0,0
10002,47,"Chlorhexidine Gluconate 7.1%, Gel",2020-10-01,8,0,3,5,2.6666666666666665,80.0,2.0,1.0,3.333333333333333,0.0,4.666666666666667,10.0,8.0,0.0,0
10002,47,"Chlorhexidine Gluconate 7.1%, Gel",2020-12-01,5,0,2,3,2.5,75.0,3.0,-1.0,2.333333333333333,0.0,0.0,8.0,5.0,0.0,0
10002,47,"Chlorhexidine Gluconate 7.1%, Gel",2021-01-01,3,9,2,10,1.5,45.0,2.0,0.0,2.333333333333333,0.0,0.0,5.0,3.0,0.0,0
10002,47,"Chlorhexidine Gluconate 7.1%, Gel",2021-02-01,10,0,5,5,2.0,60.0,2.0,3.0,2.333333333333333,9.0,3.0,3.0,10.0,0.0,0
10002,47,"Chlorhexidine Gluconate 7.1%, Gel",2021-03-01,5,0,3,2,1.6666666666666667,50.0,5.0,-2.0,3.0,0.0,3.0,10.0,5.0,0.0,0
10002,47,"Chlorhexidine Gluconate 7.1%, Gel",2021-04-01,2,5,1,6,2.0,60.0,3.0,-2.0,3.333333333333333,0.0,3.0,5.0,2.0,0.0,0
10002,47,"Chlorhexidine Gluconate 7.1%, Gel",2021-05-01,6,0,3,3,2.0,60.0,1.0,2.0,3.0,5.0,1.6666666666666667,2.0,6.0,0.0,0
10002,47,"Chlorhexidine Gluconate 7.1%, Gel",2021-06-01,3,0,1,2,3.0,90.0,3.0,-2.0,2.333333333333333,0.0,1.6666666666666667,6.0,3.0,0.0,0
10002,47,"Chlorhexidine Gluconate 7.1%, Gel",2021-07-01,2,17,4,15,0.5,15.0,1.0,3.0,1.6666666666666667,0.0,1.6666666666666667,3.0,2.0,0.0,0
10002,47,"Chlorhexidine Gluconate 7.1%, Gel",2021-09-01,15,0,5,10,3.0,90.0,4.0,1.0,2.6666666666666665,17.0,5.666666666666667,2.0,15.0,0.0,0
10002,47,"Chlorhexidine Gluconate 7.1%, Gel",2021-10-01,10,0,2,8,5.0,150.0,5.0,-3.0,3.333333333333333,0.0,5.666666666666667,15.0,10.0,0.0,0
10002,47,"Chlorhexidine Gluconate 7.1%, Gel",2021-11-01,8,0,6,2,1.3333333333333333,40.0,2.0,4.0,3.6666666666666665,0.0,5.666666666666667,10.0,8.0,0.0,1
10002,47,"Chlorhexidine Gluconate 7.1%, Gel",2021-12-01,2,0,2,0,1.0,30.0,6.0,-4.0,4.333333333333333,0.0,0.0,8.0,2.0,0.0,0
10002,47,"Chlorhexidine Gluconate 7.1%, Gel",2022-01-01,0,8,3,5,0.0,0.0,2.0,1.0,3.333333333333333,0.0,0.0,2.0,0.0,1.0,0
10002,47,"Chlorhexidine Gluconate 7.1%, Gel",2022-02-01,5,0,4,1,1.25,37.5,3.0,1.0,3.6666666666666665,8.0,2.6666666666666665,0.0,5.0,0.0,0
10002,47,"Chlorhexidine Gluconate 7.1%, Gel",2022-03-01,1,8,4,5,0.25,7.5,4.0,0.0,3.0,0.0,2.6666666666666665,5.0,1.0,0.0,0
10002,47,"Chlorhexidine Gluconate 7.1%, Gel",2022-04-01,5,0,4,1,1.25,37.5,4.0,0.0,3.6666666666666665,8.0,5.333333333333333,1.0,5.0,0.0,1
10002,47,"Chlorhexidine Gluconate 7.1%, Gel",2022-05-01,1,0,1,0,1.0,30.0,4.0,-3.0,4.0,0.0,2.6666666666666665,5.0,1.0,0.0,0
10002,47,"Chlorhexidine Gluconate 7.1%, Gel",2022-06-01,0,15,3,12,0.0,0.0,1.0,2.0,3.0,0.0,2.6666666666666665,1.0,0.0,1.0,0
10002,47,"Chlorhexidine Gluconate 7.1%, Gel",2022-07-01,12,0,3,9,4.0,120.0,3.0,0.0,2.6666666666666665,15.0,5.0,0.0,12.0,0.0,0
10002,47,"Chlorhexidine Gluconate 7.1%, Gel",2022-09-01,9,0,5,4,1.8,54.0,3.0,2.0,2.333333333333333,0.0,5.0,12.0,9.0,0.0,0
10002,47,"Chlorhexidine Gluconate 7.1%, Gel",2022-10-01,4,11,2,13,2.0,60.0,5.0,-3.0,3.6666666666666665,0.0,5.0,9.0,4.0,0.0,0
10002,47,"Chlorhexidine Gluconate 7.1%, Gel",2022-11-01,13,0,2,11,6.5,195.0,2.0,0.0,3.333333333333333,11.0,3.6666666666666665,4.0,13.0,0.0,0
10002,47,"Chlorhexidine Gluconate 7.1%, Gel",2022-12-01,11,0,5,6,2.2,66.0,2.0,3.0,3.0,0.0,3.6666666666666665,13.0,11.0,0.0,0
10002,47,"Chlorhexidine Gluconate 7.1%, Gel",2023-01-01,6,0,1,5,6.0,180.0,5.0,-4.0,3.0,0.0,3.6666666666666665,11.0,6.0,0.0,1
10002,47,"Chlorhexidine Gluconate 7.1%, Gel",2023-03-01,5,0,5,0,1.0,30.0,1.0,4.0,2.6666666666666665,0.0,0.0,6.0,5.0,0.0,0
10002,47,"Chlorhexidine Gluconate 7.1%, Gel",2023-04-01,0,6,4,2,0.0,0.0,5.0,-1.0,3.6666666666666665,0.0,0.0,5.0,0.0,1.0,0
10002,47,"Chlorhexidine Gluconate 7.1%, Gel",2023-05-01,2,11,2,11,1.0,30.0,4.0,-2.0,3.333333333333333,6.0,2.0,0.0,2.0,0.0,0
10002,47,"Chlorhexidine Gluconate 7.1%, Gel",2023-06-01,11,0,2,9,5.5,165.0,2.0,0.0,3.6666666666666665,11.0,5.666666666666667,2.0,11.0,0.0,0
10002,47,"Chlorhexidine Gluconate 7.1%, Gel",2023-07-01,9,0,4,5,2.25,67.5,2.0,2.0,2.6666666666666665,0.0,5.666666666666667,11.0,9.0,0.0,0
10002,47,"Chlorhexidine Gluconate 7.1%, Gel",2023-08-01,5,0,4,1,1.25,37.5,4.0,0.0,2.6666666666666665,0.0,3.6666666666666665,9.0,5.0,0.0,1
10002,47,"Chlorhexidine Gluconate 7.1%, Gel",2023-09-01,1,0,1,0,1.0,30.0,4.0,-3.0,3.333333333333333,0.0,0.0,5.0,1.0,0.0,0
10002,47,"Chlorhexidine Gluconate 7.1%, Gel",2023-10-01,0,17,3,14,0.0,0.0,1.0,2.0,3.0,0.0,0.0,1.0,0.0,1.0,0
10002,50,"Paracetamol (Acetaminophen) 500mg, Tab",2019-10-01,2983,0,2830,153,1.054063604240283,31.62190812720848,,,,,,,,,1
10002,50,"Paracetamol (Acetaminophen) 500mg, Tab",2019-11-01,153,0,153,0,1.0,30.0,2830.0,-2677.0,2830.0,0.0,0.0,2983.0,153.0,0.0,1
10002,50,"Paracetamol (Acetaminophen) 500mg, Tab",2019-12-01,0,0,0,0,,,153.0,-153.0,1491.5,0.0,0.0,153.0,0.0,1.0,0
10002,50,"Paracetamol (Acetaminophen) 500mg, Tab",2020-01-01,0,7946,2989,4957,0.0,0.0,0.0,2989.0,994.3333333333334,0.0,0.0,0.0,0.0,1.0,0
10002,50,"Paracetamol (Acetaminophen) 500mg, Tab",2020-03-01,4957,0,2647,2310,1.8726860596902155,56.180581790706455,2989.0,-342.0,1047.3333333333333,7946.0,2648.6666666666665,0.0,4957.0,0.0,0
10002,50,"Paracetamol (Acetaminophen) 500mg, Tab",2020-04-01,2310,0,1336,974,1.729041916167665,51.87125748502994,2647.0,-1311.0,1878.6666666666667,0.0,2648.6666666666665,4957.0,2310.0,0.0,0
10002,50,"Paracetamol (Acetaminophen) 500mg, Tab",2020-05-01,974,6526,1649,5851,0.5906610066707095,17.719830200121287,1336.0,313.0,2324.0,0.0,2648.6666666666665,2310.0,974.0,0.0,0
10002,50,"Paracetamol (Acetaminophen) 500mg, Tab",2020-06-01,5851,0,3162,2689,1.8504111321948131,55.5123339658444,1649.0,1513.0,1877.3333333333333,6526.0,2175.333333333333,974.0,5851.0,0.0,0
10002,50,"Paracetamol (Acetaminophen) 500mg, Tab",2020-07-01,2689,0,2286,403,1.1762904636920386,35.28871391076116,3162.0,-876.0,2049.0,0.0,2175.333333333333,5851.0,2689.0,0.0,0
10002,50,"Paracetamol (Acetaminophen) 500mg, Tab",2020-08-01,403,4349,3269,1483,0.1232792903028449,3.698378709085347,2286.0,983.0,2365.6666666666665,0.0,2175.333333333333,2689.0,403.0,0.0,0
10002,50,"Paracetamol (Acetaminophen) 500mg, Tab",2020-09-01,1483,0,1451,32,1.022053756030324,30.66161268090972,3269.0,-1818.0,2905.6666666666665,4349.0,1449.6666666666667,403.0,1483.0,0.0,1
10002,50,"Paracetamol (Acetaminophen) 500mg, Tab",2020-10-01,32,0,32,0,1.0,30.0,1451.0,-1419.0,2335.333333333333,0.0,1449.6666666666667,1483.0,32.0,0.0,0
10002,50,"Paracetamol (Acetaminophen) 500mg, Tab",2020-11-01,0,7544,4364,3180,0.0,0.0,32.0,4332.0,1584.0,0.0,1449.6666666666667,32.0,0.0,1.0,1
10002,50,"Paracetamol (Acetaminophen) 500mg, Tab",2020-12-01,3180,0,3180,0,1.0,30.0,4364.0,-1184.0,1949.0,7544.0,2514.6666666666665,0.0,3180.0,0.0,1
10002,50,"Paracetamol (Acetaminophen) 500mg, Tab",2021-01-01,0,0,0,0,,,3180.0,-3180.0,2525.333333333333,0.0,2514.6666666666665,3180.0,0.0,1.0,0
10002,50,"Paracetamol (Acetaminophen) 500mg, Tab",2021-02-01,0,4965,1607,3358,0.0,0.0,0.0,1607.0,2514.6666666666665,0.0,2514.6666666666665,0.0,0.0,1.0,0
10002,50,"Paracetamol (Acetaminophen) 500mg, Tab",2021-03-01,3358,0,453,2905,7.41280353200883,222.3841059602649,1607.0,-1154.0,1595.6666666666667,4965.0,1655.0,0.0,3358.0,0.0,0
10002,50,"Paracetamol (Acetaminophen) 500mg, Tab",2021-04-01,2905,0,1711,1194,1.6978375219170077,50.93512565751023,453.0,1258.0,686.6666666666666,0.0,1655.0,3358.0,2905.0,0.0,0
10002,50,"Paracetamol (Acetaminophen) 500mg, Tab",2021-05-01,1194,5554,2399,4349,0.4977073780741975,14.931221342225928,1711.0,688.0,1257.0,0.0,1655.0,2905.0,1194.0,0.0,0
10002,50,"Paracetamol (Acetaminophen) 500mg, Tab",2021-06-01,4349,0,2948,1401,1.4752374491180462,44.25712347354138,2399.0,549.0,1521.0,5554.0,1851.3333333333333,1194.0,4349.0,0.0,1
10002,50,"Paracetamol (Acetaminophen) 500mg, Tab",2021-07-01,1401,0,1401,0,1.0,30.0,2948.0,-1547.0,2352.6666666666665,0.0,1851.3333333333333,4349.0,1401.0,0.0,1
10002,50,"Paracetamol (Acetaminophen) 500mg, Tab",2021-08-01,0,0,0,0,,,1401.0,-1401.0,2249.333333333333,0.0,1851.3333333333333,1401.0,0.0,1.0,0
10002,50,"Paracetamol (Acetaminophen) 500mg, Tab",2021-09-01,0,3248,1504,1744,0.0,0.0,0.0,1504.0,1449.6666666666667,0.0,0.0,0.0,0.0,1.0,0
10002,50,"Paracetamol (Acetaminophen) 500mg, Tab",2021-10-01,1744,0,1636,108,1.0660146699266504,31.980440097799512,1504.0,132.0,968.3333333333334,3248.0,1082.6666666666667,0.0,1744.0,0.0,1
10002,50,"Paracetamol (Acetaminophen) 500mg, Tab",2021-11-01,108,0,108,0,1.0,30.0,1636.0,-1528.0,1046.6666666666667,0.0,1082.6666666666667,1744.0,108.0,0.0,0
10002,50,"Paracetamol (Acetaminophen) 500mg, Tab",2021-12-01,0,7165,2829,4336,0.0,0.0,108.0,2721.0,1082.6666666666667,0.0,1082.6666666666667,108.0,0.0,1.0,0
10002,50,"Paracetamol (Acetaminophen) 500mg, Tab",2022-01-01,4336,0,1694,2642,2.5596221959858325,76.78866587957498,2829.0,-1135.0,1524.3333333333333,7165.0,2388.333333333333,0.0,4336.0,0.0,1
10002,50,"Paracetamol (Acetaminophen) 500mg, Tab",2022-02-01,2642,0,2642,0,1.0,30.0,1694.0,948.0,1543.6666666666667,0.0,2388.333333333333,4336.0,2642.0,0.0,0
10002,50,"Paracetamol (Acetaminophen) 500mg, Tab",2022-03-01,0,10025,1805,8220,0.0,0.0,2642.0,-837.0,2388.333333333333,0.0,2388.333333333333,2642.0,0.0,1.0,0
10002,50,"Paracetamol (Acetaminophen) 500mg, Tab",2022-04-01,8220,0,1222,6998,6.726677577741407,201.8003273322422,1805.0,-583.0,2047.0,10025.0,3341.6666666666665,0.0,8220.0,0.0,0
10002,50,"Paracetamol (Acetaminophen) 500mg, Tab",2022-05-01,6998,0,1749,5249,4.001143510577473,120.03430531732418,1222.0,527.0,1889.6666666666667,0.0,3341.6666666666665,8220.0,6998.0,0.0,0
10002,50,"Paracetamol (Acetaminophen) 500mg, Tab",2022-06-01,5249,0,2106,3143,2.4924026590693256,74.77207977207976,1749.0,357.0,1592.0,0.0,3341.6666666666665,6998.0,5249.0,0.0,0
10002,50,"Paracetamol (Acetaminophen) 500mg, Tab",2022-07-01,3143,0,2371,772,1.325601012231126,39.768030366933786,2106.0,265.0,1692.3333333333333,0.0,0.0,5249.0,3143.0,0.0,0
10002,50,"Paracetamol (Acetaminophen) 500mg, Tab",2022-08-01,772,4940,3269,2443,0.236157846436219,7.084735393086572,2371.0,898.0,2075.333333333333,0.0,0.0,3143.0,772.0,0.0,0
10002,50,"Paracetamol (Acetaminophen) 500mg, Tab",2022-09-01,2443,0,1574,869,1.5520965692503177,46.56289707750953,3269.0,-1695.0,2582.0,4940.0,1646.6666666666667,772.0,2443.0,0.0,1
10002,50,"Paracetamol (Acetaminophen) 500mg, Tab",2022-10-01,869,0,869,0,1.0,30.0,1574.0,-705.0,2404.6666666666665,0.0,1646.6666666666667,2443.0,869.0,0.0,0
10002,50,"Paracetamol (Acetaminophen) 500mg, Tab",2022-11-01,0,7210,1608,5602,0.0,0.0,869.0,739.0,1904.0,0.0,1646.6666666666667,869.0,0.0,1.0,0
10002,50,"Paracetamol (Acetaminophen) 500mg, Tab",2022-12-01,5602,0,1111,4491,5.042304230423042,151.26912691269126,1608.0,-497.0,1350.3333333333333,7210.0,2403.333333333333,0.0,5602.0,0.0,0
10002,50,"Paracetamol (Acetaminophen) 500mg, Tab",2023-01-01,4491,0,1557,2934,2.884393063583815,86.53179190751445,1111.0,446.0,1196.0,0.0,2403.333333333333,5602.0,4491.0,0.0,0
10002,50,"Paracetamol (Acetaminophen) 500mg, Tab",2023-03-01,2934,0,2886,48,1.0166320166320166,30.4989604989605,1557.0,1329.0,1425.3333333333333,0.0,2403.333333333333,4491.0,2934.0,0.0,1
10002,50,"Paracetamol (Acetaminophen) 500mg, Tab",2023-04-01,48,0,48,0,1.0,30.0,2886.0,-2838.0,1851.3333333333333,0.0,0.0,2934.0,48.0,0.0,0
10002,50,"Paracetamol (Acetaminophen) 500mg, Tab",2023-05-01,0,3978,1811,2167,0.0,0.0,48.0,1763.0,1497.0,0.0,0.0,48.0,0.0,1.0,0
10002,50,"Paracetamol (Acetaminophen) 500mg, Tab",2023-06-01,2167,0,2125,42,1.019764705882353,30.59294117647059,1811.0,314.0,1581.6666666666667,3978.0,1326.0,0.0,2167.0,0.0,1
10002,50,"Paracetamol (Acetaminophen) 500mg, Tab",2023-07-01,42,0,42,0,1.0,30.0,2125.0,-2083.0,1328.0,0.0,1326.0,2167.0,42.0,0.0,0
10002,50,"Paracetamol (Acetaminophen) 500mg, Tab",2023-08-01,0,8390,3287,5103,0.0,0.0,42.0,3245.0,1326.0,0.0,1326.0,42.0,0.0,1.0,0
10002,50,"Paracetamol (Acetaminophen) 500mg, Tab",2023-10-01,5103,0,2664,2439,1.9155405405405408,57.46621621621622,3287.0,-623.0,1818.0,8390.0,2796.6666666666665,0.0,5103.0,0.0,0
10002,52,"Povidone Iodine 10%, Solution, Bot",2019-10-01,3,0,2,1,1.5,45.0,,,,,,,,,1
10002,52,"Povidone Iodine 10%, Solution, Bot",2019-11-01,1,0,1,0,1.0,30.0,2.0,-1.0,2.0,0.0,0.0,3.0,1.0,0.0,1
10002,52,"Povidone Iodine 10%, Solution, Bot",2019-12-01,0,0,0,0,,,1.0,-1.0,1.5,0.0,0.0,1.0,0.0,1.0,0
10002,52,"Povidone Iodine 10%, Solution, Bot",2020-01-01,0,11,2,9,0.0,0.0,0.0,2.0,1.0,0.0,0.0,0.0,0.0,1.0,0
10002,52,"Povidone Iodine 10%, Solution, Bot",2020-02-01,9,0,4,5,2.25,67.5,2.0,2.0,1.0,11.0,3.6666666666666665,0.0,9.0,0.0,0
10002,52,"Povidone Iodine 10%, Solution, Bot",2020-03-01,5,0,3,2,1.6666666666666667,50.0,4.0,-1.0,2.0,0.0,3.6666666666666665,9.0,5.0,0.0,1
10002,52,"Povidone Iodine 10%, Solution, Bot",2020-04-01,2,0,2,0,1.0,30.0,3.0,-1.0,3.0,0.0,3.6666666666666665,5.0,2.0,0.0,0
10002,52,"Povidone Iodine 10%, Solution, Bot",2020-06-01,0,11,1,10,0.0,0.0,2.0,-1.0,3.0,0.0,0.0,2.0,0.0,1.0,0
10002,52,"Povidone Iodine 10%, Solution, Bot",2020-07-01,10,0,2,8,5.0,150.0,1.0,1.0,2.0,11.0,3.6666666666666665,0.0,10.0,0.0,0
10002,52,"Povidone Iodine 10%, Solution, Bot",2020-08-01,8,0,2,6,4.0,120.0,2.0,0.0,1.6666666666666667,0.0,3.6666666666666665,10.0,8.0,0.0,0
10002,52,"Povidone Iodine 10%, Solution, Bot",2020-10-01,6,0,1,5,6.0,180.0,2.0,-1.0,1.6666666666666667,0.0,3.6666666666666665,8.0,6.0,0.0,0
10002,52,"Povidone Iodine 10%, Solution, Bot",2020-11-01,5,0,4,1,1.25,37.5,1.0,3.0,1.6666666666666667,0.0,0.0,6.0,5.0,0.0,0
10002,52,"Povidone Iodine 10%, Solution, Bot",2020-12-01,1,5,3,3,0.3333333333333333,10.0,4.0,-1.0,2.333333333333333,0.0,0.0,5.0,1.0,0.0,0
10002,52,"Povidone Iodine 10%, Solution, Bot",2021-02-01,3,0,1,2,3.0,90.0,3.0,-2.0,2.6666666666666665,5.0,1.6666666666666667,1.0,3.0,0.0,0
10002,52,"Povidone Iodine 10%, Solution, Bot",2021-03-01,2,0,0,2,,,1.0,-1.0,2.6666666666666665,0.0,1.6666666666666667,3.0,2.0,0.0,0
10002,52,"Povidone Iodine 10%, Solution, Bot",2021-04-01,2,0,1,1,2.0,60.0,0.0,1.0,1.3333333333333333,0.0,1.6666666666666667,2.0,2.0,0.0,0
10002,52,"Povidone Iodine 10%, Solution, Bot",2021-06-01,1,0,0,1,,,1.0,-1.0,0.6666666666666666,0.0,0.0,2.0,1.0,0.0,0
10002,52,"Povidone Iodine 10%, Solution, Bot",2021-07-01,1,5,0,6,,,0.0,0.0,0.3333333333333333,0.0,0.0,1.0,1.0,0.0,0
10002,52,"Povidone Iodine 10%, Solution, Bot",2021-08-01,6,0,5,1,1.2,36.0,0.0,5.0,0.3333333333333333,5.0,1.6666666666666667,1.0,6.0,0.0,1
10002,52,"Povidone Iodine 10%, Solution, Bot",2021-09-01,1,0,1,0,1.0,30.0,5.0,-4.0,1.6666666666666667,0.0,1.6666666666666667,6.0,1.0,0.0,0
10002,52,"Povidone Iodine 10%, Solution, Bot",2021-10-01,0,7,1,6,0.0,0.0,1.0,0.0,2.0,0.0,1.6666666666666667,1.0,0.0,1.0,0
10002,52,"Povidone Iodine 10%, Solution, Bot",2022-04-01,6,0,2,4,3.0,90.0,1.0,1.0,2.333333333333333,7.0,2.333333333333333,0.0,6.0,0.0,0
10002,52,"Povidone Iodine 10%, Solution, Bot",2022-05-01,4,0,2,2,2.0,60.0,2.0,0.0,1.3333333333333333,0.0,2.333333333333333,6.0,4.0,0.0,0
10002,52,"Povidone Iodine 10%, Solution, Bot",2022-06-01,2,0,1,1,2.0,60.0,2.0,-1.0,1.6666666666666667,0.0,2.333333333333333,4.0,2.0,0.0,1
10002,52,"Povidone Iodine 10%, Solution, Bot",2022-07-01,1,0,1,0,1.0,30.0,1.0,0.0,1.6666666666666667,0.0,0.0,2.0,1.0,0.0,0
10002,52,"Povidone Iodine 10%, Solution, Bot",2022-08-01,0,8,3,5,0.0,0.0,1.0,2.0,1.3333333333333333,0.0,0.0,1.0,0.0,1.0,0
10002,52,"Povidone Iodine 10%, Solution, Bot",2022-09-01,5,0,2,3,2.5,75.0,3.0,-1.0,1.6666666666666667,8.0,2.6666666666666665,0.0,5.0,0.0,0
10002,52,"Povidone Iodine 10%, Solution, Bot",2022-10-01,3,0,2,1,1.5,45.0,2.0,0.0,2.0,0.0,2.6666666666666665,5.0,3.0,0.0,0
10002,52,"Povidone Iodine 10%, Solution, Bot",2022-11-01,1,8,2,7,0.5,15.0,2.0,0.0,2.333333333333333,0.0,2.6666666666666665,3.0,1.0,0.0,0
10002,52,"Povidone Iodine 10%, Solution, Bot",2022-12-01,7,0,1,6,7.0,210.0,2.0,-1.0,2.0,8.0,2.6666666666666665,1.0,7.0,0.0,0
10002,52,"Povidone Iodine 10%, Solution, Bot",2023-01-01,6,0,1,5,6.0,180.0,1.0,0.0,1.6666666666666667,0.0,2.6666666666666665,7.0,6.0,0.0,0
10002,52,"Povidone Iodine 10%, Solution, Bot",2023-02-01,5,0,2,3,2.5,75.0,1.0,1.0,1.3333333333333333,0.0,2.6666666666666665,6.0,5.0,0.0,1
10002,52,"Povidone Iodine 10%, Solution, Bot",2023-03-01,3,0,3,0,1.0,30.0,2.0,1.0,1.3333333333333333,0.0,0.0,5.0,3.0,0.0,0
10002,52,"Povidone Iodine 10%, Solution, Bot",2023-04-01,0,4,1,3,0.0,0.0,3.0,-2.0,2.0,0.0,0.0,3.0,0.0,1.0,0
10002,52,"Povidone Iodine 10%, Solution, Bot",2023-05-01,3,0,1,2,3.0,90.0,1.0,0.0,2.0,4.0,1.3333333333333333,0.0,3.0,0.0,0
10002,52,"Povidone Iodine 10%, Solution, Bot",2023-06-01,2,3,1,4,2.0,60.0,1.0,0.0,1.6666666666666667,0.0,1.3333333333333333,3.0,2.0,0.0,0
10002,52,"Povidone Iodine 10%, Solution, Bot",2023-07-01,4,0,2,2,2.0,60.0,1.0,1.0,1.0,3.0,2.333333333333333,2.0,4.0,0.0,0
10002,52,"Povidone Iodine 10%, Solution, Bot",2023-09-01,2,5,2,5,1.0,30.0,2.0,0.0,1.3333333333333333,0.0,1.0,4.0,2.0,0.0,0
10002,52,"Povidone Iodine 10%, Solution, Bot",2023-10-01,5,0,4,1,1.25,37.5,2.0,2.0,1.6666666666666667,5.0,2.6666666666666665,2.0,5.0,0.0,0
10003,19,"Ferrous Sulphate 200mg, Tab",2019-11-01,948,0,589,359,1.6095076400679118,48.28522920203736,,,,,,,,,0
10003,19,"Ferrous Sulphate 200mg, Tab",2019-12-01,359,0,330,29,1.087878787878788,32.63636363636364,589.0,-259.0,589.0,0.0,0.0,948.0,359.0,0.0,0
10003,19,"Ferrous Sulphate 200mg, Tab",2020-01-01,29,1032,494,567,0.0587044534412955,1.7611336032388665,330.0,164.0,459.5,0.0,0.0,359.0,29.0,0.0,0
10003,19,"Ferrous Sulphate 200mg, Tab",2020-02-01,567,0,494,73,1.1477732793522266,34.4331983805668,494.0,0.0,471.0,1032.0,344.0,29.0,567.0,0.0,1
10003,19,"Ferrous Sulphate 200mg, Tab",2020-03-01,73,0,73,0,1.0,30.0,494.0,-421.0,439.3333333333333,0.0,344.0,567.0,73.0,0.0,0
10003,19,"Ferrous Sulphate 200mg, Tab",2020-05-01,0,2317,792,1525,0.0,0.0,73.0,719.0,353.6666666666667,0.0,344.0,73.0,0.0,1.0,0
10003,19,"Ferrous Sulphate 200mg, Tab",2020-06-01,1525,0,429,1096,3.554778554778555,106.64335664335664,792.0,-363.0,453.0,2317.0,772.3333333333334,0.0,1525.0,0.0,0
10003,19,"Ferrous Sulphate 200mg, Tab",2020-07-01,1096,0,356,740,3.0786516853932584,92.35955056179776,429.0,-73.0,431.3333333333333,0.0,772.3333333333334,1525.0,1096.0,0.0,1
10003,19,"Ferrous Sulphate 200mg, Tab",2020-09-01,740,0,740,0,1.0,30.0,356.0,384.0,525.6666666666666,0.0,772.3333333333334,1096.0,740.0,0.0,0
10003,19,"Ferrous Sulphate 200mg, Tab",2020-11-01,0,1642,483,1159,0.0,0.0,740.0,-257.0,508.3333333333333,0.0,0.0,740.0,0.0,1.0,0
10003,19,"Ferrous Sulphate 200mg, Tab",2020-12-01,1159,0,600,559,1.9316666666666664,57.95,483.0,117.0,526.3333333333334,1642.0,547.3333333333334,0.0,1159.0,0.0,0
10003,19,"Ferrous Sulphate 200mg, Tab",2021-02-01,559,0,323,236,1.7306501547987616,51.919504643962846,600.0,-277.0,607.6666666666666,0.0,547.3333333333334,1159.0,559.0,0.0,0
10003,19,"Ferrous Sulphate 200mg, Tab",2021-03-01,236,2392,640,1988,0.36875,11.0625,323.0,317.0,468.6666666666667,0.0,547.3333333333334,559.0,236.0,0.0,0
10003,19,"Ferrous Sulphate 200mg, Tab",2021-05-01,1988,0,746,1242,2.6648793565683646,79.94638069705094,640.0,106.0,521.0,2392.0,797.3333333333334,236.0,1988.0,0.0,0
10003,19,"Ferrous Sulphate 200mg, Tab",2021-06-01,1242,0,559,683,2.221824686940966,66.65474060822899,746.0,-187.0,569.6666666666666,0.0,797.3333333333334,1988.0,1242.0,0.0,0
10003,19,"Ferrous Sulphate 200mg, Tab",2021-07-01,683,1690,333,2040,2.051051051051051,61.531531531531535,559.0,-226.0,648.3333333333334,0.0,797.3333333333334,1242.0,683.0,0.0,0
10003,19,"Ferrous Sulphate 200mg, Tab",2021-08-01,2040,0,704,1336,2.897727272727273,86.93181818181819,333.0,371.0,546.0,1690.0,563.3333333333334,683.0,2040.0,0.0,0
10003,19,"Ferrous Sulphate 200mg, Tab",2021-09-01,1336,0,706,630,1.8923512747875355,56.77053824362606,704.0,2.0,532.0,0.0,563.3333333333334,2040.0,1336.0,0.0,1
10003,19,"Ferrous Sulphate 200mg, Tab",2021-10-01,630,0,630,0,1.0,30.0,706.0,-76.0,581.0,0.0,563.3333333333334,1336.0,630.0,0.0,0
10003,19,"Ferrous Sulphate 200mg, Tab",2021-11-01,0,894,729,165,0.0,0.0,630.0,99.0,680.0,0.0,0.0,630.0,0.0,1.0,1
10003,19,"Ferrous Sulphate 200mg, Tab",2021-12-01,165,0,165,0,1.0,30.0,729.0,-564.0,688.3333333333334,894.0,298.0,0.0,165.0,0.0,1
10003,19,"Ferrous Sulphate 200mg, Tab",2022-01-01,0,0,0,0,,,165.0,-165.0,508.0,0.0,298.0,165.0,0.0,1.0,0
10003,19,"Ferrous Sulphate 200mg, Tab",2022-02-01,0,1190,702,488,0.0,0.0,0.0,702.0,298.0,0.0,298.0,0.0,0.0,1.0,0
10003,19,"Ferrous Sulphate 200mg, Tab",2022-03-01,488,0,427,61,1.1428571428571428,34.285714285714285,702.0,-275.0,289.0,1190.0,396.6666666666667,0.0,488.0,0.0,1
10003,19,"Ferrous Sulphate 200mg, Tab",2022-04-01,61,0,61,0,1.0,30.0,427.0,-366.0,376.3333333333333,0.0,396.6666666666667,488.0,61.0,0.0,0
10003,19,"Ferrous Sulphate 200mg, Tab",2022-05-01,0,2460,668,1792,0.0,0.0,61.0,607.0,396.6666666666667,0.0,396.6666666666667,61.0,0.0,1.0,0
10003,19,"Ferrous Sulphate 200mg, Tab",2022-06-01,1792,0,641,1151,2.795631825273011,83.86895475819033,668.0,-27.0,385.3333333333333,2460.0,820.0,0.0,1792.0,0.0,0
10003,19,"Ferrous Sulphate 200mg, Tab",2022-07-01,1151,0,403,748,2.856079404466501,85.68238213399505,641.0,-238.0,456.6666666666667,0.0,820.0,1792.0,1151.0,0.0,0
10003,19,"Ferrous Sulphate 200mg, Tab",2022-08-01,748,0,563,185,1.3285968028419184,39.85790408525755,403.0,160.0,570.6666666666666,0.0,820.0,1151.0,748.0,0.0,0
10003,19,"Ferrous Sulphate 200mg, Tab",2022-09-01,185,1960,430,1715,0.4302325581395348,12.906976744186046,563.0,-133.0,535.6666666666666,0.0,0.0,748.0,185.0,0.0,0
10003,19,"Ferrous Sulphate 200mg, Tab",2022-10-01,1715,0,447,1268,3.83668903803132,115.1006711409396,430.0,17.0,465.3333333333333,1960.0,653.3333333333334,185.0,1715.0,0.0,0
10003,19,"Ferrous Sulphate 200mg, Tab",2022-11-01,1268,0,704,564,1.8011363636363635,54.03409090909091,447.0,257.0,480.0,0.0,653.3333333333334,1715.0,1268.0,0.0,0
10003,19,"Ferrous Sulphate 200mg, Tab",2022-12-01,564,2747,731,2580,0.771545827633379,23.14637482900137,704.0,27.0,527.0,0.0,653.3333333333334,1268.0,564.0,0.0,0
10003,19,"Ferrous Sulphate 200mg, Tab",2023-01-01,2580,0,463,2117,5.572354211663067,167.17062634989202,731.0,-268.0,627.3333333333334,2747.0,915.6666666666666,564.0,2580.0,0.0,0
10003,19,"Ferrous Sulphate 200mg, Tab",2023-02-01,2117,0,345,1772,6.136231884057971,184.08695652173915,463.0,-118.0,632.6666666666666,0.0,915.6666666666666,2580.0,2117.0,0.0,0
10003,19,"Ferrous Sulphate 200mg, Tab",2023-03-01,1772,0,734,1038,2.4141689373297,72.42506811989101,345.0,389.0,513.0,0.0,915.6666666666666,2117.0,1772.0,0.0,0
10003,19,"Ferrous Sulphate 200mg, Tab",2023-04-01,1038,0,599,439,1.7328881469115192,51.98664440734557,734.0,-135.0,514.0,0.0,0.0,1772.0,1038.0,0.0,0
10003,19,"Ferrous Sulphate 200mg, Tab",2023-05-01,439,1448,226,1661,1.9424778761061947,58.27433628318584,599.0,-373.0,559.3333333333334,0.0,0.0,1038.0,439.0,0.0,0
10003,19,"Ferrous Sulphate 200mg, Tab",2023-06-01,1661,0,670,991,2.47910447761194,74.3731343283582,226.0,444.0,519.6666666666666,1448.0,482.6666666666667,439.0,1661.0,0.0,0
10003,19,"Ferrous Sulphate 200mg, Tab",2023-07-01,991,0,281,710,3.526690391459075,105.80071174377224,670.0,-389.0,498.3333333333333,0.0,482.6666666666667,1661.0,991.0,0.0,0
10003,19,"Ferrous Sulphate 200mg, Tab",2023-08-01,710,0,708,2,1.002824858757062,30.08474576271186,281.0,427.0,392.3333333333333,0.0,482.6666666666667,991.0,710.0,0.0,0
10003,19,"Ferrous Sulphate 200mg, Tab",2023-09-01,2,1035,308,729,0.0064935064935064,0.1948051948051948,708.0,-400.0,553.0,0.0,0.0,710.0,2.0,0.0,0
10003,19,"Ferrous Sulphate 200mg, Tab",2023-10-01,729,0,309,420,2.3592233009708736,70.7766990291262,308.0,1.0,432.3333333333333,1035.0,345.0,2.0,729.0,0.0,0
10003,20,"Water for Injection 10ml, Inj, Amp",2019-10-01,23,0,23,0,1.0,30.0,,,,,,,,,1
10003,20,"Water for Injection 10ml, Inj, Amp",2019-11-01,0,0,0,0,,,23.0,-23.0,23.0,0.0,0.0,23.0,0.0,1.0,0
10003,20,"Water for Injection 10ml, Inj, Amp",2019-12-01,0,94,24,70,0.0,0.0,0.0,24.0,11.5,0.0,0.0,0.0,0.0,1.0,0
10003,20,"Water for Injection 10ml, Inj, Amp",2020-01-01,70,0,42,28,1.6666666666666667,50.0,24.0,18.0,15.666666666666666,94.0,31.33333333333333,0.0,70.0,0.0,0
10003,20,"Water for Injection 10ml, Inj, Amp",2020-02-01,28,0,25,3,1.12,33.6,42.0,-17.0,22.0,0.0,31.33333333333333,70.0,28.0,0.0,0
10003,20,"Water for Injection 10ml, Inj, Amp",2020-03-01,3,64,33,34,0.0909090909090909,2.7272727272727275,25.0,8.0,30.33333333333333,0.0,31.33333333333333,28.0,3.0,0.0,0
10003,20,"Water for Injection 10ml, Inj, Amp",2020-04-01,34,0,28,6,1.2142857142857142,36.42857142857142,33.0,-5.0,33.333333333333336,64.0,21.33333333333333,3.0,34.0,0.0,1
10003,20,"Water for Injection 10ml, Inj, Amp",2020-05-01,6,0,6,0,1.0,30.0,28.0,-22.0,28.666666666666668,0.0,21.33333333333333,34.0,6.0,0.0,0
10003,20,"Water for Injection 10ml, Inj, Amp",2020-06-01,0,104,35,69,0.0,0.0,6.0,29.0,22.33333333333333,0.0,21.33333333333333,6.0,0.0,1.0,0
10003,20,"Water for Injection 10ml, Inj, Amp",2020-07-01,69,0,41,28,1.6829268292682926,50.48780487804878,35.0,6.0,23.0,104.0,34.666666666666664,0.0,69.0,0.0,0
10003,20,"Water for Injection 10ml, Inj, Amp",2020-09-01,28,0,9,19,3.111111111111111,93.33333333333331,41.0,-32.0,27.33333333333333,0.0,34.666666666666664,69.0,28.0,0.0,1
10003,20,"Water for Injection 10ml, Inj, Amp",2020-10-01,19,0,19,0,1.0,30.0,9.0,10.0,28.33333333333333,0.0,34.666666666666664,28.0,19.0,0.0,1
10003,20,"Water for Injection 10ml, Inj, Amp",2020-11-01,0,0,0,0,,,19.0,-19.0,23.0,0.0,0.0,19.0,0.0,1.0,0
10003,20,"Water for Injection 10ml, Inj, Amp",2020-12-01,0,47,36,11,0.0,0.0,0.0,36.0,9.333333333333334,0.0,0.0,0.0,0.0,1.0,1
10003,20,"Water for Injection 10ml, Inj, Amp",2021-01-01,11,0,11,0,1.0,30.0,36.0,-25.0,18.33333333333333,47.0,15.666666666666666,0.0,11.0,0.0,1
10003,20,"Water for Injection 10ml, Inj, Amp",2021-04-01,0,0,0,0,,,11.0,-11.0,15.666666666666666,0.0,15.666666666666666,11.0,0.0,1.0,0
10003,20,"Water for Injection 10ml, Inj, Amp",2021-05-01,0,54,40,14,0.0,0.0,0.0,40.0,15.666666666666666,0.0,15.666666666666666,0.0,0.0,1.0,1
10003,20,"Water for Injection 10ml, Inj, Amp",2021-06-01,14,0,14,0,1.0,30.0,40.0,-26.0,17.0,54.0,18.0,0.0,14.0,0.0,1
10003,20,"Water for Injection 10ml, Inj, Amp",2021-07-01,0,0,0,0,,,14.0,-14.0,18.0,0.0,18.0,14.0,0.0,1.0,0
10003,20,"Water for Injection 10ml, Inj, Amp",2021-08-01,0,132,19,113,0.0,0.0,0.0,19.0,18.0,0.0,18.0,0.0,0.0,1.0,0
10003,20,"Water for Injection 10ml, Inj, Amp",2021-09-01,113,0,43,70,2.627906976744186,78.83720930232558,19.0,24.0,11.0,132.0,44.0,0.0,113.0,0.0,0
10003,20,"Water for Injection 10ml, Inj, Amp",2021-10-01,70,0,12,58,5.833333333333333,175.0,43.0,-31.0,20.666666666666668,0.0,44.0,113.0,70.0,0.0,0
10003,20,"Water for Injection 10ml, Inj, Amp",2021-12-01,58,0,33,25,1.7575757575757576,52.72727272727273,12.0,21.0,24.666666666666668,0.0,44.0,70.0,58.0,0.0,0
10003,20,"Water for Injection 10ml, Inj, Amp",2022-01-01,25,98,49,74,0.5102040816326531,15.306122448979592,33.0,16.0,29.33333333333333,0.0,0.0,58.0,25.0,0.0,0
10003,20,"Water for Injection 10ml, Inj, Amp",2022-02-01,74,0,16,58,4.625,138.75,49.0,-33.0,31.33333333333333,98.0,32.666666666666664,25.0,74.0,0.0,0
10003,20,"Water for Injection 10ml, Inj, Amp",2022-03-01,58,0,48,10,1.2083333333333333,36.25,16.0,32.0,32.666666666666664,0.0,32.666666666666664,74.0,58.0,0.0,0
10003,20,"Water for Injection 10ml, Inj, Amp",2022-04-01,10,96,34,72,0.2941176470588235,8.823529411764707,48.0,-14.0,37.66666666666666,0.0,32.666666666666664,58.0,10.0,0.0,0
10003,20,"Water for Injection 10ml, Inj, Amp",2022-05-01,72,0,19,53,3.789473684210526,113.68421052631578,34.0,-15.0,32.666666666666664,96.0,32.0,10.0,72.0,0.0,0
10003,20,"Water for Injection 10ml, Inj, Amp",2022-06-01,53,0,25,28,2.12,63.6,19.0,6.0,33.666666666666664,0.0,32.0,72.0,53.0,0.0,0
10003,20,"Water for Injection 10ml, Inj, Amp",2022-07-01,28,48,25,51,1.12,33.6,25.0,0.0,26.0,0.0,32.0,53.0,28.0,0.0,0
10003,20,"Water for Injection 10ml, Inj, Amp",2022-08-01,51,0,4,47,12.75,382.5,25.0,-21.0,23.0,48.0,16.0,28.0,51.0,0.0,0
10003,20,"Water for Injection 10ml, Inj, Amp",2022-09-01,47,0,24,23,1.9583333333333333,58.75,4.0,20.0,18.0,0.0,16.0,51.0,47.0,0.0,0
10003,20,"Water for Injection 10ml, Inj, Amp",2022-10-01,23,77,38,62,0.6052631578947368,18.157894736842103,24.0,14.0,17.666666666666668,0.0,16.0,47.0,23.0,0.0,0
10003,20,"Water for Injection 10ml, Inj, Amp",2022-11-01,62,0,41,21,1.5121951219512195,45.36585365853659,38.0,3.0,22.0,77.0,25.666666666666668,23.0,62.0,0.0,1
10003,20,"Water for Injection 10ml, Inj, Amp",2022-12-01,21,0,21,0,1.0,30.0,41.0,-20.0,34.333333333333336,0.0,25.666666666666668,62.0,21.0,0.0,0
10003,20,"Water for Injection 10ml, Inj, Amp",2023-01-01,0,58,17,41,0.0,0.0,21.0,-4.0,33.333333333333336,0.0,25.666666666666668,21.0,0.0,1.0,0
10003,20,"Water for Injection 10ml, Inj, Amp",2023-02-01,41,0,36,5,1.1388888888888888,34.166666666666664,17.0,19.0,26.33333333333333,58.0,19.33333333333333,0.0,41.0,0.0,1
10003,20,"Water for Injection 10ml, Inj, Amp",2023-03-01,5,0,5,0,1.0,30.0,36.0,-31.0,24.666666666666668,0.0,19.33333333333333,41.0,5.0,0.0,0
10003,20,"Water for Injection 10ml, Inj, Amp",2023-04-01,0,45,28,17,0.0,0.0,5.0,23.0,19.33333333333333,0.0,19.33333333333333,5.0,0.0,1.0,1
10003,20,"Water for Injection 10ml, Inj, Amp",2023-05-01,17,0,17,0,1.0,30.0,28.0,-11.0,23.0,45.0,15.0,0.0,17.0,0.0,1
10003,20,"Water for Injection 10ml, Inj, Amp",2023-07-01,0,0,0,0,,,17.0,-17.0,16.666666666666668,0.0,15.0,17.0,0.0,1.0,0
10003,20,"Water for Injection 10ml, Inj, Amp",2023-08-01,0,115,35,80,0.0,0.0,0.0,35.0,15.0,0.0,15.0,0.0,0.0,1.0,0
10003,20,"Water for Injection 10ml, Inj, Amp",2023-09-01,80,0,23,57,3.4782608695652173,104.34782608695652,35.0,-12.0,17.333333333333332,115.0,38.333333333333336,0.0,80.0,0.0,0
10003,20,"Water for Injection 10ml, Inj, Amp",2023-10-01,57,0,27,30,2.111111111111111,63.333333333333336,23.0,4.0,19.33333333333333,0.0,38.333333333333336,80.0,57.0,0.0,0
10003,21,"Neomycin & Bacitracin 0.5% & 500IU/g, Ointment, 15g, Tube",2019-10-01,3,0,1,2,3.0,90.0,,,,,,,,,1
10003,21,"Neomycin & Bacitracin 0.5% & 500IU/g, Ointment, 15g, Tube",2019-11-01,2,0,2,0,1.0,30.0,1.0,1.0,1.0,0.0,0.0,3.0,2.0,0.0,0
10003,21,"Neomycin & Bacitracin 0.5% & 500IU/g, Ointment, 15g, Tube",2019-12-01,0,3,1,2,0.0,0.0,2.0,-1.0,1.5,0.0,0.0,2.0,0.0,1.0,1
10003,21,"Neomycin & Bacitracin 0.5% & 500IU/g, Ointment, 15g, Tube",2020-01-01,2,0,2,0,1.0,30.0,1.0,1.0,1.3333333333333333,3.0,1.0,0.0,2.0,0.0,1
10003,21,"Neomycin & Bacitracin 0.5% & 500IU/g, Ointment, 15g, Tube",2020-02-01,0,0,0,0,,,2.0,-2.0,1.6666666666666667,0.0,1.0,2.0,0.0,1.0,0
10003,21,"Neomycin & Bacitracin 0.5% & 500IU/g, Ointment, 15g, Tube",2020-03-01,0,6,1,5,0.0,0.0,0.0,1.0,1.0,0.0,1.0,0.0,0.0,1.0,0
10003,21,"Neomycin & Bacitracin 0.5% & 500IU/g, Ointment, 15g, Tube",2020-04-01,5,0,1,4,5.0,150.0,1.0,0.0,1.0,6.0,2.0,0.0,5.0,0.0,0
10003,21,"Neomycin & Bacitracin 0.5% & 500IU/g, Ointment, 15g, Tube",2020-05-01,4,0,1,3,4.0,120.0,1.0,0.0,0.6666666666666666,0.0,2.0,5.0,4.0,0.0,0
10003,21,"Neomycin & Bacitracin 0.5% & 500IU/g, Ointment, 15g, Tube",2020-06-01,3,0,2,1,1.5,45.0,1.0,1.0,1.0,0.0,2.0,4.0,3.0,0.0,0
10003,21,"Neomycin & Bacitracin 0.5% & 500IU/g, Ointment, 15g, Tube",2020-07-01,1,3,0,4,,,2.0,-2.0,1.3333333333333333,0.0,0.0,3.0,1.0,0.0,0
10003,21,"Neomycin & Bacitracin 0.5% & 500IU/g, Ointment, 15g, Tube",2020-08-01,4,0,2,2,2.0,60.0,0.0,2.0,1.0,3.0,1.0,1.0,4.0,0.0,0
10003,21,"Neomycin & Bacitracin 0.5% & 500IU/g, Ointment, 15g, Tube",2020-09-01,2,0,1,1,2.0,60.0,2.0,-1.0,1.3333333333333333,0.0,1.0,4.0,2.0,0.0,0
10003,21,"Neomycin & Bacitracin 0.5% & 500IU/g, Ointment, 15g, Tube",2020-10-01,1,3,2,2,0.5,15.0,1.0,1.0,1.0,0.0,1.0,2.0,1.0,0.0,1
10003,21,"Neomycin & Bacitracin 0.5% & 500IU/g, Ointment, 15g, Tube",2020-11-01,2,0,2,0,1.0,30.0,2.0,0.0,1.6666666666666667,3.0,1.0,1.0,2.0,0.0,1
10003,21,"Neomycin & Bacitracin 0.5% & 500IU/g, Ointment, 15g, Tube",2020-12-01,0,0,0,0,,,2.0,-2.0,1.6666666666666667,0.0,1.0,2.0,0.0,1.0,0
10003,21,"Neomycin & Bacitracin 0.5% & 500IU/g, Ointment, 15g, Tube",2021-01-01,0,3,0,3,,,0.0,0.0,1.3333333333333333,0.0,1.0,0.0,0.0,1.0,0
10003,21,"Neomycin & Bacitracin 0.5% & 500IU/g, Ointment, 15g, Tube",2021-02-01,3,0,0,3,,,0.0,0.0,0.6666666666666666,3.0,1.0,0.0,3.0,0.0,0
10003,21,"Neomycin & Bacitracin 0.5% & 500IU/g, Ointment, 15g, Tube",2021-03-01,3,0,1,2,3.0,90.0,0.0,1.0,0.0,0.0,1.0,3.0,3.0,0.0,0
10003,21,"Neomycin & Bacitracin 0.5% & 500IU/g, Ointment, 15g, Tube",2021-04-01,2,3,2,3,1.0,30.0,1.0,1.0,0.3333333333333333,0.0,1.0,3.0,2.0,0.0,0
10003,21,"Neomycin & Bacitracin 0.5% & 500IU/g, Ointment, 15g, Tube",2021-05-01,3,0,2,1,1.5,45.0,2.0,0.0,1.0,3.0,1.0,2.0,3.0,0.0,1
10003,21,"Neomycin & Bacitracin 0.5% & 500IU/g, Ointment, 15g, Tube",2021-06-01,1,0,1,0,1.0,30.0,2.0,-1.0,1.6666666666666667,0.0,1.0,3.0,1.0,0.0,0
10003,21,"Neomycin & Bacitracin 0.5% & 500IU/g, Ointment, 15g, Tube",2021-07-01,0,7,1,6,0.0,0.0,1.0,0.0,1.6666666666666667,0.0,1.0,1.0,0.0,1.0,0
10003,21,"Neomycin & Bacitracin 0.5% & 500IU/g, Ointment, 15g, Tube",2021-08-01,6,0,1,5,6.0,180.0,1.0,0.0,1.3333333333333333,7.0,2.333333333333333,0.0,6.0,0.0,0
10003,21,"Neomycin & Bacitracin 0.5% & 500IU/g, Ointment, 15g, Tube",2021-09-01,5,0,2,3,2.5,75.0,1.0,1.0,1.0,0.0,2.333333333333333,6.0,5.0,0.0,0
10003,21,"Neomycin & Bacitracin 0.5% & 500IU/g, Ointment, 15g, Tube",2021-10-01,3,0,1,2,3.0,90.0,2.0,-1.0,1.3333333333333333,0.0,2.333333333333333,5.0,3.0,0.0,0
10003,21,"Neomycin & Bacitracin 0.5% & 500IU/g, Ointment, 15g, Tube",2021-11-01,2,6,2,6,1.0,30.0,1.0,1.0,1.3333333333333333,0.0,0.0,3.0,2.0,0.0,0
10003,21,"Neomycin & Bacitracin 0.5% & 500IU/g, Ointment, 15g, Tube",2021-12-01,6,0,1,5,6.0,180.0,2.0,-1.0,1.6666666666666667,6.0,2.0,2.0,6.0,0.0,0
10003,21,"Neomycin & Bacitracin 0.5% & 500IU/g, Ointment, 15g, Tube",2022-01-01,5,0,1,4,5.0,150.0,1.0,0.0,1.3333333333333333,0.0,2.0,6.0,5.0,0.0,0
10003,21,"Neomycin & Bacitracin 0.5% & 500IU/g, Ointment, 15g, Tube",2022-02-01,4,0,0,4,,,1.0,-1.0,1.3333333333333333,0.0,2.0,5.0,4.0,0.0,0
10003,21,"Neomycin & Bacitracin 0.5% & 500IU/g, Ointment, 15g, Tube",2022-03-01,4,0,0,4,,,0.0,0.0,0.6666666666666666,0.0,0.0,4.0,4.0,0.0,0
10003,21,"Neomycin & Bacitracin 0.5% & 500IU/g, Ointment, 15g, Tube",2022-05-01,4,0,0,4,,,0.0,0.0,0.3333333333333333,0.0,0.0,4.0,4.0,0.0,0
10003,21,"Neomycin & Bacitracin 0.5% & 500IU/g, Ointment, 15g, Tube",2022-06-01,4,0,2,2,2.0,60.0,0.0,2.0,0.0,0.0,0.0,4.0,4.0,0.0,0
10003,21,"Neomycin & Bacitracin 0.5% & 500IU/g, Ointment, 15g, Tube",2022-07-01,2,9,1,10,2.0,60.0,2.0,-1.0,0.6666666666666666,0.0,0.0,4.0,2.0,0.0,0
10003,21,"Neomycin & Bacitracin 0.5% & 500IU/g, Ointment, 15g, Tube",2022-08-01,10,0,2,8,5.0,150.0,1.0,1.0,1.0,9.0,3.0,2.0,10.0,0.0,0
10003,21,"Neomycin & Bacitracin 0.5% & 500IU/g, Ointment, 15g, Tube",2022-09-01,8,0,3,5,2.6666666666666665,80.0,2.0,1.0,1.6666666666666667,0.0,3.0,10.0,8.0,0.0,0
10003,21,"Neomycin & Bacitracin 0.5% & 500IU/g, Ointment, 15g, Tube",2022-10-01,5,0,0,5,,,3.0,-3.0,2.0,0.0,3.0,8.0,5.0,0.0,0
10003,21,"Neomycin & Bacitracin 0.5% & 500IU/g, Ointment, 15g, Tube",2022-11-01,5,0,3,2,1.6666666666666667,50.0,0.0,3.0,1.6666666666666667,0.0,0.0,5.0,5.0,0.0,0
10003,21,"Neomycin & Bacitracin 0.5% & 500IU/g, Ointment, 15g, Tube",2022-12-01,2,7,1,8,2.0,60.0,3.0,-2.0,2.0,0.0,0.0,5.0,2.0,0.0,0
10003,21,"Neomycin & Bacitracin 0.5% & 500IU/g, Ointment, 15g, Tube",2023-01-01,8,0,1,7,8.0,240.0,1.0,0.0,1.3333333333333333,7.0,2.333333333333333,2.0,8.0,0.0,0
10003,21,"Neomycin & Bacitracin 0.5% & 500IU/g, Ointment, 15g, Tube",2023-02-01,7,0,2,5,3.5,105.0,1.0,1.0,1.6666666666666667,0.0,2.333333333333333,8.0,7.0,0.0,0
10003,21,"Neomycin & Bacitracin 0.5% & 500IU/g, Ointment, 15g, Tube",2023-03-01,5,0,2,3,2.5,75.0,2.0,0.0,1.3333333333333333,0.0,2.333333333333333,7.0,5.0,0.0,1
10003,21,"Neomycin & Bacitracin 0.5% & 500IU/g, Ointment, 15g, Tube",2023-04-01,3,0,3,0,1.0,30.0,2.0,1.0,1.6666666666666667,0.0,0.0,5.0,3.0,0.0,0
10003,21,"Neomycin & Bacitracin 0.5% & 500IU/g, Ointment, 15g, Tube",2023-05-01,0,6,1,5,0.0,0.0,3.0,-2.0,2.333333333333333,0.0,0.0,3.0,0.0,1.0,0
10003,21,"Neomycin & Bacitracin 0.5% & 500IU/g, Ointment, 15g, Tube",2023-06-01,5,0,2,3,2.5,75.0,1.0,1.0,2.0,6.0,2.0,0.0,5.0,0.0,0
10003,21,"Neomycin & Bacitracin 0.5% & 500IU/g, Ointment, 15g, Tube",2023-07-01,3,0,2,1,1.5,45.0,2.0,0.0,2.0,0.0,2.0,5.0,3.0,0.0,0
10003,21,"Neomycin & Bacitracin 0.5% & 500IU/g, Ointment, 15g, Tube",2023-09-01,1,0,0,1,,,2.0,-2.0,1.6666666666666667,0.0,2.0,3.0,1.0,0.0,0
10003,21,"Neomycin & Bacitracin 0.5% & 500IU/g, Ointment, 15g, Tube",2023-10-01,1,4,2,3,0.5,15.0,0.0,2.0,1.3333333333333333,0.0,0.0,1.0,1.0,0.0,0
10003,22,"Salbutamol 100mcg/dose, Aerosol, Inhaler",2019-10-01,3,0,2,1,1.5,45.0,,,,,,,,,0
10003,22,"Salbutamol 100mcg/dose, Aerosol, Inhaler",2019-11-01,1,4,1,4,1.0,30.0,2.0,-1.0,2.0,0.0,0.0,3.0,1.0,0.0,0
10003,22,"Salbutamol 100mcg/dose, Aerosol, Inhaler",2019-12-01,4,0,2,2,2.0,60.0,1.0,1.0,1.5,4.0,2.0,1.0,4.0,0.0,0
10003,22,"Salbutamol 100mcg/dose, Aerosol, Inhaler",2020-01-01,2,4,1,5,2.0,60.0,2.0,-1.0,1.6666666666666667,0.0,1.3333333333333333,4.0,2.0,0.0,0
10003,22,"Salbutamol 100mcg/dose, Aerosol, Inhaler",2020-02-01,5,0,2,3,2.5,75.0,1.0,1.0,1.3333333333333333,4.0,2.6666666666666665,2.0,5.0,0.0,0
10003,22,"Salbutamol 100mcg/dose, Aerosol, Inhaler",2020-03-01,3,0,1,2,3.0,90.0,2.0,-1.0,1.6666666666666667,0.0,1.3333333333333333,5.0,3.0,0.0,0
10003,22,"Salbutamol 100mcg/dose, Aerosol, Inhaler",2020-04-01,2,0,1,1,2.0,60.0,1.0,0.0,1.3333333333333333,0.0,1.3333333333333333,3.0,2.0,0.0,0
10003,22,"Salbutamol 100mcg/dose, Aerosol, Inhaler",2020-05-01,1,5,2,4,0.5,15.0,1.0,1.0,1.3333333333333333,0.0,0.0,2.0,1.0,0.0,0
10003,22,"Salbutamol 100mcg/dose, Aerosol, Inhaler",2020-06-01,4,0,2,2,2.0,60.0,2.0,0.0,1.3333333333333333,5.0,1.6666666666666667,1.0,4.0,0.0,0
10003,22,"Salbutamol 100mcg/dose, Aerosol, Inhaler",2020-08-01,2,6,0,8,,,2.0,-2.0,1.6666666666666667,0.0,1.6666666666666667,4.0,2.0,0.0,0
10003,22,"Salbutamol 100mcg/dose, Aerosol, Inhaler",2020-09-01,8,0,1,7,8.0,240.0,0.0,1.0,1.3333333333333333,6.0,3.6666666666666665,2.0,8.0,0.0,0
10003,22,"Salbutamol 100mcg/dose, Aerosol, Inhaler",2020-10-01,7,0,2,5,3.5,105.0,1.0,1.0,1.0,0.0,2.0,8.0,7.0,0.0,0
10003,22,"Salbutamol 100mcg/dose, Aerosol, Inhaler",2020-11-01,5,0,2,3,2.5,75.0,2.0,0.0,1.0,0.0,2.0,7.0,5.0,0.0,0
10003,22,"Salbutamol 100mcg/dose, Aerosol, Inhaler",2020-12-01,3,0,1,2,3.0,90.0,2.0,-1.0,1.6666666666666667,0.0,0.0,5.0,3.0,0.0,0
10003,22,"Salbutamol 100mcg/dose, Aerosol, Inhaler",2021-01-01,2,0,1,1,2.0,60.0,1.0,0.0,1.6666666666666667,0.0,0.0,3.0,2.0,0.0,0
10003,22,"Salbutamol 100mcg/dose, Aerosol, Inhaler",2021-02-01,1,8,2,7,0.5,15.0,1.0,1.0,1.3333333333333333,0.0,0.0,2.0,1.0,0.0,0
10003,22,"Salbutamol 100mcg/dose, Aerosol, Inhaler",2021-03-01,7,0,2,5,3.5,105.0,2.0,0.0,1.3333333333333333,8.0,2.6666666666666665,1.0,7.0,0.0,0
10003,22,"Salbutamol 100mcg/dose, Aerosol, Inhaler",2021-04-01,5,0,2,3,2.5,75.0,2.0,0.0,1.6666666666666667,0.0,2.6666666666666665,7.0,5.0,0.0,0
10003,22,"Salbutamol 100mcg/dose, Aerosol, Inhaler",2021-05-01,3,0,0,3,,,2.0,-2.0,2.0,0.0,2.6666666666666665,5.0,3.0,0.0,0
10003,22,"Salbutamol 100mcg/dose, Aerosol, Inhaler",2021-06-01,3,0,1,2,3.0,90.0,0.0,1.0,1.3333333333333333,0.0,0.0,3.0,3.0,0.0,0
10003,22,"Salbutamol 100mcg/dose, Aerosol, Inhaler",2021-07-01,2,8,3,7,0.6666666666666666,20.0,1.0,2.0,1.0,0.0,0.0,3.0,2.0,0.0,0
10003,22,"Salbutamol 100mcg/dose, Aerosol, Inhaler",2021-08-01,7,0,1,6,7.0,210.0,3.0,-2.0,1.3333333333333333,8.0,2.6666666666666665,2.0,7.0,0.0,0
10003,22,"Salbutamol 100mcg/dose, Aerosol, Inhaler",2021-09-01,6,0,1,5,6.0,180.0,1.0,0.0,1.6666666666666667,0.0,2.6666666666666665,7.0,6.0,0.0,0
10003,22,"Salbutamol 100mcg/dose, Aerosol, Inhaler",2021-10-01,5,0,2,3,2.5,75.0,1.0,1.0,1.6666666666666667,0.0,2.6666666666666665,6.0,5.0,0.0,0
10003,22,"Salbutamol 100mcg/dose, Aerosol, Inhaler",2021-11-01,3,0,2,1,1.5,45.0,2.0,0.0,1.3333333333333333,0.0,0.0,5.0,3.0,0.0,0
10003,22,"Salbutamol 100mcg/dose, Aerosol, Inhaler",2021-12-01,1,8,1,8,1.0,30.0,2.0,-1.0,1.6666666666666667,0.0,0.0,3.0,1.0,0.0,0
10003,22,"Salbutamol 100mcg/dose, Aerosol, Inhaler",2022-01-01,8,0,2,6,4.0,120.0,1.0,1.0,1.6666666666666667,8.0,2.6666666666666665,1.0,8.0,0.0,0
10003,22,"Salbutamol 100mcg/dose, Aerosol, Inhaler",2022-02-01,6,0,1,5,6.0,180.0,2.0,-1.0,1.6666666666666667,0.0,2.6666666666666665,8.0,6.0,0.0,0
10003,22,"Salbutamol 100mcg/dose, Aerosol, Inhaler",2022-04-01,5,0,1,4,5.0,150.0,1.0,0.0,1.3333333333333333,0.0,2.6666666666666665,6.0,5.0,0.0,0
10003,22,"Salbutamol 100mcg/dose, Aerosol, Inhaler",2022-06-01,4,0,2,2,2.0,60.0,1.0,1.0,1.3333333333333333,0.0,0.0,5.0,4.0,0.0,0
10003,22,"Salbutamol 100mcg/dose, Aerosol, Inhaler",2022-07-01,2,9,1,10,2.0,60.0,2.0,-1.0,1.3333333333333333,0.0,0.0,4.0,2.0,0.0,0
10003,22,"Salbutamol 100mcg/dose, Aerosol, Inhaler",2022-08-01,10,0,1,9,10.0,300.0,1.0,0.0,1.3333333333333333,9.0,3.0,2.0,10.0,0.0,0
10003,22,"Salbutamol 100mcg/dose, Aerosol, Inhaler",2022-09-01,9,0,1,8,9.0,270.0,1.0,0.0,1.3333333333333333,0.0,3.0,10.0,9.0,0.0,0
10003,22,"Salbutamol 100mcg/dose, Aerosol, Inhaler",2022-10-01,8,0,2,6,4.0,120.0,1.0,1.0,1.0,0.0,3.0,9.0,8.0,0.0,0
10003,22,"Salbutamol 100mcg/dose, Aerosol, Inhaler",2022-11-01,6,0,0,6,,,2.0,-2.0,1.3333333333333333,0.0,0.0,8.0,6.0,0.0,0
10003,22,"Salbutamol 100mcg/dose, Aerosol, Inhaler",2022-12-01,6,0,3,3,2.0,60.0,0.0,3.0,1.0,0.0,0.0,6.0,6.0,0.0,1
10003,22,"Salbutamol 100mcg/dose, Aerosol, Inhaler",2023-01-01,3,0,3,0,1.0,30.0,3.0,0.0,1.6666666666666667,0.0,0.0,6.0,3.0,0.0,1
10003,22,"Salbutamol 100mcg/dose, Aerosol, Inhaler",2023-02-01,0,0,0,0,,,3.0,-3.0,2.0,0.0,0.0,3.0,0.0,1.0,0
10003,22,"Salbutamol 100mcg/dose, Aerosol, Inhaler",2023-03-01,0,8,1,7,0.0,0.0,0.0,1.0,2.0,0.0,0.0,0.0,0.0,1.0,0
10003,22,"Salbutamol 100mcg/dose, Aerosol, Inhaler",2023-04-01,7,0,2,5,3.5,105.0,1.0,1.0,1.3333333333333333,8.0,2.6666666666666665,0.0,7.0,0.0,0
10003,22,"Salbutamol 100mcg/dose, Aerosol, Inhaler",2023-05-01,5,0,2,3,2.5,75.0,2.0,0.0,1.0,0.0,2.6666666666666665,7.0,5.0,0.0,0
10003,22,"Salbutamol 100mcg/dose, Aerosol, Inhaler",2023-06-01,3,0,1,2,3.0,90.0,2.0,-1.0,1.6666666666666667,0.0,2.6666666666666665,5.0,3.0,0.0,0
10003,22,"Salbutamol 100mcg/dose, Aerosol, Inhaler",2023-07-01,2,5,3,4,0.6666666666666666,20.0,1.0,2.0,1.6666666666666667,0.0,0.0,3.0,2.0,0.0,0
10003,22,"Salbutamol 100mcg/dose, Aerosol, Inhaler",2023-08-01,4,0,0,4,,,3.0,-3.0,2.0,5.0,1.6666666666666667,2.0,4.0,0.0,0
10003,22,"Salbutamol 100mcg/dose, Aerosol, Inhaler",2023-09-01,4,0,0,4,,,0.0,0.0,1.3333333333333333,0.0,1.6666666666666667,4.0,4.0,0.0,0
10003,22,"Salbutamol 100mcg/dose, Aerosol, Inhaler",2023-10-01,4,0,1,3,4.0,120.0,0.0,1.0,1.0,0.0,1.6666666666666667,4.0,4.0,0.0,0
10003,28,"Benzyl Benzoate 25%, Emulsion, 100ml, Bot",2019-10-01,14,0,14,0,1.0,30.0,,,,,,,,,0
10003,28,"Benzyl Benzoate 25%, Emulsion, 100ml, Bot",2019-11-01,0,62,9,53,0.0,0.0,14.0,-5.0,14.0,0.0,0.0,14.0,0.0,1.0,0
10003,28,"Benzyl Benzoate 25%, Emulsion, 100ml, Bot",2019-12-01,53,0,35,18,1.5142857142857142,45.42857142857143,9.0,26.0,11.5,62.0,31.0,0.0,53.0,0.0,0
10003,28,"Benzyl Benzoate 25%, Emulsion, 100ml, Bot",2020-01-01,18,68,32,54,0.5625,16.875,35.0,-3.0,19.33333333333333,0.0,20.666666666666668,53.0,18.0,0.0,0
10003,28,"Benzyl Benzoate 25%, Emulsion, 100ml, Bot",2020-02-01,54,0,31,23,1.7419354838709675,52.25806451612903,32.0,-1.0,25.33333333333333,68.0,43.333333333333336,18.0,54.0,0.0,0
10003,28,"Benzyl Benzoate 25%, Emulsion, 100ml, Bot",2020-03-01,23,59,25,57,0.92,27.6,31.0,-6.0,32.666666666666664,0.0,22.666666666666668,54.0,23.0,0.0,0
10003,28,"Benzyl Benzoate 25%, Emulsion, 100ml, Bot",2020-06-01,57,0,8,49,7.125,213.75,25.0,-17.0,29.33333333333333,59.0,42.333333333333336,23.0,57.0,0.0,1
10003,28,"Benzyl Benzoate 25%, Emulsion, 100ml, Bot",2020-07-01,49,0,49,0,1.0,30.0,8.0,41.0,21.33333333333333,0.0,19.666666666666668,57.0,49.0,0.0,0
10003,28,"Benzyl Benzoate 25%, Emulsion, 100ml, Bot",2020-08-01,0,72,25,47,0.0,0.0,49.0,-24.0,27.33333333333333,0.0,19.666666666666668,49.0,0.0,1.0,0
10003,28,"Benzyl Benzoate 25%, Emulsion, 100ml, Bot",2020-09-01,47,0,28,19,1.6785714285714286,50.35714285714286,25.0,3.0,27.33333333333333,72.0,24.0,0.0,47.0,0.0,0
10003,28,"Benzyl Benzoate 25%, Emulsion, 100ml, Bot",2020-10-01,19,69,19,69,1.0,30.0,28.0,-9.0,34.0,0.0,24.0,47.0,19.0,0.0,0
10003,28,"Benzyl Benzoate 25%, Emulsion, 100ml, Bot",2020-11-01,69,0,32,37,2.15625,64.6875,19.0,13.0,24.0,69.0,47.0,19.0,69.0,0.0,1
10003,28,"Benzyl Benzoate 25%, Emulsion, 100ml, Bot",2020-12-01,37,0,37,0,1.0,30.0,32.0,5.0,26.33333333333333,0.0,23.0,69.0,37.0,0.0,0
10003,28,"Benzyl Benzoate 25%, Emulsion, 100ml, Bot",2021-01-01,0,56,18,38,0.0,0.0,37.0,-19.0,29.33333333333333,0.0,23.0,37.0,0.0,1.0,1
10003,28,"Benzyl Benzoate 25%, Emulsion, 100ml, Bot",2021-02-01,38,0,38,0,1.0,30.0,18.0,20.0,29.0,56.0,18.666666666666668,0.0,38.0,0.0,0
10003,28,"Benzyl Benzoate 25%, Emulsion, 100ml, Bot",2021-04-01,0,94,27,67,0.0,0.0,38.0,-11.0,31.0,0.0,18.666666666666668,38.0,0.0,1.0,0
10003,28,"Benzyl Benzoate 25%, Emulsion, 100ml, Bot",2021-05-01,67,0,36,31,1.8611111111111112,55.833333333333336,27.0,9.0,27.666666666666668,94.0,50.0,0.0,67.0,0.0,0
10003,28,"Benzyl Benzoate 25%, Emulsion, 100ml, Bot",2021-06-01,31,43,34,40,0.9117647058823528,27.352941176470587,36.0,-2.0,33.666666666666664,0.0,31.33333333333333,67.0,31.0,0.0,0
10003,28,"Benzyl Benzoate 25%, Emulsion, 100ml, Bot",2021-07-01,40,0,1,39,40.0,1200.0,34.0,-33.0,32.333333333333336,43.0,45.66666666666666,31.0,40.0,0.0,1
10003,28,"Benzyl Benzoate 25%, Emulsion, 100ml, Bot",2021-08-01,39,0,39,0,1.0,30.0,1.0,38.0,23.666666666666668,0.0,14.333333333333334,40.0,39.0,0.0,0
10003,28,"Benzyl Benzoate 25%, Emulsion, 100ml, Bot",2021-09-01,0,101,30,71,0.0,0.0,39.0,-9.0,24.666666666666668,0.0,14.333333333333334,39.0,0.0,1.0,0
10003,28,"Benzyl Benzoate 25%, Emulsion, 100ml, Bot",2021-10-01,71,0,14,57,5.071428571428571,152.14285714285714,30.0,-16.0,23.33333333333333,101.0,33.666666666666664,0.0,71.0,0.0,0
10003,28,"Benzyl Benzoate 25%, Emulsion, 100ml, Bot",2021-11-01,57,0,25,32,2.28,68.39999999999999,14.0,11.0,27.666666666666668,0.0,33.666666666666664,71.0,57.0,0.0,0
10003,28,"Benzyl Benzoate 25%, Emulsion, 100ml, Bot",2022-01-01,32,0,14,18,2.2857142857142856,68.57142857142857,25.0,-11.0,23.0,0.0,33.666666666666664,57.0,32.0,0.0,0
10003,28,"Benzyl Benzoate 25%, Emulsion, 100ml, Bot",2022-02-01,18,125,34,109,0.5294117647058824,15.882352941176473,14.0,20.0,17.666666666666668,0.0,0.0,32.0,18.0,0.0,0
10003,28,"Benzyl Benzoate 25%, Emulsion, 100ml, Bot",2022-03-01,109,0,24,85,4.541666666666667,136.25,34.0,-10.0,24.33333333333333,125.0,41.66666666666666,18.0,109.0,0.0,0
10003,28,"Benzyl Benzoate 25%, Emulsion, 100ml, Bot",2022-04-01,85,0,9,76,9.444444444444445,283.3333333333333,24.0,-15.0,24.0,0.0,41.66666666666666,109.0,85.0,0.0,0
10003,28,"Benzyl Benzoate 25%, Emulsion, 100ml, Bot",2022-05-01,76,0,43,33,1.7674418604651163,53.02325581395349,9.0,34.0,22.33333333333333,0.0,41.66666666666666,85.0,76.0,0.0,0
10003,28,"Benzyl Benzoate 25%, Emulsion, 100ml, Bot",2022-06-01,33,0,8,25,4.125,123.75,43.0,-35.0,25.33333333333333,0.0,0.0,76.0,33.0,0.0,0
10003,28,"Benzyl Benzoate 25%, Emulsion, 100ml, Bot",2022-07-01,25,125,48,102,0.5208333333333334,15.625000000000002,8.0,40.0,20.0,0.0,0.0,33.0,25.0,0.0,0
10003,28,"Benzyl Benzoate 25%, Emulsion, 100ml, Bot",2022-09-01,102,0,44,58,2.3181818181818183,69.54545454545455,48.0,-4.0,33.0,125.0,41.66666666666666,25.0,102.0,0.0,0
10003,28,"Benzyl Benzoate 25%, Emulsion, 100ml, Bot",2022-10-01,58,0,44,14,1.318181818181818,39.54545454545455,44.0,0.0,33.333333333333336,0.0,41.66666666666666,102.0,58.0,0.0,0
10003,28,"Benzyl Benzoate 25%, Emulsion, 100ml, Bot",2022-11-01,14,80,45,49,0.3111111111111111,9.333333333333334,44.0,1.0,45.333333333333336,0.0,41.66666666666666,58.0,14.0,0.0,0
10003,28,"Benzyl Benzoate 25%, Emulsion, 100ml, Bot",2022-12-01,49,0,34,15,1.4411764705882353,43.23529411764706,45.0,-11.0,44.333333333333336,80.0,26.666666666666668,14.0,49.0,0.0,0
10003,28,"Benzyl Benzoate 25%, Emulsion, 100ml, Bot",2023-01-01,15,105,23,97,0.6521739130434783,19.565217391304348,34.0,-11.0,41.0,0.0,26.666666666666668,49.0,15.0,0.0,0
10003,28,"Benzyl Benzoate 25%, Emulsion, 100ml, Bot",2023-02-01,97,0,26,71,3.730769230769231,111.92307692307692,23.0,3.0,34.0,105.0,61.66666666666666,15.0,97.0,0.0,0
10003,28,"Benzyl Benzoate 25%, Emulsion, 100ml, Bot",2023-03-01,71,0,20,51,3.55,106.5,26.0,-6.0,27.666666666666668,0.0,35.0,97.0,71.0,0.0,0
10003,28,"Benzyl Benzoate 25%, Emulsion, 100ml, Bot",2023-04-01,51,0,24,27,2.125,63.75,20.0,4.0,23.0,0.0,35.0,71.0,51.0,0.0,0
10003,28,"Benzyl Benzoate 25%, Emulsion, 100ml, Bot",2023-05-01,27,71,26,72,1.0384615384615383,31.15384615384616,24.0,2.0,23.33333333333333,0.0,0.0,51.0,27.0,0.0,0
10003,28,"Benzyl Benzoate 25%, Emulsion, 100ml, Bot",2023-06-01,72,0,32,40,2.25,67.5,26.0,6.0,23.33333333333333,71.0,23.666666666666668,27.0,72.0,0.0,0
10003,28,"Benzyl Benzoate 25%, Emulsion, 100ml, Bot",2023-08-01,40,0,0,40,,,32.0,-32.0,27.33333333333333,0.0,23.666666666666668,72.0,40.0,0.0,1
10003,28,"Benzyl Benzoate 25%, Emulsion, 100ml, Bot",2023-09-01,40,0,40,0,1.0,30.0,0.0,40.0,19.33333333333333,0.0,23.666666666666668,40.0,40.0,0.0,0
10003,28,"Benzyl Benzoate 25%, Emulsion, 100ml, Bot",2023-10-01,0,86,34,52,0.0,0.0,40.0,-6.0,24.0,0.0,0.0,40.0,0.0,1.0,0
10003,32,"Ampicillin 500mg, Pdr for IM/IV, Inj, Vial",2019-11-01,59,0,20,39,2.95,88.5,,,,,,,,,0
10003,32,"Ampicillin 500mg, Pdr for IM/IV, Inj, Vial",2019-12-01,39,69,80,28,0.4875,14.625,20.0,60.0,20.0,0.0,0.0,59.0,39.0,0.0,0
10003,32,"Ampicillin 500mg, Pdr for IM/IV, Inj, Vial",2020-01-01,28,174,8,194,3.5,105.0,80.0,-72.0,50.0,69.0,34.5,39.0,28.0,0.0,0
10003,32,"Ampicillin 500mg, Pdr for IM/IV, Inj, Vial",2020-03-01,194,0,36,158,5.388888888888889,161.66666666666669,8.0,28.0,36.0,174.0,81.0,28.0,194.0,0.0,0
10003,32,"Ampicillin 500mg, Pdr for IM/IV, Inj, Vial",2020-06-01,158,0,25,133,6.32,189.6,36.0,-11.0,41.333333333333336,0.0,81.0,194.0,158.0,0.0,0
10003,32,"Ampicillin 500mg, Pdr for IM/IV, Inj, Vial",2020-07-01,133,0,27,106,4.925925925925926,147.77777777777777,25.0,2.0,23.0,0.0,58.0,158.0,133.0,0.0,0
10003,32,"Ampicillin 500mg, Pdr for IM/IV, Inj, Vial",2020-08-01,106,0,35,71,3.0285714285714285,90.85714285714286,27.0,8.0,29.33333333333333,0.0,0.0,133.0,106.0,0.0,0
10003,32,"Ampicillin 500mg, Pdr for IM/IV, Inj, Vial",2020-09-01,71,0,48,23,1.4791666666666667,44.375,35.0,13.0,29.0,0.0,0.0,106.0,71.0,0.0,0
10003,32,"Ampicillin 500mg, Pdr for IM/IV, Inj, Vial",2020-10-01,23,116,35,104,0.6571428571428571,19.714285714285715,48.0,-13.0,36.66666666666666,0.0,0.0,71.0,23.0,0.0,0
10003,32,"Ampicillin 500mg, Pdr for IM/IV, Inj, Vial",2020-11-01,104,0,40,64,2.6,78.0,35.0,5.0,39.333333333333336,116.0,38.66666666666666,23.0,104.0,0.0,0
10003,32,"Ampicillin 500mg, Pdr for IM/IV, Inj, Vial",2020-12-01,64,0,25,39,2.56,76.8,40.0,-15.0,41.0,0.0,38.66666666666666,104.0,64.0,0.0,0
10003,32,"Ampicillin 500mg, Pdr for IM/IV, Inj, Vial",2021-01-01,39,151,46,144,0.8478260869565217,25.43478260869565,25.0,21.0,33.333333333333336,0.0,38.66666666666666,64.0,39.0,0.0,0
10003,32,"Ampicillin 500mg, Pdr for IM/IV, Inj, Vial",2021-02-01,144,0,50,94,2.88,86.39999999999999,46.0,4.0,37.0,151.0,50.333333333333336,39.0,144.0,0.0,0
10003,32,"Ampicillin 500mg, Pdr for IM/IV, Inj, Vial",2021-03-01,94,0,53,41,1.7735849056603774,53.20754716981132,50.0,3.0,40.333333333333336,0.0,50.333333333333336,144.0,94.0,0.0,0
10003,32,"Ampicillin 500mg, Pdr for IM/IV, Inj, Vial",2021-04-01,41,118,61,98,0.6721311475409836,20.163934426229503,53.0,8.0,49.66666666666666,0.0,50.333333333333336,94.0,41.0,0.0,0
10003,32,"Ampicillin 500mg, Pdr for IM/IV, Inj, Vial",2021-05-01,98,0,43,55,2.2790697674418605,68.37209302325581,61.0,-18.0,54.66666666666666,118.0,39.333333333333336,41.0,98.0,0.0,0
10003,32,"Ampicillin 500mg, Pdr for IM/IV, Inj, Vial",2021-06-01,55,0,50,5,1.1,33.0,43.0,7.0,52.333333333333336,0.0,39.333333333333336,98.0,55.0,0.0,0
10003,32,"Ampicillin 500mg, Pdr for IM/IV, Inj, Vial",2021-07-01,5,133,33,105,0.1515151515151515,4.545454545454546,50.0,-17.0,51.333333333333336,0.0,39.333333333333336,55.0,5.0,0.0,0
10003,32,"Ampicillin 500mg, Pdr for IM/IV, Inj, Vial",2021-08-01,105,0,63,42,1.6666666666666667,50.0,33.0,30.0,42.0,133.0,44.333333333333336,5.0,105.0,0.0,0
10003,32,"Ampicillin 500mg, Pdr for IM/IV, Inj, Vial",2021-09-01,42,188,31,199,1.3548387096774193,40.64516129032258,63.0,-32.0,48.66666666666666,0.0,44.333333333333336,105.0,42.0,0.0,0
10003,32,"Ampicillin 500mg, Pdr for IM/IV, Inj, Vial",2021-10-01,199,0,49,150,4.061224489795919,121.83673469387756,31.0,18.0,42.333333333333336,188.0,107.0,42.0,199.0,0.0,0
10003,32,"Ampicillin 500mg, Pdr for IM/IV, Inj, Vial",2021-11-01,150,0,33,117,4.545454545454546,136.36363636363637,49.0,-16.0,47.66666666666666,0.0,62.66666666666666,199.0,150.0,0.0,0
10003,32,"Ampicillin 500mg, Pdr for IM/IV, Inj, Vial",2021-12-01,117,0,53,64,2.207547169811321,66.22641509433963,33.0,20.0,37.66666666666666,0.0,62.66666666666666,150.0,117.0,0.0,0
10003,32,"Ampicillin 500mg, Pdr for IM/IV, Inj, Vial",2022-01-01,64,0,59,5,1.0847457627118644,32.54237288135593,53.0,6.0,45.0,0.0,0.0,117.0,64.0,0.0,0
10003,32,"Ampicillin 500mg, Pdr for IM/IV, Inj, Vial",2022-02-01,5,153,29,129,0.1724137931034483,5.172413793103448,59.0,-30.0,48.333333333333336,0.0,0.0,64.0,5.0,0.0,0
10003,32,"Ampicillin 500mg, Pdr for IM/IV, Inj, Vial",2022-03-01,129,0,31,98,4.161290322580645,124.83870967741936,29.0,2.0,47.0,153.0,51.0,5.0,129.0,0.0,0
10003,32,"Ampicillin 500mg, Pdr for IM/IV, Inj, Vial",2022-04-01,98,0,37,61,2.6486486486486487,79.45945945945947,31.0,6.0,39.66666666666666,0.0,51.0,129.0,98.0,0.0,0
10003,32,"Ampicillin 500mg, Pdr for IM/IV, Inj, Vial",2022-05-01,61,0,45,16,1.3555555555555556,40.66666666666667,37.0,8.0,32.333333333333336,0.0,51.0,98.0,61.0,0.0,0
10003,32,"Ampicillin 500mg, Pdr for IM/IV, Inj, Vial",2022-06-01,16,97,32,81,0.5,15.0,45.0,-13.0,37.66666666666666,0.0,0.0,61.0,16.0,0.0,0
10003,32,"Ampicillin 500mg, Pdr for IM/IV, Inj, Vial",2022-07-01,81,0,38,43,2.131578947368421,63.94736842105264,32.0,6.0,38.0,97.0,32.333333333333336,16.0,81.0,0.0,0
10003,32,"Ampicillin 500mg, Pdr for IM/IV, Inj, Vial",2022-08-01,43,119,54,108,0.7962962962962963,23.88888888888889,38.0,16.0,38.333333333333336,0.0,32.333333333333336,81.0,43.0,0.0,0
10003,32,"Ampicillin 500mg, Pdr for IM/IV, Inj, Vial",2022-09-01,108,0,32,76,3.375,101.25,54.0,-22.0,41.333333333333336,119.0,72.0,43.0,108.0,0.0,0
10003,32,"Ampicillin 500mg, Pdr for IM/IV, Inj, Vial",2022-10-01,76,0,46,30,1.6521739130434785,49.56521739130435,32.0,14.0,41.333333333333336,0.0,39.66666666666666,108.0,76.0,0.0,1
10003,32,"Ampicillin 500mg, Pdr for IM/IV, Inj, Vial",2022-11-01,30,0,30,0,1.0,30.0,46.0,-16.0,44.0,0.0,39.66666666666666,76.0,30.0,0.0,0
10003,32,"Ampicillin 500mg, Pdr for IM/IV, Inj, Vial",2022-12-01,0,144,46,98,0.0,0.0,30.0,16.0,36.0,0.0,0.0,30.0,0.0,1.0,0
10003,32,"Ampicillin 500mg, Pdr for IM/IV, Inj, Vial",2023-01-01,98,0,10,88,9.8,294.0,46.0,-36.0,40.66666666666666,144.0,48.0,0.0,98.0,0.0,0
10003,32,"Ampicillin 500mg, Pdr for IM/IV, Inj, Vial",2023-02-01,88,0,60,28,1.4666666666666666,44.0,10.0,50.0,28.666666666666668,0.0,48.0,98.0,88.0,0.0,0
10003,32,"Ampicillin 500mg, Pdr for IM/IV, Inj, Vial",2023-03-01,28,59,20,67,1.4,42.0,60.0,-40.0,38.66666666666666,0.0,48.0,88.0,28.0,0.0,0
10003,32,"Ampicillin 500mg, Pdr for IM/IV, Inj, Vial",2023-05-01,67,0,31,36,2.161290322580645,64.83870967741935,20.0,11.0,30.0,59.0,19.666666666666668,28.0,67.0,0.0,0
10003,32,"Ampicillin 500mg, Pdr for IM/IV, Inj, Vial",2023-06-01,36,123,33,126,1.0909090909090908,32.72727272727273,31.0,2.0,37.0,0.0,19.666666666666668,67.0,36.0,0.0,0
10003,32,"Ampicillin 500mg, Pdr for IM/IV, Inj, Vial",2023-08-01,126,0,13,113,9.692307692307692,290.7692307692308,33.0,-20.0,28.0,123.0,60.66666666666666,36.0,126.0,0.0,0
10003,32,"Ampicillin 500mg, Pdr for IM/IV, Inj, Vial",2023-09-01,113,0,52,61,2.173076923076923,65.1923076923077,13.0,39.0,25.666666666666668,0.0,41.0,126.0,113.0,0.0,0
10003,32,"Ampicillin 500mg, Pdr for IM/IV, Inj, Vial",2023-10-01,61,0,34,27,1.7941176470588236,53.82352941176471,52.0,-18.0,32.666666666666664,0.0,41.0,113.0,61.0,0.0,0
10003,34,"Folic Acid 5mg, Tab",2019-11-01,419,0,232,187,1.8060344827586208,54.18103448275863,,,,,,,,,0
10003,34,"Folic Acid 5mg, Tab",2019-12-01,187,657,317,527,0.5899053627760252,17.697160883280755,232.0,85.0,232.0,0.0,0.0,419.0,187.0,0.0,0
10003,34,"Folic Acid 5mg, Tab",2020-02-01,527,0,300,227,1.7566666666666666,52.7,317.0,-17.0,274.5,657.0,328.5,187.0,527.0,0.0,0
10003,34,"Folic Acid 5mg, Tab",2020-03-01,227,1506,279,1454,0.8136200716845878,24.40860215053764,300.0,-21.0,283.0,0.0,219.0,527.0,227.0,0.0,0
10003,34,"Folic Acid 5mg, Tab",2020-04-01,1454,0,508,946,2.8622047244094486,85.86614173228345,279.0,229.0,298.6666666666667,1506.0,721.0,227.0,1454.0,0.0,0
10003,34,"Folic Acid 5mg, Tab",2020-05-01,946,0,438,508,2.1598173515981736,64.79452054794521,508.0,-70.0,362.3333333333333,0.0,502.0,1454.0,946.0,0.0,0
10003,34,"Folic Acid 5mg, Tab",2020-07-01,508,0,304,204,1.6710526315789471,50.13157894736842,438.0,-134.0,408.3333333333333,0.0,502.0,946.0,508.0,0.0,0
10003,34,"Folic Acid 5mg, Tab",2020-08-01,204,1252,299,1157,0.6822742474916388,20.468227424749163,304.0,-5.0,416.6666666666667,0.0,0.0,508.0,204.0,0.0,0
10003,34,"Folic Acid 5mg, Tab",2020-09-01,1157,0,199,958,5.814070351758794,174.4221105527638,299.0,-100.0,347.0,1252.0,417.3333333333333,204.0,1157.0,0.0,0
10003,34,"Folic Acid 5mg, Tab",2020-11-01,958,0,308,650,3.1103896103896105,93.31168831168831,199.0,109.0,267.3333333333333,0.0,417.3333333333333,1157.0,958.0,0.0,0
10003,34,"Folic Acid 5mg, Tab",2020-12-01,650,0,493,157,1.3184584178498986,39.55375253549696,308.0,185.0,268.6666666666667,0.0,417.3333333333333,958.0,650.0,0.0,0
10003,34,"Folic Acid 5mg, Tab",2021-01-01,157,1539,395,1301,0.3974683544303797,11.924050632911392,493.0,-98.0,333.3333333333333,0.0,0.0,650.0,157.0,0.0,0
10003,34,"Folic Acid 5mg, Tab",2021-02-01,1301,0,169,1132,7.698224852071005,230.94674556213016,395.0,-226.0,398.6666666666667,1539.0,513.0,157.0,1301.0,0.0,0
10003,34,"Folic Acid 5mg, Tab",2021-03-01,1132,0,362,770,3.12707182320442,93.8121546961326,169.0,193.0,352.3333333333333,0.0,513.0,1301.0,1132.0,0.0,0
10003,34,"Folic Acid 5mg, Tab",2021-04-01,770,0,338,432,2.2781065088757395,68.34319526627219,362.0,-24.0,308.6666666666667,0.0,513.0,1132.0,770.0,0.0,0
10003,34,"Folic Acid 5mg, Tab",2021-05-01,432,0,317,115,1.362776025236593,40.88328075709779,338.0,-21.0,289.6666666666667,0.0,0.0,770.0,432.0,0.0,0
10003,34,"Folic Acid 5mg, Tab",2021-06-01,115,706,428,393,0.2686915887850467,8.060747663551401,317.0,111.0,339.0,0.0,0.0,432.0,115.0,0.0,0
10003,34,"Folic Acid 5mg, Tab",2021-07-01,393,0,172,221,2.2848837209302326,68.54651162790698,428.0,-256.0,361.0,706.0,235.33333333333331,115.0,393.0,0.0,0
10003,34,"Folic Acid 5mg, Tab",2021-08-01,221,597,339,479,0.6519174041297935,19.557522123893804,172.0,167.0,305.6666666666667,0.0,235.33333333333331,393.0,221.0,0.0,0
10003,34,"Folic Acid 5mg, Tab",2021-10-01,479,0,374,105,1.2807486631016043,38.42245989304813,339.0,35.0,313.0,597.0,434.3333333333333,221.0,479.0,0.0,0
10003,34,"Folic Acid 5mg, Tab",2022-01-01,105,1630,517,1218,0.2030947775628626,6.09284332688588,374.0,143.0,295.0,0.0,199.0,479.0,105.0,0.0,0
10003,34,"Folic Acid 5mg, Tab",2022-03-01,1218,0,364,854,3.3461538461538463,100.3846153846154,517.0,-153.0,410.0,1630.0,742.3333333333334,105.0,1218.0,0.0,0
10003,34,"Folic Acid 5mg, Tab",2022-04-01,854,0,330,524,2.587878787878788,77.63636363636364,364.0,-34.0,418.3333333333333,0.0,543.3333333333334,1218.0,854.0,0.0,0
10003,34,"Folic Acid 5mg, Tab",2022-05-01,524,0,272,252,1.9264705882352944,57.794117647058826,330.0,-58.0,403.6666666666667,0.0,543.3333333333334,854.0,524.0,0.0,0
10003,34,"Folic Acid 5mg, Tab",2022-06-01,252,674,181,745,1.3922651933701655,41.767955801104975,272.0,-91.0,322.0,0.0,0.0,524.0,252.0,0.0,0
10003,34,"Folic Acid 5mg, Tab",2022-07-01,745,0,365,380,2.041095890410959,61.232876712328775,181.0,184.0,261.0,674.0,224.66666666666663,252.0,745.0,0.0,0
10003,34,"Folic Acid 5mg, Tab",2022-09-01,380,580,272,688,1.3970588235294117,41.91176470588235,365.0,-93.0,272.6666666666667,0.0,224.66666666666663,745.0,380.0,0.0,0
10003,34,"Folic Acid 5mg, Tab",2022-10-01,688,0,241,447,2.854771784232365,85.64315352697096,272.0,-31.0,272.6666666666667,580.0,418.0,380.0,688.0,0.0,0
10003,34,"Folic Acid 5mg, Tab",2022-11-01,447,0,215,232,2.0790697674418603,62.37209302325581,241.0,-26.0,292.6666666666667,0.0,193.33333333333331,688.0,447.0,0.0,0
10003,34,"Folic Acid 5mg, Tab",2022-12-01,232,1161,298,1095,0.7785234899328859,23.355704697986575,215.0,83.0,242.66666666666663,0.0,193.33333333333331,447.0,232.0,0.0,0
10003,34,"Folic Acid 5mg, Tab",2023-01-01,1095,0,59,1036,18.559322033898304,556.7796610169491,298.0,-239.0,251.33333333333331,1161.0,387.0,232.0,1095.0,0.0,0
10003,34,"Folic Acid 5mg, Tab",2023-02-01,1036,0,400,636,2.59,77.69999999999999,59.0,341.0,190.66666666666663,0.0,387.0,1095.0,1036.0,0.0,0
10003,34,"Folic Acid 5mg, Tab",2023-03-01,636,0,171,465,3.719298245614035,111.57894736842104,400.0,-229.0,252.33333333333331,0.0,387.0,1036.0,636.0,0.0,0
10003,34,"Folic Acid 5mg, Tab",2023-06-01,465,0,402,63,1.1567164179104477,34.70149253731343,171.0,231.0,210.0,0.0,0.0,636.0,465.0,0.0,0
10003,34,"Folic Acid 5mg, Tab",2023-07-01,63,602,153,512,0.4117647058823529,12.352941176470589,402.0,-249.0,324.3333333333333,0.0,0.0,465.0,63.0,0.0,0
10003,34,"Folic Acid 5mg, Tab",2023-08-01,512,0,145,367,3.5310344827586206,105.93103448275862,153.0,-8.0,242.0,602.0,200.66666666666663,63.0,512.0,0.0,0
10003,34,"Folic Acid 5mg, Tab",2023-09-01,367,1472,208,1631,1.7644230769230769,52.93269230769231,145.0,63.0,233.33333333333331,0.0,200.66666666666663,512.0,367.0,0.0,0
10003,34,"Folic Acid 5mg, Tab",2023-10-01,1631,0,273,1358,5.974358974358975,179.23076923076923,208.0,65.0,168.66666666666666,1472.0,691.3333333333334,367.0,1631.0,0.0,0
10003,35,"Oxytocin 10IU, Inj, Amp",2019-10-01,8,0,7,1,1.1428571428571428,34.285714285714285,,,,,,,,,1
10003,35,"Oxytocin 10IU, Inj, Amp",2019-11-01,1,0,1,0,1.0,30.0,7.0,-6.0,7.0,0.0,0.0,8.0,1.0,0.0,0
10003,35,"Oxytocin 10IU, Inj, Amp",2019-12-01,0,15,3,12,0.0,0.0,1.0,2.0,4.0,0.0,0.0,1.0,0.0,1.0,0
10003,35,"Oxytocin 10IU, Inj, Amp",2020-01-01,12,0,8,4,1.5,45.0,3.0,5.0,3.6666666666666665,15.0,5.0,0.0,12.0,0.0,1
10003,35,"Oxytocin 10IU, Inj, Amp",2020-03-01,4,0,4,0,1.0,30.0,8.0,-4.0,4.0,0.0,5.0,12.0,4.0,0.0,0
10003,35,"Oxytocin 10IU, Inj, Amp",2020-04-01,0,31,8,23,0.0,0.0,4.0,4.0,5.0,0.0,5.0,4.0,0.0,1.0,0
10003,35,"Oxytocin 10IU, Inj, Amp",2020-07-01,23,0,7,16,3.2857142857142856,98.57142857142856,8.0,-1.0,6.666666666666667,31.0,10.333333333333334,0.0,23.0,0.0,0
10003,35,"Oxytocin 10IU, Inj, Amp",2020-08-01,16,0,10,6,1.6,48.0,7.0,3.0,6.333333333333333,0.0,10.333333333333334,23.0,16.0,0.0,0
10003,35,"Oxytocin 10IU, Inj, Amp",2020-10-01,6,29,4,31,1.5,45.0,10.0,-6.0,8.333333333333334,0.0,10.333333333333334,16.0,6.0,0.0,0
10003,35,"Oxytocin 10IU, Inj, Amp",2020-11-01,31,0,10,21,3.1,93.0,4.0,6.0,7.0,29.0,9.666666666666666,6.0,31.0,0.0,0
10003,35,"Oxytocin 10IU, Inj, Amp",2020-12-01,21,0,6,15,3.5,105.0,10.0,-4.0,8.0,0.0,9.666666666666666,31.0,21.0,0.0,0
10003,35,"Oxytocin 10IU, Inj, Amp",2021-01-01,15,0,4,11,3.75,112.5,6.0,-2.0,6.666666666666667,0.0,9.666666666666666,21.0,15.0,0.0,0
10003,35,"Oxytocin 10IU, Inj, Amp",2021-02-01,11,0,6,5,1.8333333333333333,55.0,4.0,2.0,6.666666666666667,0.0,0.0,15.0,11.0,0.0,0
10003,35,"Oxytocin 10IU, Inj, Amp",2021-03-01,5,31,6,30,0.8333333333333334,25.0,6.0,0.0,5.333333333333333,0.0,0.0,11.0,5.0,0.0,0
10003,35,"Oxytocin 10IU, Inj, Amp",2021-05-01,30,0,4,26,7.5,225.0,6.0,-2.0,5.333333333333333,31.0,10.333333333333334,5.0,30.0,0.0,0
10003,35,"Oxytocin 10IU, Inj, Amp",2021-08-01,26,0,5,21,5.2,156.0,4.0,1.0,5.333333333333333,0.0,10.333333333333334,30.0,26.0,0.0,0
10003,35,"Oxytocin 10IU, Inj, Amp",2021-09-01,21,0,4,17,5.25,157.5,5.0,-1.0,5.0,0.0,10.333333333333334,26.0,21.0,0.0,0
10003,35,"Oxytocin 10IU, Inj, Amp",2021-12-01,17,0,3,14,5.666666666666667,170.0,4.0,-1.0,4.333333333333333,0.0,0.0,21.0,17.0,0.0,0
10003,35,"Oxytocin 10IU, Inj, Amp",2022-01-01,14,0,7,7,2.0,60.0,3.0,4.0,4.0,0.0,0.0,17.0,14.0,0.0,1
10003,35,"Oxytocin 10IU, Inj, Amp",2022-02-01,7,0,7,0,1.0,30.0,7.0,0.0,4.666666666666667,0.0,0.0,14.0,7.0,0.0,0
10003,35,"Oxytocin 10IU, Inj, Amp",2022-03-01,0,19,7,12,0.0,0.0,7.0,0.0,5.666666666666667,0.0,0.0,7.0,0.0,1.0,0
10003,35,"Oxytocin 10IU, Inj, Amp",2022-04-01,12,0,7,5,1.7142857142857142,51.42857142857142,7.0,0.0,7.0,19.0,6.333333333333333,0.0,12.0,0.0,1
10003,35,"Oxytocin 10IU, Inj, Amp",2022-05-01,5,0,5,0,1.0,30.0,7.0,-2.0,7.0,0.0,6.333333333333333,12.0,5.0,0.0,0
10003,35,"Oxytocin 10IU, Inj, Amp",2022-06-01,0,18,4,14,0.0,0.0,5.0,-1.0,6.333333333333333,0.0,6.333333333333333,5.0,0.0,1.0,0
10003,35,"Oxytocin 10IU, Inj, Amp",2022-07-01,14,0,10,4,1.4,42.0,4.0,6.0,5.333333333333333,18.0,6.0,0.0,14.0,0.0,1
10003,35,"Oxytocin 10IU, Inj, Amp",2022-08-01,4,0,4,0,1.0,30.0,10.0,-6.0,6.333333333333333,0.0,6.0,14.0,4.0,0.0,0
10003,35,"Oxytocin 10IU, Inj, Amp",2022-10-01,0,13,4,9,0.0,0.0,4.0,0.0,6.0,0.0,6.0,4.0,0.0,1.0,0
10003,35,"Oxytocin 10IU, Inj, Amp",2022-11-01,9,0,5,4,1.8,54.0,4.0,1.0,6.0,13.0,4.333333333333333,0.0,9.0,0.0,1
10003,35,"Oxytocin 10IU, Inj, Amp",2023-01-01,4,0,4,0,1.0,30.0,5.0,-1.0,4.333333333333333,0.0,4.333333333333333,9.0,4.0,0.0,0
10003,35,"Oxytocin 10IU, Inj, Amp",2023-02-01,0,25,7,18,0.0,0.0,4.0,3.0,4.333333333333333,0.0,4.333333333333333,4.0,0.0,1.0,0
10003,35,"Oxytocin 10IU, Inj, Amp",2023-04-01,18,0,7,11,2.571428571428572,77.14285714285715,7.0,0.0,5.333333333333333,25.0,8.333333333333334,0.0,18.0,0.0,0
10003,35,"Oxytocin 10IU, Inj, Amp",2023-05-01,11,0,10,1,1.1,33.0,7.0,3.0,6.0,0.0,8.333333333333334,18.0,11.0,0.0,0
10003,35,"Oxytocin 10IU, Inj, Amp",2023-07-01,1,30,8,23,0.125,3.75,10.0,-2.0,8.0,0.0,8.333333333333334,11.0,1.0,0.0,0
10003,35,"Oxytocin 10IU, Inj, Amp",2023-08-01,23,0,11,12,2.090909090909091,62.72727272727273,8.0,3.0,8.333333333333334,30.0,10.0,1.0,23.0,0.0,0
10003,38,"Albendazole 400mg, Tab",2019-10-01,130,0,30,100,4.333333333333333,130.0,,,,,,,,,0
10003,38,"Albendazole 400mg, Tab",2019-11-01,100,0,48,52,2.083333333333333,62.50000000000001,30.0,18.0,30.0,0.0,0.0,130.0,100.0,0.0,0
10003,38,"Albendazole 400mg, Tab",2020-03-01,52,261,40,273,1.3,39.0,48.0,-8.0,39.0,0.0,0.0,100.0,52.0,0.0,0
10003,38,"Albendazole 400mg, Tab",2020-04-01,273,0,56,217,4.875,146.25,40.0,16.0,39.333333333333336,261.0,87.0,52.0,273.0,0.0,0
10003,38,"Albendazole 400mg, Tab",2020-07-01,217,0,57,160,3.807017543859649,114.21052631578948,56.0,1.0,48.0,0.0,87.0,273.0,217.0,0.0,0
10003,38,"Albendazole 400mg, Tab",2020-08-01,160,0,81,79,1.9753086419753083,59.25925925925925,57.0,24.0,51.0,0.0,87.0,217.0,160.0,0.0,0
10003,38,"Albendazole 400mg, Tab",2020-09-01,79,314,77,316,1.025974025974026,30.77922077922078,81.0,-4.0,64.66666666666667,0.0,0.0,160.0,79.0,0.0,0
10003,38,"Albendazole 400mg, Tab",2020-11-01,316,0,61,255,5.180327868852459,155.40983606557378,77.0,-16.0,71.66666666666667,314.0,104.66666666666669,79.0,316.0,0.0,0
10003,38,"Albendazole 400mg, Tab",2020-12-01,255,0,80,175,3.1875,95.625,61.0,19.0,73.0,0.0,104.66666666666669,316.0,255.0,0.0,0
10003,38,"Albendazole 400mg, Tab",2021-01-01,175,0,75,100,2.333333333333333,70.0,80.0,-5.0,72.66666666666667,0.0,104.66666666666669,255.0,175.0,0.0,0
10003,38,"Albendazole 400mg, Tab",2021-02-01,100,0,61,39,1.639344262295082,49.18032786885246,75.0,-14.0,72.0,0.0,0.0,175.0,100.0,0.0,0
10003,38,"Albendazole 400mg, Tab",2021-03-01,39,266,90,215,0.4333333333333333,13.0,61.0,29.0,72.0,0.0,0.0,100.0,39.0,0.0,0
10003,38,"Albendazole 400mg, Tab",2021-04-01,215,0,101,114,2.128712871287129,63.86138613861387,90.0,11.0,75.33333333333333,266.0,88.66666666666667,39.0,215.0,0.0,0
10003,38,"Albendazole 400mg, Tab",2021-05-01,114,0,75,39,1.52,45.6,101.0,-26.0,84.0,0.0,88.66666666666667,215.0,114.0,0.0,0
10003,38,"Albendazole 400mg, Tab",2021-07-01,39,262,58,243,0.6724137931034483,20.17241379310345,75.0,-17.0,88.66666666666667,0.0,88.66666666666667,114.0,39.0,0.0,0
10003,38,"Albendazole 400mg, Tab",2021-08-01,243,0,52,191,4.673076923076923,140.1923076923077,58.0,-6.0,78.0,262.0,87.33333333333333,39.0,243.0,0.0,0
10003,38,"Albendazole 400mg, Tab",2021-09-01,191,0,75,116,2.546666666666667,76.4,52.0,23.0,61.66666666666666,0.0,87.33333333333333,243.0,191.0,0.0,0
10003,38,"Albendazole 400mg, Tab",2021-10-01,116,0,71,45,1.6338028169014085,49.014084507042256,75.0,-4.0,61.66666666666666,0.0,87.33333333333333,191.0,116.0,0.0,0
10003,38,"Albendazole 400mg, Tab",2021-11-01,45,383,73,355,0.6164383561643836,18.493150684931507,71.0,2.0,66.0,0.0,0.0,116.0,45.0,0.0,0
10003,38,"Albendazole 400mg, Tab",2022-02-01,355,0,66,289,5.378787878787879,161.36363636363637,73.0,-7.0,73.0,383.0,127.66666666666669,45.0,355.0,0.0,0
10003,38,"Albendazole 400mg, Tab",2022-03-01,289,0,113,176,2.557522123893805,76.72566371681417,66.0,47.0,70.0,0.0,127.66666666666669,355.0,289.0,0.0,0
10003,38,"Albendazole 400mg, Tab",2022-05-01,176,0,67,109,2.626865671641791,78.80597014925374,113.0,-46.0,84.0,0.0,127.66666666666669,289.0,176.0,0.0,0
10003,38,"Albendazole 400mg, Tab",2022-07-01,109,0,53,56,2.056603773584906,61.69811320754717,67.0,-14.0,82.0,0.0,0.0,176.0,109.0,0.0,0
10003,38,"Albendazole 400mg, Tab",2022-08-01,56,147,64,139,0.875,26.25,53.0,11.0,77.66666666666667,0.0,0.0,109.0,56.0,0.0,0
10003,38,"Albendazole 400mg, Tab",2022-09-01,139,0,54,85,2.574074074074074,77.22222222222221,64.0,-10.0,61.333333333333336,147.0,49.0,56.0,139.0,0.0,0
10003,38,"Albendazole 400mg, Tab",2022-10-01,85,270,96,259,0.8854166666666666,26.5625,54.0,42.0,57.0,0.0,49.0,139.0,85.0,0.0,0
10003,38,"Albendazole 400mg, Tab",2022-12-01,259,0,71,188,3.647887323943662,109.43661971830986,96.0,-25.0,71.33333333333333,270.0,139.0,85.0,259.0,0.0,0
10003,38,"Albendazole 400mg, Tab",2023-01-01,188,0,84,104,2.238095238095238,67.14285714285714,71.0,13.0,73.66666666666667,0.0,90.0,259.0,188.0,0.0,1
10003,38,"Albendazole 400mg, Tab",2023-02-01,104,0,104,0,1.0,30.0,84.0,20.0,83.66666666666667,0.0,90.0,188.0,104.0,0.0,0
10003,38,"Albendazole 400mg, Tab",2023-03-01,0,287,103,184,0.0,0.0,104.0,-1.0,86.33333333333333,0.0,0.0,104.0,0.0,1.0,0
10003,38,"Albendazole 400mg, Tab",2023-06-01,184,0,96,88,1.9166666666666667,57.5,103.0,-7.0,97.0,287.0,95.66666666666669,0.0,184.0,0.0,0
10003,38,"Albendazole 400mg, Tab",2023-07-01,88,216,96,208,0.9166666666666666,27.5,96.0,0.0,101.0,0.0,95.66666666666669,184.0,88.0,0.0,0
10003,38,"Albendazole 400mg, Tab",2023-08-01,208,0,109,99,1.908256880733945,57.247706422018354,96.0,13.0,98.33333333333331,216.0,167.66666666666666,88.0,208.0,0.0,0
10003,38,"Albendazole 400mg, Tab",2023-09-01,99,0,55,44,1.8,54.0,109.0,-54.0,100.33333333333331,0.0,72.0,208.0,99.0,0.0,0
10003,42,"Methyldopa 250mg, Tab",2019-10-01,60,0,34,26,1.7647058823529411,52.94117647058823,,,,,,,,,0
10003,42,"Methyldopa 250mg, Tab",2019-11-01,26,83,24,85,1.0833333333333333,32.5,34.0,-10.0,34.0,0.0,0.0,60.0,26.0,0.0,0
10003,42,"Methyldopa 250mg, Tab",2020-01-01,85,0,22,63,3.863636363636364,115.9090909090909,24.0,-2.0,29.0,83.0,41.5,26.0,85.0,0.0,0
10003,42,"Methyldopa 250mg, Tab",2020-02-01,63,0,61,2,1.0327868852459017,30.98360655737705,22.0,39.0,26.666666666666668,0.0,27.666666666666668,85.0,63.0,0.0,0
10003,42,"Methyldopa 250mg, Tab",2020-04-01,2,178,44,136,0.0454545454545454,1.3636363636363638,61.0,-17.0,35.666666666666664,0.0,27.666666666666668,63.0,2.0,0.0,0
10003,42,"Methyldopa 250mg, Tab",2020-05-01,136,0,43,93,3.1627906976744184,94.88372093023256,44.0,-1.0,42.333333333333336,178.0,59.333333333333336,2.0,136.0,0.0,0
10003,42,"Methyldopa 250mg, Tab",2020-08-01,93,0,40,53,2.325,69.75,43.0,-3.0,49.333333333333336,0.0,59.333333333333336,136.0,93.0,0.0,0
10003,42,"Methyldopa 250mg, Tab",2020-10-01,53,0,12,41,4.416666666666667,132.5,40.0,-28.0,42.333333333333336,0.0,59.333333333333336,93.0,53.0,0.0,0
10003,42,"Methyldopa 250mg, Tab",2020-11-01,41,106,62,85,0.6612903225806451,19.838709677419352,12.0,50.0,31.666666666666668,0.0,0.0,53.0,41.0,0.0,0
10003,42,"Methyldopa 250mg, Tab",2020-12-01,85,0,30,55,2.833333333333333,85.0,62.0,-32.0,38.0,106.0,35.333333333333336,41.0,85.0,0.0,1
10003,42,"Methyldopa 250mg, Tab",2021-01-01,55,0,55,0,1.0,30.0,30.0,25.0,34.666666666666664,0.0,35.333333333333336,85.0,55.0,0.0,0
10003,42,"Methyldopa 250mg, Tab",2021-02-01,0,191,46,145,0.0,0.0,55.0,-9.0,49.0,0.0,35.333333333333336,55.0,0.0,1.0,0
10003,42,"Methyldopa 250mg, Tab",2021-03-01,145,0,18,127,8.055555555555555,241.66666666666663,46.0,-28.0,43.66666666666666,191.0,63.66666666666666,0.0,145.0,0.0,0
10003,42,"Methyldopa 250mg, Tab",2021-05-01,127,0,21,106,6.047619047619048,181.42857142857144,18.0,3.0,39.66666666666666,0.0,63.66666666666666,145.0,127.0,0.0,0
10003,42,"Methyldopa 250mg, Tab",2021-07-01,106,0,47,59,2.25531914893617,67.65957446808511,21.0,26.0,28.33333333333333,0.0,63.66666666666666,127.0,106.0,0.0,0
10003,42,"Methyldopa 250mg, Tab",2021-12-01,59,0,27,32,2.185185185185185,65.55555555555556,47.0,-20.0,28.666666666666668,0.0,0.0,106.0,59.0,0.0,0
10003,42,"Methyldopa 250mg, Tab",2022-02-01,32,177,45,164,0.7111111111111111,21.333333333333336,27.0,18.0,31.666666666666668,0.0,0.0,59.0,32.0,0.0,0
10003,42,"Methyldopa 250mg, Tab",2022-03-01,164,0,58,106,2.827586206896552,84.82758620689654,45.0,13.0,39.66666666666666,177.0,59.0,32.0,164.0,0.0,0
10003,42,"Methyldopa 250mg, Tab",2022-04-01,106,0,17,89,6.235294117647059,187.05882352941177,58.0,-41.0,43.333333333333336,0.0,59.0,164.0,106.0,0.0,0
10003,42,"Methyldopa 250mg, Tab",2022-06-01,89,0,45,44,1.9777777777777776,59.333333333333336,17.0,28.0,40.0,0.0,59.0,106.0,89.0,0.0,0
10003,42,"Methyldopa 250mg, Tab",2022-07-01,44,196,33,207,1.3333333333333333,40.0,45.0,-12.0,40.0,0.0,0.0,89.0,44.0,0.0,0
10003,42,"Methyldopa 250mg, Tab",2022-09-01,207,0,48,159,4.3125,129.375,33.0,15.0,31.666666666666668,196.0,65.33333333333333,44.0,207.0,0.0,0
10003,42,"Methyldopa 250mg, Tab",2022-10-01,159,0,59,100,2.694915254237288,80.84745762711864,48.0,11.0,42.0,0.0,65.33333333333333,207.0,159.0,0.0,0
10003,42,"Methyldopa 250mg, Tab",2022-12-01,100,0,13,87,7.6923076923076925,230.7692307692308,59.0,-46.0,46.66666666666666,0.0,65.33333333333333,159.0,100.0,0.0,0
10003,42,"Methyldopa 250mg, Tab",2023-02-01,87,0,26,61,3.3461538461538463,100.3846153846154,13.0,13.0,40.0,0.0,0.0,100.0,87.0,0.0,0
10003,42,"Methyldopa 250mg, Tab",2023-03-01,61,0,47,14,1.297872340425532,38.93617021276596,26.0,21.0,32.666666666666664,0.0,0.0,87.0,61.0,0.0,0
10003,42,"Methyldopa 250mg, Tab",2023-05-01,14,135,35,114,0.4,12.0,47.0,-12.0,28.666666666666668,0.0,0.0,61.0,14.0,0.0,0
10003,42,"Methyldopa 250mg, Tab",2023-06-01,114,0,34,80,3.3529411764705883,100.58823529411764,35.0,-1.0,36.0,135.0,45.0,14.0,114.0,0.0,0
10003,42,"Methyldopa 250mg, Tab",2023-08-01,80,0,48,32,1.6666666666666667,50.0,34.0,14.0,38.66666666666666,0.0,45.0,114.0,80.0,0.0,0
10003,42,"Methyldopa 250mg, Tab",2023-09-01,32,188,37,183,0.8648648648648649,25.945945945945947,48.0,-11.0,39.0,0.0,45.0,80.0,32.0,0.0,0
10003,43,"Zinc Sulphate 20mg, Dispersible, Tab",2019-10-01,79,159,166,72,0.4759036144578313,14.27710843373494,,,,,,,,,0
10003,43,"Zinc Sulphate 20mg, Dispersible, Tab",2019-11-01,72,321,83,310,0.8674698795180723,26.02409638554217,166.0,-83.0,166.0,159.0,159.0,79.0,72.0,0.0,0
10003,43,"Zinc Sulphate 20mg, Dispersible, Tab",2020-01-01,310,0,92,218,3.369565217391304,101.08695652173913,83.0,9.0,124.5,321.0,240.0,72.0,310.0,0.0,0
10003,43,"Zinc Sulphate 20mg, Dispersible, Tab",2020-02-01,218,0,113,105,1.9292035398230087,57.876106194690266,92.0,21.0,113.66666666666669,0.0,160.0,310.0,218.0,0.0,0
10003,43,"Zinc Sulphate 20mg, Dispersible, Tab",2020-03-01,105,0,89,16,1.1797752808988764,35.39325842696629,113.0,-24.0,96.0,0.0,107.0,218.0,105.0,0.0,0
10003,43,"Zinc Sulphate 20mg, Dispersible, Tab",2020-04-01,16,313,78,251,0.2051282051282051,6.153846153846153,89.0,-11.0,98.0,0.0,0.0,105.0,16.0,0.0,0
10003,43,"Zinc Sulphate 20mg, Dispersible, Tab",2020-05-01,251,0,47,204,5.340425531914893,160.2127659574468,78.0,-31.0,93.33333333333331,313.0,104.33333333333331,16.0,251.0,0.0,0
10003,43,"Zinc Sulphate 20mg, Dispersible, Tab",2020-06-01,204,0,50,154,4.08,122.4,47.0,3.0,71.33333333333333,0.0,104.33333333333331,251.0,204.0,0.0,0
10003,43,"Zinc Sulphate 20mg, Dispersible, Tab",2020-07-01,154,0,71,83,2.1690140845070425,65.07042253521128,50.0,21.0,58.333333333333336,0.0,104.33333333333331,204.0,154.0,0.0,0
10003,43,"Zinc Sulphate 20mg, Dispersible, Tab",2020-08-01,83,125,86,122,0.9651162790697676,28.953488372093023,71.0,15.0,56.0,0.0,0.0,154.0,83.0,0.0,0
10003,43,"Zinc Sulphate 20mg, Dispersible, Tab",2020-09-01,122,0,59,63,2.067796610169492,62.03389830508474,86.0,-27.0,69.0,125.0,41.66666666666666,83.0,122.0,0.0,0
10003,43,"Zinc Sulphate 20mg, Dispersible, Tab",2020-11-01,63,231,49,245,1.2857142857142858,38.57142857142858,59.0,-10.0,72.0,0.0,41.66666666666666,122.0,63.0,0.0,0
10003,43,"Zinc Sulphate 20mg, Dispersible, Tab",2020-12-01,245,0,116,129,2.112068965517241,63.362068965517246,49.0,67.0,64.66666666666667,231.0,118.66666666666669,63.0,245.0,0.0,0
10003,43,"Zinc Sulphate 20mg, Dispersible, Tab",2021-01-01,129,0,80,49,1.6125,48.375,116.0,-36.0,74.66666666666667,0.0,77.0,245.0,129.0,0.0,0
10003,43,"Zinc Sulphate 20mg, Dispersible, Tab",2021-03-01,49,257,46,260,1.065217391304348,31.95652173913044,80.0,-34.0,81.66666666666667,0.0,77.0,129.0,49.0,0.0,0
10003,43,"Zinc Sulphate 20mg, Dispersible, Tab",2021-04-01,260,0,49,211,5.306122448979592,159.18367346938774,46.0,3.0,80.66666666666667,257.0,85.66666666666667,49.0,260.0,0.0,0
10003,43,"Zinc Sulphate 20mg, Dispersible, Tab",2021-05-01,211,0,105,106,2.009523809523809,60.285714285714285,49.0,56.0,58.333333333333336,0.0,85.66666666666667,260.0,211.0,0.0,0
10003,43,"Zinc Sulphate 20mg, Dispersible, Tab",2021-06-01,106,0,35,71,3.0285714285714285,90.85714285714286,105.0,-70.0,66.66666666666667,0.0,85.66666666666667,211.0,106.0,0.0,0
10003,43,"Zinc Sulphate 20mg, Dispersible, Tab",2021-07-01,71,157,83,145,0.8554216867469879,25.66265060240964,35.0,48.0,63.0,0.0,0.0,106.0,71.0,0.0,0
10003,43,"Zinc Sulphate 20mg, Dispersible, Tab",2021-09-01,145,0,65,80,2.230769230769231,66.92307692307692,83.0,-18.0,74.33333333333333,157.0,52.333333333333336,71.0,145.0,0.0,0
10003,43,"Zinc Sulphate 20mg, Dispersible, Tab",2021-10-01,80,321,44,357,1.818181818181818,54.54545454545455,65.0,-21.0,61.0,0.0,52.333333333333336,145.0,80.0,0.0,0
10003,43,"Zinc Sulphate 20mg, Dispersible, Tab",2021-12-01,357,0,60,297,5.95,178.5,44.0,16.0,64.0,321.0,159.33333333333334,80.0,357.0,0.0,0
10003,43,"Zinc Sulphate 20mg, Dispersible, Tab",2022-01-01,297,0,51,246,5.823529411764706,174.70588235294116,60.0,-9.0,56.333333333333336,0.0,107.0,357.0,297.0,0.0,0
10003,43,"Zinc Sulphate 20mg, Dispersible, Tab",2022-02-01,246,0,68,178,3.6176470588235294,108.52941176470588,51.0,17.0,51.66666666666666,0.0,107.0,297.0,246.0,0.0,0
10003,43,"Zinc Sulphate 20mg, Dispersible, Tab",2022-03-01,178,0,59,119,3.016949152542373,90.50847457627118,68.0,-9.0,59.66666666666666,0.0,0.0,246.0,178.0,0.0,0
10003,43,"Zinc Sulphate 20mg, Dispersible, Tab",2022-04-01,119,0,47,72,2.5319148936170213,75.95744680851064,59.0,-12.0,59.333333333333336,0.0,0.0,178.0,119.0,0.0,0
10003,43,"Zinc Sulphate 20mg, Dispersible, Tab",2022-05-01,72,305,74,303,0.972972972972973,29.18918918918919,47.0,27.0,58.0,0.0,0.0,119.0,72.0,0.0,0
10003,43,"Zinc Sulphate 20mg, Dispersible, Tab",2022-06-01,303,0,120,183,2.525,75.75,74.0,46.0,60.0,305.0,101.66666666666669,72.0,303.0,0.0,0
10003,43,"Zinc Sulphate 20mg, Dispersible, Tab",2022-07-01,183,0,59,124,3.101694915254237,93.05084745762711,120.0,-61.0,80.33333333333333,0.0,101.66666666666669,303.0,183.0,0.0,0
10003,43,"Zinc Sulphate 20mg, Dispersible, Tab",2022-08-01,124,0,51,73,2.431372549019608,72.94117647058823,59.0,-8.0,84.33333333333333,0.0,101.66666666666669,183.0,124.0,0.0,0
10003,43,"Zinc Sulphate 20mg, Dispersible, Tab",2022-10-01,73,202,72,203,1.0138888888888888,30.416666666666664,51.0,21.0,76.66666666666667,0.0,0.0,124.0,73.0,0.0,0
10003,43,"Zinc Sulphate 20mg, Dispersible, Tab",2022-11-01,203,0,3,200,67.66666666666667,2030.0,72.0,-69.0,60.66666666666666,202.0,67.33333333333333,73.0,203.0,0.0,0
10003,43,"Zinc Sulphate 20mg, Dispersible, Tab",2022-12-01,200,0,73,127,2.73972602739726,82.1917808219178,3.0,70.0,42.0,0.0,67.33333333333333,203.0,200.0,0.0,0
10003,43,"Zinc Sulphate 20mg, Dispersible, Tab",2023-01-01,127,0,83,44,1.5301204819277108,45.90361445783133,73.0,10.0,49.333333333333336,0.0,67.33333333333333,200.0,127.0,0.0,0
10003,43,"Zinc Sulphate 20mg, Dispersible, Tab",2023-02-01,44,185,71,158,0.6197183098591549,18.591549295774648,83.0,-12.0,53.0,0.0,0.0,127.0,44.0,0.0,0
10003,43,"Zinc Sulphate 20mg, Dispersible, Tab",2023-03-01,158,0,44,114,3.590909090909091,107.72727272727272,71.0,-27.0,75.66666666666667,185.0,61.66666666666666,44.0,158.0,0.0,0
10003,43,"Zinc Sulphate 20mg, Dispersible, Tab",2023-04-01,114,0,51,63,2.235294117647059,67.05882352941177,44.0,7.0,66.0,0.0,61.66666666666666,158.0,114.0,0.0,0
10003,43,"Zinc Sulphate 20mg, Dispersible, Tab",2023-05-01,63,168,29,202,2.1724137931034484,65.17241379310346,51.0,-22.0,55.333333333333336,0.0,61.66666666666666,114.0,63.0,0.0,0
10003,43,"Zinc Sulphate 20mg, Dispersible, Tab",2023-06-01,202,0,102,100,1.9803921568627447,59.41176470588236,29.0,73.0,41.333333333333336,168.0,56.0,63.0,202.0,0.0,0
10003,43,"Zinc Sulphate 20mg, Dispersible, Tab",2023-08-01,100,0,21,79,4.761904761904762,142.85714285714286,102.0,-81.0,60.66666666666666,0.0,56.0,202.0,100.0,0.0,0
10003,43,"Zinc Sulphate 20mg, Dispersible, Tab",2023-09-01,79,168,37,210,2.135135135135135,64.05405405405405,21.0,16.0,50.66666666666666,0.0,56.0,100.0,79.0,0.0,0
10003,43,"Zinc Sulphate 20mg, Dispersible, Tab",2023-10-01,210,0,47,163,4.468085106382978,134.04255319148936,37.0,10.0,53.333333333333336,168.0,56.0,79.0,210.0,0.0,0
10003,47,"Chlorhexidine Gluconate 7.1%, Gel",2019-10-01,4,0,1,3,4.0,120.0,,,,,,,,,0
10003,47,"Chlorhexidine Gluconate 7.1%, Gel",2019-11-01,3,0,1,2,3.0,90.0,1.0,0.0,1.0,0.0,0.0,4.0,3.0,0.0,0
10003,47,"Chlorhexidine Gluconate 7.1%, Gel",2019-12-01,2,0,1,1,2.0,60.0,1.0,0.0,1.0,0.0,0.0,3.0,2.0,0.0,0
10003,47,"Chlorhexidine Gluconate 7.1%, Gel",2020-03-01,1,6,0,7,,,1.0,-1.0,1.0,0.0,0.0,2.0,1.0,0.0,0
10003,47,"Chlorhexidine Gluconate 7.1%, Gel",2020-04-01,7,0,1,6,7.0,210.0,0.0,1.0,0.6666666666666666,6.0,2.0,1.0,7.0,0.0,0
10003,47,"Chlorhexidine Gluconate 7.1%, Gel",2020-05-01,6,0,1,5,6.0,180.0,1.0,0.0,0.6666666666666666,0.0,2.0,7.0,6.0,0.0,0
10003,47,"Chlorhexidine Gluconate 7.1%, Gel",2020-06-01,5,0,3,2,1.6666666666666667,50.0,1.0,2.0,0.6666666666666666,0.0,2.0,6.0,5.0,0.0,0
10003,47,"Chlorhexidine Gluconate 7.1%, Gel",2020-07-01,2,7,2,7,1.0,30.0,3.0,-1.0,1.6666666666666667,0.0,0.0,5.0,2.0,0.0,0
10003,47,"Chlorhexidine Gluconate 7.1%, Gel",2020-09-01,7,0,2,5,3.5,105.0,2.0,0.0,2.0,7.0,2.333333333333333,2.0,7.0,0.0,0
10003,47,"Chlorhexidine Gluconate 7.1%, Gel",2020-10-01,5,0,1,4,5.0,150.0,2.0,-1.0,2.333333333333333,0.0,2.333333333333333,7.0,5.0,0.0,0
10003,47,"Chlorhexidine Gluconate 7.1%, Gel",2020-11-01,4,0,0,4,,,1.0,-1.0,1.6666666666666667,0.0,2.333333333333333,5.0,4.0,0.0,0
10003,47,"Chlorhexidine Gluconate 7.1%, Gel",2021-01-01,4,0,3,1,1.3333333333333333,40.0,0.0,3.0,1.0,0.0,0.0,4.0,4.0,0.0,0
10003,47,"Chlorhexidine Gluconate 7.1%, Gel",2021-04-01,1,4,1,4,1.0,30.0,3.0,-2.0,1.3333333333333333,0.0,0.0,4.0,1.0,0.0,0
10003,47,"Chlorhexidine Gluconate 7.1%, Gel",2021-06-01,4,0,2,2,2.0,60.0,1.0,1.0,1.3333333333333333,4.0,1.3333333333333333,1.0,4.0,0.0,1
10003,47,"Chlorhexidine Gluconate 7.1%, Gel",2021-07-01,2,0,2,0,1.0,30.0,2.0,0.0,2.0,0.0,1.3333333333333333,4.0,2.0,0.0,0
10003,47,"Chlorhexidine Gluconate 7.1%, Gel",2021-08-01,0,9,1,8,0.0,0.0,2.0,-1.0,1.6666666666666667,0.0,1.3333333333333333,2.0,0.0,1.0,0
10003,47,"Chlorhexidine Gluconate 7.1%, Gel",2021-09-01,8,0,2,6,4.0,120.0,1.0,1.0,1.6666666666666667,9.0,3.0,0.0,8.0,0.0,0
10003,47,"Chlorhexidine Gluconate 7.1%, Gel",2021-10-01,6,0,0,6,,,2.0,-2.0,1.6666666666666667,0.0,3.0,8.0,6.0,0.0,0
10003,47,"Chlorhexidine Gluconate 7.1%, Gel",2021-11-01,6,0,0,6,,,0.0,0.0,1.0,0.0,3.0,6.0,6.0,0.0,0
10003,47,"Chlorhexidine Gluconate 7.1%, Gel",2022-01-01,6,0,1,5,6.0,180.0,0.0,1.0,0.6666666666666666,0.0,0.0,6.0,6.0,0.0,0
10003,47,"Chlorhexidine Gluconate 7.1%, Gel",2022-03-01,5,0,1,4,5.0,150.0,1.0,0.0,0.3333333333333333,0.0,0.0,6.0,5.0,0.0,0
10003,47,"Chlorhexidine Gluconate 7.1%, Gel",2022-04-01,4,0,1,3,4.0,120.0,1.0,0.0,0.6666666666666666,0.0,0.0,5.0,4.0,0.0,0
10003,47,"Chlorhexidine Gluconate 7.1%, Gel",2022-05-01,3,0,1,2,3.0,90.0,1.0,0.0,1.0,0.0,0.0,4.0,3.0,0.0,0
10003,47,"Chlorhexidine Gluconate 7.1%, Gel",2022-06-01,2,9,1,10,2.0,60.0,1.0,0.0,1.0,0.0,0.0,3.0,2.0,0.0,0
10003,47,"Chlorhexidine Gluconate 7.1%, Gel",2022-07-01,10,0,3,7,3.333333333333333,100.0,1.0,2.0,1.0,9.0,3.0,2.0,10.0,0.0,0
10003,47,"Chlorhexidine Gluconate 7.1%, Gel",2022-08-01,7,0,2,5,3.5,105.0,3.0,-1.0,1.6666666666666667,0.0,3.0,10.0,7.0,0.0,0
10003,47,"Chlorhexidine Gluconate 7.1%, Gel",2022-09-01,5,0,1,4,5.0,150.0,2.0,-1.0,2.0,0.0,3.0,7.0,5.0,0.0,0
10003,47,"Chlorhexidine Gluconate 7.1%, Gel",2022-10-01,4,0,3,1,1.3333333333333333,40.0,1.0,2.0,2.0,0.0,0.0,5.0,4.0,0.0,0
10003,47,"Chlorhexidine Gluconate 7.1%, Gel",2022-11-01,1,8,2,7,0.5,15.0,3.0,-1.0,2.0,0.0,0.0,4.0,1.0,0.0,0
10003,47,"Chlorhexidine Gluconate 7.1%, Gel",2022-12-01,7,0,0,7,,,2.0,-2.0,2.0,8.0,2.6666666666666665,1.0,7.0,0.0,0
10003,47,"Chlorhexidine Gluconate 7.1%, Gel",2023-02-01,7,0,2,5,3.5,105.0,0.0,2.0,1.6666666666666667,0.0,2.6666666666666665,7.0,7.0,0.0,0
10003,47,"Chlorhexidine Gluconate 7.1%, Gel",2023-04-01,5,0,1,4,5.0,150.0,2.0,-1.0,1.3333333333333333,0.0,2.6666666666666665,7.0,5.0,0.0,0
10003,47,"Chlorhexidine Gluconate 7.1%, Gel",2023-05-01,4,0,1,3,4.0,120.0,1.0,0.0,1.0,0.0,0.0,5.0,4.0,0.0,0
10003,47,"Chlorhexidine Gluconate 7.1%, Gel",2023-06-01,3,0,2,1,1.5,45.0,1.0,1.0,1.3333333333333333,0.0,0.0,4.0,3.0,0.0,0
10003,47,"Chlorhexidine Gluconate 7.1%, Gel",2023-08-01,1,3,3,1,0.3333333333333333,10.0,2.0,1.0,1.3333333333333333,0.0,0.0,3.0,1.0,0.0,1
10003,47,"Chlorhexidine Gluconate 7.1%, Gel",2023-10-01,1,0,1,0,1.0,30.0,3.0,-2.0,2.0,3.0,1.0,1.0,1.0,0.0,1
10003,50,"Paracetamol (Acetaminophen) 500mg, Tab",2019-11-01,2331,0,736,1595,3.167119565217391,95.01358695652172,,,,,,,,,1
10003,50,"Paracetamol (Acetaminophen) 500mg, Tab",2020-01-01,1595,0,1595,0,1.0,30.0,736.0,859.0,736.0,0.0,0.0,2331.0,1595.0,0.0,0
10003,50,"Paracetamol (Acetaminophen) 500mg, Tab",2020-02-01,0,4773,864,3909,0.0,0.0,1595.0,-731.0,1165.5,0.0,0.0,1595.0,0.0,1.0,0
10003,50,"Paracetamol (Acetaminophen) 500mg, Tab",2020-03-01,3909,0,1427,2482,2.739313244569026,82.17939733707078,864.0,563.0,1065.0,4773.0,1591.0,0.0,3909.0,0.0,0
10003,50,"Paracetamol (Acetaminophen) 500mg, Tab",2020-05-01,2482,0,1072,1410,2.3152985074626864,69.4589552238806,1427.0,-355.0,1295.3333333333333,0.0,1591.0,3909.0,2482.0,0.0,0
10003,50,"Paracetamol (Acetaminophen) 500mg, Tab",2020-07-01,1410,1928,1341,1997,1.051454138702461,31.54362416107383,1072.0,269.0,1121.0,0.0,1591.0,2482.0,1410.0,0.0,0
10003,50,"Paracetamol (Acetaminophen) 500mg, Tab",2020-08-01,1997,0,1591,406,1.2551854179761155,37.65556253928347,1341.0,250.0,1280.0,1928.0,642.6666666666666,1410.0,1997.0,0.0,1
10003,50,"Paracetamol (Acetaminophen) 500mg, Tab",2020-09-01,406,0,406,0,1.0,30.0,1591.0,-1185.0,1334.6666666666667,0.0,642.6666666666666,1997.0,406.0,0.0,0
10003,50,"Paracetamol (Acetaminophen) 500mg, Tab",2020-10-01,0,2564,2188,376,0.0,0.0,406.0,1782.0,1112.6666666666667,0.0,642.6666666666666,406.0,0.0,1.0,1
10003,50,"Paracetamol (Acetaminophen) 500mg, Tab",2020-12-01,376,0,376,0,1.0,30.0,2188.0,-1812.0,1395.0,2564.0,854.6666666666666,0.0,376.0,0.0,1
10003,50,"Paracetamol (Acetaminophen) 500mg, Tab",2021-01-01,0,0,0,0,,,376.0,-376.0,990.0,0.0,854.6666666666666,376.0,0.0,1.0,0
10003,50,"Paracetamol (Acetaminophen) 500mg, Tab",2021-07-01,0,5433,1361,4072,0.0,0.0,0.0,1361.0,854.6666666666666,0.0,854.6666666666666,0.0,0.0,1.0,0
10003,50,"Paracetamol (Acetaminophen) 500mg, Tab",2021-08-01,4072,0,1884,2188,2.16135881104034,64.8407643312102,1361.0,523.0,579.0,5433.0,1811.0,0.0,4072.0,0.0,0
10003,50,"Paracetamol (Acetaminophen) 500mg, Tab",2021-10-01,2188,0,1050,1138,2.083809523809524,62.51428571428571,1884.0,-834.0,1081.6666666666667,0.0,1811.0,4072.0,2188.0,0.0,0
10003,50,"Paracetamol (Acetaminophen) 500mg, Tab",2021-12-01,1138,3420,878,3680,1.296127562642369,38.88382687927107,1050.0,-172.0,1431.6666666666667,0.0,1811.0,2188.0,1138.0,0.0,0
10003,50,"Paracetamol (Acetaminophen) 500mg, Tab",2022-01-01,3680,0,984,2696,3.739837398373984,112.1951219512195,878.0,106.0,1270.6666666666667,3420.0,1140.0,1138.0,3680.0,0.0,0
10003,50,"Paracetamol (Acetaminophen) 500mg, Tab",2022-05-01,2696,0,1632,1064,1.6519607843137254,49.55882352941176,984.0,648.0,970.6666666666666,0.0,1140.0,3680.0,2696.0,0.0,1
10003,50,"Paracetamol (Acetaminophen) 500mg, Tab",2022-06-01,1064,0,1064,0,1.0,30.0,1632.0,-568.0,1164.6666666666667,0.0,1140.0,2696.0,1064.0,0.0,0
10003,50,"Paracetamol (Acetaminophen) 500mg, Tab",2022-08-01,0,3112,765,2347,0.0,0.0,1064.0,-299.0,1226.6666666666667,0.0,0.0,1064.0,0.0,1.0,0
10003,50,"Paracetamol (Acetaminophen) 500mg, Tab",2022-09-01,2347,0,1113,1234,2.1087151841868823,63.26145552560647,765.0,348.0,1153.6666666666667,3112.0,1037.3333333333333,0.0,2347.0,0.0,0
10003,50,"Paracetamol (Acetaminophen) 500mg, Tab",2022-10-01,1234,0,873,361,1.413516609392898,42.40549828178695,1113.0,-240.0,980.6666666666666,0.0,1037.3333333333333,2347.0,1234.0,0.0,1
10003,50,"Paracetamol (Acetaminophen) 500mg, Tab",2022-11-01,361,0,361,0,1.0,30.0,873.0,-512.0,917.0,0.0,1037.3333333333333,1234.0,361.0,0.0,0
10003,50,"Paracetamol (Acetaminophen) 500mg, Tab",2022-12-01,0,4353,1063,3290,0.0,0.0,361.0,702.0,782.3333333333334,0.0,0.0,361.0,0.0,1.0,0
10003,50,"Paracetamol (Acetaminophen) 500mg, Tab",2023-02-01,3290,0,1314,1976,2.503805175038052,75.11415525114155,1063.0,251.0,765.6666666666666,4353.0,1451.0,0.0,3290.0,0.0,0
10003,50,"Paracetamol (Acetaminophen) 500mg, Tab",2023-03-01,1976,0,1214,762,1.627677100494234,48.83031301482701,1314.0,-100.0,912.6666666666666,0.0,1451.0,3290.0,1976.0,0.0,0
10003,50,"Paracetamol (Acetaminophen) 500mg, Tab",2023-04-01,762,4460,691,4531,1.102749638205499,33.08248914616498,1214.0,-523.0,1197.0,0.0,1451.0,1976.0,762.0,0.0,0
10003,50,"Paracetamol (Acetaminophen) 500mg, Tab",2023-05-01,4531,0,1775,2756,2.552676056338028,76.58028169014084,691.0,1084.0,1073.0,4460.0,1486.6666666666667,762.0,4531.0,0.0,0
10003,50,"Paracetamol (Acetaminophen) 500mg, Tab",2023-07-01,2756,0,1926,830,1.430944963655244,42.92834890965732,1775.0,151.0,1226.6666666666667,0.0,1486.6666666666667,4531.0,2756.0,0.0,0
10003,50,"Paracetamol (Acetaminophen) 500mg, Tab",2023-08-01,830,1936,1179,1587,0.7039864291772688,21.119592875318062,1926.0,-747.0,1464.0,0.0,1486.6666666666667,2756.0,830.0,0.0,0
10003,50,"Paracetamol (Acetaminophen) 500mg, Tab",2023-09-01,1587,0,724,863,2.1919889502762437,65.7596685082873,1179.0,-455.0,1626.6666666666667,1936.0,645.3333333333334,830.0,1587.0,0.0,0
10003,52,"Povidone Iodine 10%, Solution, Bot",2019-10-01,1,0,1,0,1.0,30.0,,,,,,,,,1
10003,52,"Povidone Iodine 10%, Solution, Bot",2019-11-01,0,0,0,0,,,1.0,-1.0,1.0,0.0,0.0,1.0,0.0,1.0,0
10003,52,"Povidone Iodine 10%, Solution, Bot",2019-12-01,0,4,1,3,0.0,0.0,0.0,1.0,0.5,0.0,0.0,0.0,0.0,1.0,0
10003,52,"Povidone Iodine 10%, Solution, Bot",2020-01-01,3,0,0,3,,,1.0,-1.0,0.6666666666666666,4.0,1.3333333333333333,0.0,3.0,0.0,0
10003,52,"Povidone Iodine 10%, Solution, Bot",2020-03-01,3,0,2,1,1.5,45.0,0.0,2.0,0.3333333333333333,0.0,1.3333333333333333,3.0,3.0,0.0,0
10003,52,"Povidone Iodine 10%, Solution, Bot",2020-04-01,1,3,1,3,1.0,30.0,2.0,-1.0,1.0,0.0,1.3333333333333333,3.0,1.0,0.0,0
10003,52,"Povidone Iodine 10%, Solution, Bot",2020-05-01,3,0,1,2,3.0,90.0,1.0,0.0,1.0,3.0,1.0,1.0,3.0,0.0,0
10003,52,"Povidone Iodine 10%, Solution, Bot",2020-06-01,2,0,0,2,,,1.0,-1.0,1.3333333333333333,0.0,1.0,3.0,2.0,0.0,0
10003,52,"Povidone Iodine 10%, Solution, Bot",2020-07-01,2,0,1,1,2.0,60.0,0.0,1.0,0.6666666666666666,0.0,1.0,2.0,2.0,0.0,0
10003,52,"Povidone Iodine 10%, Solution, Bot",2020-08-01,1,2,1,2,1.0,30.0,1.0,0.0,0.6666666666666666,0.0,0.0,2.0,1.0,0.0,0
10003,52,"Povidone Iodine 10%, Solution, Bot",2020-09-01,2,0,1,1,2.0,60.0,1.0,0.0,0.6666666666666666,2.0,0.6666666666666666,1.0,2.0,0.0,1
10003,52,"Povidone Iodine 10%, Solution, Bot",2020-10-01,1,0,1,0,1.0,30.0,1.0,0.0,1.0,0.0,0.6666666666666666,2.0,1.0,0.0,0
10003,52,"Povidone Iodine 10%, Solution, Bot",2020-12-01,0,5,1,4,0.0,0.0,1.0,0.0,1.0,0.0,0.6666666666666666,1.0,0.0,1.0,0
10003,52,"Povidone Iodine 10%, Solution, Bot",2021-01-01,4,0,0,4,,,1.0,-1.0,1.0,5.0,1.6666666666666667,0.0,4.0,0.0,0
10003,52,"Povidone Iodine 10%, Solution, Bot",2021-02-01,4,0,1,3,4.0,120.0,0.0,1.0,0.6666666666666666,0.0,1.6666666666666667,4.0,4.0,0.0,0
10003,52,"Povidone Iodine 10%, Solution, Bot",2021-03-01,3,0,1,2,3.0,90.0,1.0,0.0,0.6666666666666666,0.0,1.6666666666666667,4.0,3.0,0.0,0
10003,52,"Povidone Iodine 10%, Solution, Bot",2021-04-01,2,0,1,1,2.0,60.0,1.0,0.0,0.6666666666666666,0.0,0.0,3.0,2.0,0.0,0
10003,52,"Povidone Iodine 10%, Solution, Bot",2021-05-01,1,6,1,6,1.0,30.0,1.0,0.0,1.0,0.0,0.0,2.0,1.0,0.0,0
10003,52,"Povidone Iodine 10%, Solution, Bot",2021-06-01,6,0,0,6,,,1.0,-1.0,1.0,6.0,2.0,1.0,6.0,0.0,0
10003,52,"Povidone Iodine 10%, Solution, Bot",2021-07-01,6,0,1,5,6.0,180.0,0.0,1.0,0.6666666666666666,0.0,2.0,6.0,6.0,0.0,0
10003,52,"Povidone Iodine 10%, Solution, Bot",2021-08-01,5,0,2,3,2.5,75.0,1.0,1.0,0.6666666666666666,0.0,2.0,6.0,5.0,0.0,0
10003,52,"Povidone Iodine 10%, Solution, Bot",2021-09-01,3,0,1,2,3.0,90.0,2.0,-1.0,1.0,0.0,0.0,5.0,3.0,0.0,0
10003,52,"Povidone Iodine 10%, Solution, Bot",2021-10-01,2,0,1,1,2.0,60.0,1.0,0.0,1.3333333333333333,0.0,0.0,3.0,2.0,0.0,1
10003,52,"Povidone Iodine 10%, Solution, Bot",2021-11-01,1,0,1,0,1.0,30.0,1.0,0.0,1.3333333333333333,0.0,0.0,2.0,1.0,0.0,0
10003,52,"Povidone Iodine 10%, Solution, Bot",2021-12-01,0,4,2,2,0.0,0.0,1.0,1.0,1.0,0.0,0.0,1.0,0.0,1.0,0
10003,52,"Povidone Iodine 10%, Solution, Bot",2022-01-01,2,0,1,1,2.0,60.0,2.0,-1.0,1.3333333333333333,4.0,1.3333333333333333,0.0,2.0,0.0,1
10003,52,"Povidone Iodine 10%, Solution, Bot",2022-02-01,1,0,1,0,1.0,30.0,1.0,0.0,1.3333333333333333,0.0,1.3333333333333333,2.0,1.0,0.0,0
10003,52,"Povidone Iodine 10%, Solution, Bot",2022-03-01,0,3,0,3,,,1.0,-1.0,1.3333333333333333,0.0,1.3333333333333333,1.0,0.0,1.0,0
10003,52,"Povidone Iodine 10%, Solution, Bot",2022-04-01,3,0,1,2,3.0,90.0,0.0,1.0,0.6666666666666666,3.0,1.0,0.0,3.0,0.0,0
10003,52,"Povidone Iodine 10%, Solution, Bot",2022-05-01,2,0,1,1,2.0,60.0,1.0,0.0,0.6666666666666666,0.0,1.0,3.0,2.0,0.0,0
10003,52,"Povidone Iodine 10%, Solution, Bot",2022-06-01,1,3,0,4,,,1.0,-1.0,0.6666666666666666,0.0,1.0,2.0,1.0,0.0,0
10003,52,"Povidone Iodine 10%, Solution, Bot",2022-08-01,4,0,1,3,4.0,120.0,0.0,1.0,0.6666666666666666,3.0,1.0,1.0,4.0,0.0,0
10003,52,"Povidone Iodine 10%, Solution, Bot",2022-09-01,3,0,1,2,3.0,90.0,1.0,0.0,0.6666666666666666,0.0,1.0,4.0,3.0,0.0,0
10003,52,"Povidone Iodine 10%, Solution, Bot",2022-10-01,2,0,1,1,2.0,60.0,1.0,0.0,0.6666666666666666,0.0,1.0,3.0,2.0,0.0,0
10003,52,"Povidone Iodine 10%, Solution, Bot",2022-11-01,1,2,1,2,1.0,30.0,1.0,0.0,1.0,0.0,0.0,2.0,1.0,0.0,0
10003,52,"Povidone Iodine 10%, Solution, Bot",2022-12-01,2,0,0,2,,,1.0,-1.0,1.0,2.0,0.6666666666666666,1.0,2.0,0.0,0
10003,52,"Povidone Iodine 10%, Solution, Bot",2023-01-01,2,0,0,2,,,0.0,0.0,0.6666666666666666,0.0,0.6666666666666666,2.0,2.0,0.0,0
10003,52,"Povidone Iodine 10%, Solution, Bot",2023-02-01,2,0,0,2,,,0.0,0.0,0.3333333333333333,0.0,0.6666666666666666,2.0,2.0,0.0,0
10003,52,"Povidone Iodine 10%, Solution, Bot",2023-03-01,2,0,0,2,,,0.0,0.0,0.0,0.0,0.0,2.0,2.0,0.0,0
10003,52,"Povidone Iodine 10%, Solution, Bot",2023-04-01,2,0,0,2,,,0.0,0.0,0.0,0.0,0.0,2.0,2.0,0.0,0
10003,52,"Povidone Iodine 10%, Solution, Bot",2023-05-01,2,0,0,2,,,0.0,0.0,0.0,0.0,0.0,2.0,2.0,0.0,0
10003,52,"Povidone Iodine 10%, Solution, Bot",2023-07-01,2,0,1,1,2.0,60.0,0.0,1.0,0.0,0.0,0.0,2.0,2.0,0.0,1
10003,52,"Povidone Iodine 10%, Solution, Bot",2023-08-01,1,0,1,0,1.0,30.0,1.0,0.0,0.3333333333333333,0.0,0.0,2.0,1.0,0.0,0
10003,52,"Povidone Iodine 10%, Solution, Bot",2023-09-01,0,5,0,5,,,1.0,-1.0,0.6666666666666666,0.0,0.0,1.0,0.0,1.0,0
10003,52,"Povidone Iodine 10%, Solution, Bot",2023-10-01,5,0,1,4,5.0,150.0,0.0,1.0,0.6666666666666666,5.0,1.6666666666666667,0.0,5.0,0.0,0
10004,19,"Ferrous Sulphate 200mg, Tab",2019-10-01,565,0,565,0,1.0,30.0,,,,,,,,,0
10004,19,"Ferrous Sulphate 200mg, Tab",2019-11-01,0,4229,481,3748,0.0,0.0,565.0,-84.0,565.0,0.0,0.0,565.0,0.0,1.0,0
10004,19,"Ferrous Sulphate 200mg, Tab",2019-12-01,3748,0,2097,1651,1.787315212207916,53.619456366237486,481.0,1616.0,523.0,4229.0,2114.5,0.0,3748.0,0.0,0
10004,19,"Ferrous Sulphate 200mg, Tab",2020-02-01,1651,0,1424,227,1.1594101123595506,34.782303370786515,2097.0,-673.0,1047.6666666666667,0.0,1409.6666666666667,3748.0,1651.0,0.0,0
10004,19,"Ferrous Sulphate 200mg, Tab",2020-04-01,227,3587,115,3699,1.9739130434782608,59.21739130434782,1424.0,-1309.0,1334.0,0.0,1409.6666666666667,1651.0,227.0,0.0,0
10004,19,"Ferrous Sulphate 200mg, Tab",2020-05-01,3699,0,1222,2477,3.0270049099836336,90.810147299509,115.0,1107.0,1212.0,3587.0,1195.6666666666667,227.0,3699.0,0.0,0
10004,19,"Ferrous Sulphate 200mg, Tab",2020-07-01,2477,0,1426,1051,1.7370266479663394,52.110799438990185,1222.0,204.0,920.3333333333334,0.0,1195.6666666666667,3699.0,2477.0,0.0,0
10004,19,"Ferrous Sulphate 200mg, Tab",2020-08-01,1051,0,687,364,1.529839883551674,45.89519650655022,1426.0,-739.0,921.0,0.0,1195.6666666666667,2477.0,1051.0,0.0,0
10004,19,"Ferrous Sulphate 200mg, Tab",2020-10-01,364,3476,872,2968,0.4174311926605504,12.522935779816514,687.0,185.0,1111.6666666666667,0.0,0.0,1051.0,364.0,0.0,0
10004,19,"Ferrous Sulphate 200mg, Tab",2021-01-01,2968,0,883,2085,3.361268403171008,100.83805209513024,872.0,11.0,995.0,3476.0,1158.6666666666667,364.0,2968.0,0.0,0
10004,19,"Ferrous Sulphate 200mg, Tab",2021-02-01,2085,0,1228,857,1.6978827361563518,50.93648208469055,883.0,345.0,814.0,0.0,1158.6666666666667,2968.0,2085.0,0.0,0
10004,19,"Ferrous Sulphate 200mg, Tab",2021-03-01,857,5341,824,5374,1.0400485436893203,31.20145631067961,1228.0,-404.0,994.3333333333334,0.0,1158.6666666666667,2085.0,857.0,0.0,0
10004,19,"Ferrous Sulphate 200mg, Tab",2021-04-01,5374,0,1077,4297,4.989786443825441,149.69359331476323,824.0,253.0,978.3333333333334,5341.0,1780.3333333333333,857.0,5374.0,0.0,0
10004,19,"Ferrous Sulphate 200mg, Tab",2021-05-01,4297,0,1117,3180,3.846911369740376,115.40734109221128,1077.0,40.0,1043.0,0.0,1780.3333333333333,5374.0,4297.0,0.0,0
10004,19,"Ferrous Sulphate 200mg, Tab",2021-06-01,3180,0,923,2257,3.445287107258938,103.35861321776817,1117.0,-194.0,1006.0,0.0,1780.3333333333333,4297.0,3180.0,0.0,0
10004,19,"Ferrous Sulphate 200mg, Tab",2021-07-01,2257,0,1219,1038,1.8515176374077111,55.545529122231336,923.0,296.0,1039.0,0.0,0.0,3180.0,2257.0,0.0,0
10004,19,"Ferrous Sulphate 200mg, Tab",2021-08-01,1038,3240,1339,2939,0.7752053771471247,23.256161314413745,1219.0,120.0,1086.3333333333333,0.0,0.0,2257.0,1038.0,0.0,0
10004,19,"Ferrous Sulphate 200mg, Tab",2021-09-01,2939,0,1329,1610,2.211437170805117,66.3431151241535,1339.0,-10.0,1160.3333333333333,3240.0,1080.0,1038.0,2939.0,0.0,0
10004,19,"Ferrous Sulphate 200mg, Tab",2021-12-01,1610,0,770,840,2.090909090909091,62.72727272727273,1329.0,-559.0,1295.6666666666667,0.0,1080.0,2939.0,1610.0,0.0,0
10004,19,"Ferrous Sulphate 200mg, Tab",2022-01-01,840,4896,1753,3983,0.4791785510553337,14.37535653166001,770.0,983.0,1146.0,0.0,1080.0,1610.0,840.0,0.0,0
10004,19,"Ferrous Sulphate 200mg, Tab",2022-02-01,3983,0,1175,2808,3.389787234042553,101.6936170212766,1753.0,-578.0,1284.0,4896.0,1632.0,840.0,3983.0,0.0,0
10004,19,"Ferrous Sulphate 200mg, Tab",2022-03-01,2808,0,760,2048,3.694736842105263,110.84210526315788,1175.0,-415.0,1232.6666666666667,0.0,1632.0,3983.0,2808.0,0.0,0
10004,19,"Ferrous Sulphate 200mg, Tab",2022-05-01,2048,0,1211,837,1.6911643270024772,50.73492981007432,760.0,451.0,1229.3333333333333,0.0,1632.0,2808.0,2048.0,0.0,0
10004,19,"Ferrous Sulphate 200mg, Tab",2022-06-01,837,2209,989,2057,0.846309403437816,25.38928210313448,1211.0,-222.0,1048.6666666666667,0.0,0.0,2048.0,837.0,0.0,0
10004,19,"Ferrous Sulphate 200mg, Tab",2022-07-01,2057,0,1053,1004,1.95346628679962,58.60398860398861,989.0,64.0,986.6666666666666,2209.0,736.3333333333334,837.0,2057.0,0.0,0
10004,19,"Ferrous Sulphate 200mg, Tab",2022-09-01,1004,2160,240,2924,4.183333333333334,125.5,1053.0,-813.0,1084.3333333333333,0.0,736.3333333333334,2057.0,1004.0,0.0,0
10004,19,"Ferrous Sulphate 200mg, Tab",2022-10-01,2924,0,1465,1459,1.995904436860068,59.877133105802045,240.0,1225.0,760.6666666666666,2160.0,1456.3333333333333,1004.0,2924.0,0.0,0
10004,19,"Ferrous Sulphate 200mg, Tab",2022-11-01,1459,0,1095,364,1.3324200913242008,39.97260273972602,1465.0,-370.0,919.3333333333334,0.0,720.0,2924.0,1459.0,0.0,0
10004,19,"Ferrous Sulphate 200mg, Tab",2022-12-01,364,5129,1070,4423,0.3401869158878505,10.205607476635516,1095.0,-25.0,933.3333333333334,0.0,720.0,1459.0,364.0,0.0,0
10004,19,"Ferrous Sulphate 200mg, Tab",2023-01-01,4423,0,1213,3210,3.646331409727947,109.3899422918384,1070.0,143.0,1210.0,5129.0,1709.6666666666667,364.0,4423.0,0.0,0
10004,19,"Ferrous Sulphate 200mg, Tab",2023-02-01,3210,0,634,2576,5.063091482649842,151.89274447949526,1213.0,-579.0,1126.0,0.0,1709.6666666666667,4423.0,3210.0,0.0,0
10004,19,"Ferrous Sulphate 200mg, Tab",2023-03-01,2576,0,432,2144,5.962962962962963,178.88888888888889,634.0,-202.0,972.3333333333334,0.0,1709.6666666666667,3210.0,2576.0,0.0,0
10004,19,"Ferrous Sulphate 200mg, Tab",2023-04-01,2144,0,1212,932,1.768976897689769,53.069306930693074,432.0,780.0,759.6666666666666,0.0,0.0,2576.0,2144.0,0.0,0
10004,19,"Ferrous Sulphate 200mg, Tab",2023-05-01,932,3952,556,4328,1.6762589928057554,50.28776978417266,1212.0,-656.0,759.3333333333334,0.0,0.0,2144.0,932.0,0.0,0
10004,19,"Ferrous Sulphate 200mg, Tab",2023-06-01,4328,0,1447,2881,2.99101589495508,89.73047684865239,556.0,891.0,733.3333333333334,3952.0,1317.3333333333333,932.0,4328.0,0.0,0
10004,19,"Ferrous Sulphate 200mg, Tab",2023-07-01,2881,0,901,1980,3.197558268590455,95.92674805771364,1447.0,-546.0,1071.6666666666667,0.0,1317.3333333333333,4328.0,2881.0,0.0,1
10004,19,"Ferrous Sulphate 200mg, Tab",2023-08-01,1980,0,1980,0,1.0,30.0,901.0,1079.0,968.0,0.0,1317.3333333333333,2881.0,1980.0,0.0,0
10004,19,"Ferrous Sulphate 200mg, Tab",2023-09-01,0,2999,1741,1258,0.0,0.0,1980.0,-239.0,1442.6666666666667,0.0,0.0,1980.0,0.0,1.0,0
10004,20,"Water for Injection 10ml, Inj, Amp",2019-11-01,37,136,48,125,0.7708333333333334,23.125,,,,,,,,,0
10004,20,"Water for Injection 10ml, Inj, Amp",2019-12-01,125,0,36,89,3.4722222222222223,104.16666666666669,48.0,-12.0,48.0,136.0,136.0,37.0,125.0,0.0,0
10004,20,"Water for Injection 10ml, Inj, Amp",2020-01-01,89,0,54,35,1.648148148148148,49.44444444444444,36.0,18.0,42.0,0.0,68.0,125.0,89.0,0.0,0
10004,20,"Water for Injection 10ml, Inj, Amp",2020-04-01,35,254,36,253,0.9722222222222222,29.166666666666668,54.0,-18.0,46.0,0.0,45.333333333333336,89.0,35.0,0.0,0
10004,20,"Water for Injection 10ml, Inj, Amp",2020-06-01,253,0,55,198,4.6,138.0,36.0,19.0,42.0,254.0,84.66666666666667,35.0,253.0,0.0,0
10004,20,"Water for Injection 10ml, Inj, Amp",2020-07-01,198,0,68,130,2.911764705882353,87.35294117647058,55.0,13.0,48.333333333333336,0.0,84.66666666666667,253.0,198.0,0.0,0
10004,20,"Water for Injection 10ml, Inj, Amp",2020-08-01,130,0,0,130,,,68.0,-68.0,53.0,0.0,84.66666666666667,198.0,130.0,0.0,0
10004,20,"Water for Injection 10ml, Inj, Amp",2020-09-01,130,0,53,77,2.452830188679245,73.58490566037736,0.0,53.0,41.0,0.0,0.0,130.0,130.0,0.0,0
10004,20,"Water for Injection 10ml, Inj, Amp",2020-11-01,77,0,63,14,1.2222222222222223,36.66666666666667,53.0,10.0,40.333333333333336,0.0,0.0,130.0,77.0,0.0,0
10004,20,"Water for Injection 10ml, Inj, Amp",2021-01-01,14,159,45,128,0.3111111111111111,9.333333333333334,63.0,-18.0,38.66666666666666,0.0,0.0,77.0,14.0,0.0,0
10004,20,"Water for Injection 10ml, Inj, Amp",2021-02-01,128,0,67,61,1.9104477611940296,57.3134328358209,45.0,22.0,53.66666666666666,159.0,53.0,14.0,128.0,0.0,0
10004,20,"Water for Injection 10ml, Inj, Amp",2021-04-01,61,178,45,194,1.3555555555555556,40.66666666666667,67.0,-22.0,58.333333333333336,0.0,53.0,128.0,61.0,0.0,0
10004,20,"Water for Injection 10ml, Inj, Amp",2021-06-01,194,0,54,140,3.592592592592593,107.77777777777776,45.0,9.0,52.333333333333336,178.0,112.33333333333331,61.0,194.0,0.0,0
10004,20,"Water for Injection 10ml, Inj, Amp",2021-07-01,140,0,47,93,2.978723404255319,89.36170212765957,54.0,-7.0,55.333333333333336,0.0,59.333333333333336,194.0,140.0,0.0,0
10004,20,"Water for Injection 10ml, Inj, Amp",2021-08-01,93,0,54,39,1.7222222222222223,51.66666666666667,47.0,7.0,48.66666666666666,0.0,59.333333333333336,140.0,93.0,0.0,0
10004,20,"Water for Injection 10ml, Inj, Amp",2021-09-01,39,206,3,242,13.0,390.0,54.0,-51.0,51.66666666666666,0.0,0.0,93.0,39.0,0.0,0
10004,20,"Water for Injection 10ml, Inj, Amp",2021-10-01,242,0,25,217,9.68,290.4,3.0,22.0,34.666666666666664,206.0,68.66666666666667,39.0,242.0,0.0,0
10004,20,"Water for Injection 10ml, Inj, Amp",2021-11-01,217,0,40,177,5.425,162.75,25.0,15.0,27.33333333333333,0.0,68.66666666666667,242.0,217.0,0.0,0
10004,20,"Water for Injection 10ml, Inj, Amp",2022-01-01,177,0,72,105,2.458333333333333,73.75,40.0,32.0,22.666666666666668,0.0,68.66666666666667,217.0,177.0,0.0,0
10004,20,"Water for Injection 10ml, Inj, Amp",2022-02-01,105,0,45,60,2.333333333333333,70.0,72.0,-27.0,45.66666666666666,0.0,0.0,177.0,105.0,0.0,0
10004,20,"Water for Injection 10ml, Inj, Amp",2022-03-01,60,228,84,204,0.7142857142857143,21.42857142857143,45.0,39.0,52.333333333333336,0.0,0.0,105.0,60.0,0.0,0
10004,20,"Water for Injection 10ml, Inj, Amp",2022-04-01,204,0,31,173,6.580645161290323,197.4193548387097,84.0,-53.0,67.0,228.0,76.0,60.0,204.0,0.0,0
10004,20,"Water for Injection 10ml, Inj, Amp",2022-05-01,173,0,19,154,9.105263157894736,273.1578947368421,31.0,-12.0,53.333333333333336,0.0,76.0,204.0,173.0,0.0,0
10004,20,"Water for Injection 10ml, Inj, Amp",2022-07-01,154,0,33,121,4.666666666666667,140.0,19.0,14.0,44.66666666666666,0.0,76.0,173.0,154.0,0.0,0
10004,20,"Water for Injection 10ml, Inj, Amp",2022-09-01,121,0,59,62,2.0508474576271185,61.52542372881356,33.0,26.0,27.666666666666668,0.0,0.0,154.0,121.0,0.0,0
10004,20,"Water for Injection 10ml, Inj, Amp",2022-10-01,62,85,21,126,2.952380952380953,88.57142857142858,59.0,-38.0,37.0,0.0,0.0,121.0,62.0,0.0,0
10004,20,"Water for Injection 10ml, Inj, Amp",2022-11-01,126,0,75,51,1.68,50.4,21.0,54.0,37.66666666666666,85.0,28.33333333333333,62.0,126.0,0.0,0
10004,20,"Water for Injection 10ml, Inj, Amp",2022-12-01,51,97,39,109,1.3076923076923077,39.23076923076923,75.0,-36.0,51.66666666666666,0.0,28.33333333333333,126.0,51.0,0.0,0
10004,20,"Water for Injection 10ml, Inj, Amp",2023-01-01,109,0,101,8,1.0792079207920793,32.37623762376238,39.0,62.0,45.0,97.0,60.66666666666666,51.0,109.0,0.0,0
10004,20,"Water for Injection 10ml, Inj, Amp",2023-02-01,8,124,50,82,0.16,4.8,101.0,-51.0,71.66666666666667,0.0,32.333333333333336,109.0,8.0,0.0,0
10004,20,"Water for Injection 10ml, Inj, Amp",2023-06-01,82,0,69,13,1.1884057971014492,35.65217391304348,50.0,19.0,63.333333333333336,124.0,73.66666666666667,8.0,82.0,0.0,0
10004,20,"Water for Injection 10ml, Inj, Amp",2023-07-01,13,207,67,153,0.1940298507462686,5.82089552238806,69.0,-2.0,73.33333333333333,0.0,41.333333333333336,82.0,13.0,0.0,0
10004,20,"Water for Injection 10ml, Inj, Amp",2023-08-01,153,0,48,105,3.1875,95.625,67.0,-19.0,62.0,207.0,110.33333333333331,13.0,153.0,0.0,0
10004,20,"Water for Injection 10ml, Inj, Amp",2023-09-01,105,0,57,48,1.8421052631578947,55.26315789473684,48.0,9.0,61.333333333333336,0.0,69.0,153.0,105.0,0.0,0
10004,21,"Neomycin & Bacitracin 0.5% & 500IU/g, Ointment, 15g, Tube",2019-10-01,4,0,2,2,2.0,60.0,,,,,,,,,1
10004,21,"Neomycin & Bacitracin 0.5% & 500IU/g, Ointment, 15g, Tube",2019-11-01,2,0,2,0,1.0,30.0,2.0,0.0,2.0,0.0,0.0,4.0,2.0,0.0,0
10004,21,"Neomycin & Bacitracin 0.5% & 500IU/g, Ointment, 15g, Tube",2019-12-01,0,15,1,14,0.0,0.0,2.0,-1.0,2.0,0.0,0.0,2.0,0.0,1.0,0
10004,21,"Neomycin & Bacitracin 0.5% & 500IU/g, Ointment, 15g, Tube",2020-01-01,14,0,3,11,4.666666666666667,140.0,1.0,2.0,1.6666666666666667,15.0,5.0,0.0,14.0,0.0,0
10004,21,"Neomycin & Bacitracin 0.5% & 500IU/g, Ointment, 15g, Tube",2020-02-01,11,0,3,8,3.6666666666666665,110.0,3.0,0.0,2.0,0.0,5.0,14.0,11.0,0.0,0
10004,21,"Neomycin & Bacitracin 0.5% & 500IU/g, Ointment, 15g, Tube",2020-03-01,8,0,6,2,1.3333333333333333,40.0,3.0,3.0,2.333333333333333,0.0,5.0,11.0,8.0,0.0,0
10004,21,"Neomycin & Bacitracin 0.5% & 500IU/g, Ointment, 15g, Tube",2020-04-01,2,8,5,5,0.4,12.0,6.0,-1.0,4.0,0.0,0.0,8.0,2.0,0.0,0
10004,21,"Neomycin & Bacitracin 0.5% & 500IU/g, Ointment, 15g, Tube",2020-05-01,5,0,2,3,2.5,75.0,5.0,-3.0,4.666666666666667,8.0,2.6666666666666665,2.0,5.0,0.0,1
10004,21,"Neomycin & Bacitracin 0.5% & 500IU/g, Ointment, 15g, Tube",2020-06-01,3,0,3,0,1.0,30.0,2.0,1.0,4.333333333333333,0.0,2.6666666666666665,5.0,3.0,0.0,0
10004,21,"Neomycin & Bacitracin 0.5% & 500IU/g, Ointment, 15g, Tube",2020-07-01,0,17,6,11,0.0,0.0,3.0,3.0,3.333333333333333,0.0,2.6666666666666665,3.0,0.0,1.0,0
10004,21,"Neomycin & Bacitracin 0.5% & 500IU/g, Ointment, 15g, Tube",2020-10-01,11,0,4,7,2.75,82.5,6.0,-2.0,3.6666666666666665,17.0,5.666666666666667,0.0,11.0,0.0,0
10004,21,"Neomycin & Bacitracin 0.5% & 500IU/g, Ointment, 15g, Tube",2020-11-01,7,0,6,1,1.1666666666666667,35.0,4.0,2.0,4.333333333333333,0.0,5.666666666666667,11.0,7.0,0.0,0
10004,21,"Neomycin & Bacitracin 0.5% & 500IU/g, Ointment, 15g, Tube",2020-12-01,1,5,1,5,1.0,30.0,6.0,-5.0,5.333333333333333,0.0,5.666666666666667,7.0,1.0,0.0,0
10004,21,"Neomycin & Bacitracin 0.5% & 500IU/g, Ointment, 15g, Tube",2021-02-01,5,0,4,1,1.25,37.5,1.0,3.0,3.6666666666666665,5.0,1.6666666666666667,1.0,5.0,0.0,1
10004,21,"Neomycin & Bacitracin 0.5% & 500IU/g, Ointment, 15g, Tube",2021-03-01,1,0,1,0,1.0,30.0,4.0,-3.0,3.6666666666666665,0.0,1.6666666666666667,5.0,1.0,0.0,0
10004,21,"Neomycin & Bacitracin 0.5% & 500IU/g, Ointment, 15g, Tube",2021-05-01,0,8,3,5,0.0,0.0,1.0,2.0,2.0,0.0,1.6666666666666667,1.0,0.0,1.0,1
10004,21,"Neomycin & Bacitracin 0.5% & 500IU/g, Ointment, 15g, Tube",2021-06-01,5,0,5,0,1.0,30.0,3.0,2.0,2.6666666666666665,8.0,2.6666666666666665,0.0,5.0,0.0,1
10004,21,"Neomycin & Bacitracin 0.5% & 500IU/g, Ointment, 15g, Tube",2021-07-01,0,0,0,0,,,5.0,-5.0,3.0,0.0,2.6666666666666665,5.0,0.0,1.0,0
10004,21,"Neomycin & Bacitracin 0.5% & 500IU/g, Ointment, 15g, Tube",2021-09-01,0,18,5,13,0.0,0.0,0.0,5.0,2.6666666666666665,0.0,2.6666666666666665,0.0,0.0,1.0,0
10004,21,"Neomycin & Bacitracin 0.5% & 500IU/g, Ointment, 15g, Tube",2021-10-01,13,0,4,9,3.25,97.5,5.0,-1.0,3.333333333333333,18.0,6.0,0.0,13.0,0.0,0
10004,21,"Neomycin & Bacitracin 0.5% & 500IU/g, Ointment, 15g, Tube",2021-11-01,9,0,6,3,1.5,45.0,4.0,2.0,3.0,0.0,6.0,13.0,9.0,0.0,0
10004,21,"Neomycin & Bacitracin 0.5% & 500IU/g, Ointment, 15g, Tube",2022-01-01,3,13,2,14,1.5,45.0,6.0,-4.0,5.0,0.0,6.0,9.0,3.0,0.0,0
10004,21,"Neomycin & Bacitracin 0.5% & 500IU/g, Ointment, 15g, Tube",2022-02-01,14,0,1,13,14.0,420.0,2.0,-1.0,4.0,13.0,4.333333333333333,3.0,14.0,0.0,0
10004,21,"Neomycin & Bacitracin 0.5% & 500IU/g, Ointment, 15g, Tube",2022-03-01,13,0,2,11,6.5,195.0,1.0,1.0,3.0,0.0,4.333333333333333,14.0,13.0,0.0,0
10004,21,"Neomycin & Bacitracin 0.5% & 500IU/g, Ointment, 15g, Tube",2022-04-01,11,0,2,9,5.5,165.0,2.0,0.0,1.6666666666666667,0.0,4.333333333333333,13.0,11.0,0.0,0
10004,21,"Neomycin & Bacitracin 0.5% & 500IU/g, Ointment, 15g, Tube",2022-05-01,9,0,7,2,1.2857142857142858,38.57142857142858,2.0,5.0,1.6666666666666667,0.0,0.0,11.0,9.0,0.0,0
10004,21,"Neomycin & Bacitracin 0.5% & 500IU/g, Ointment, 15g, Tube",2022-06-01,2,9,4,7,0.5,15.0,7.0,-3.0,3.6666666666666665,0.0,0.0,9.0,2.0,0.0,0
10004,21,"Neomycin & Bacitracin 0.5% & 500IU/g, Ointment, 15g, Tube",2022-07-01,7,0,2,5,3.5,105.0,4.0,-2.0,4.333333333333333,9.0,3.0,2.0,7.0,0.0,0
10004,21,"Neomycin & Bacitracin 0.5% & 500IU/g, Ointment, 15g, Tube",2022-08-01,5,0,0,5,,,2.0,-2.0,4.333333333333333,0.0,3.0,7.0,5.0,0.0,1
10004,21,"Neomycin & Bacitracin 0.5% & 500IU/g, Ointment, 15g, Tube",2022-09-01,5,0,5,0,1.0,30.0,0.0,5.0,2.0,0.0,3.0,5.0,5.0,0.0,0
10004,21,"Neomycin & Bacitracin 0.5% & 500IU/g, Ointment, 15g, Tube",2022-10-01,0,7,0,7,,,5.0,-5.0,2.333333333333333,0.0,0.0,5.0,0.0,1.0,0
10004,21,"Neomycin & Bacitracin 0.5% & 500IU/g, Ointment, 15g, Tube",2022-11-01,7,0,4,3,1.75,52.5,0.0,4.0,1.6666666666666667,7.0,2.333333333333333,0.0,7.0,0.0,0
10004,21,"Neomycin & Bacitracin 0.5% & 500IU/g, Ointment, 15g, Tube",2022-12-01,3,0,2,1,1.5,45.0,4.0,-2.0,3.0,0.0,2.333333333333333,7.0,3.0,0.0,0
10004,21,"Neomycin & Bacitracin 0.5% & 500IU/g, Ointment, 15g, Tube",2023-01-01,1,17,3,15,0.3333333333333333,10.0,2.0,1.0,2.0,0.0,2.333333333333333,3.0,1.0,0.0,0
10004,21,"Neomycin & Bacitracin 0.5% & 500IU/g, Ointment, 15g, Tube",2023-02-01,15,0,4,11,3.75,112.5,3.0,1.0,3.0,17.0,5.666666666666667,1.0,15.0,0.0,0
10004,21,"Neomycin & Bacitracin 0.5% & 500IU/g, Ointment, 15g, Tube",2023-03-01,11,0,1,10,11.0,330.0,4.0,-3.0,3.0,0.0,5.666666666666667,15.0,11.0,0.0,0
10004,21,"Neomycin & Bacitracin 0.5% & 500IU/g, Ointment, 15g, Tube",2023-04-01,10,0,0,10,,,1.0,-1.0,2.6666666666666665,0.0,5.666666666666667,11.0,10.0,0.0,0
10004,21,"Neomycin & Bacitracin 0.5% & 500IU/g, Ointment, 15g, Tube",2023-05-01,10,0,2,8,5.0,150.0,0.0,2.0,1.6666666666666667,0.0,0.0,10.0,10.0,0.0,0
10004,21,"Neomycin & Bacitracin 0.5% & 500IU/g, Ointment, 15g, Tube",2023-06-01,8,0,4,4,2.0,60.0,2.0,2.0,1.0,0.0,0.0,10.0,8.0,0.0,0
10004,21,"Neomycin & Bacitracin 0.5% & 500IU/g, Ointment, 15g, Tube",2023-08-01,4,13,4,13,1.0,30.0,4.0,0.0,2.0,0.0,0.0,8.0,4.0,0.0,0
10004,21,"Neomycin & Bacitracin 0.5% & 500IU/g, Ointment, 15g, Tube",2023-10-01,13,0,4,9,3.25,97.5,4.0,0.0,3.333333333333333,13.0,4.333333333333333,4.0,13.0,0.0,0
10004,22,"Salbutamol 100mcg/dose, Aerosol, Inhaler",2019-10-01,5,0,3,2,1.6666666666666667,50.0,,,,,,,,,1
10004,22,"Salbutamol 100mcg/dose, Aerosol, Inhaler",2019-12-01,2,0,2,0,1.0,30.0,3.0,-1.0,3.0,0.0,0.0,5.0,2.0,0.0,0
10004,22,"Salbutamol 100mcg/dose, Aerosol, Inhaler",2020-01-01,0,12,3,9,0.0,0.0,2.0,1.0,2.5,0.0,0.0,2.0,0.0,1.0,0
10004,22,"Salbutamol 100mcg/dose, Aerosol, Inhaler",2020-03-01,9,0,3,6,3.0,90.0,3.0,0.0,2.6666666666666665,12.0,4.0,0.0,9.0,0.0,0
10004,22,"Salbutamol 100mcg/dose, Aerosol, Inhaler",2020-04-01,6,0,4,2,1.5,45.0,3.0,1.0,2.6666666666666665,0.0,4.0,9.0,6.0,0.0,0
10004,22,"Salbutamol 100mcg/dose, Aerosol, Inhaler",2020-05-01,2,17,0,19,,,4.0,-4.0,3.333333333333333,0.0,4.0,6.0,2.0,0.0,0
10004,22,"Salbutamol 100mcg/dose, Aerosol, Inhaler",2020-07-01,19,0,5,14,3.8,114.0,0.0,5.0,2.333333333333333,17.0,5.666666666666667,2.0,19.0,0.0,0
10004,22,"Salbutamol 100mcg/dose, Aerosol, Inhaler",2020-08-01,14,0,1,13,14.0,420.0,5.0,-4.0,3.0,0.0,5.666666666666667,19.0,14.0,0.0,0
10004,22,"Salbutamol 100mcg/dose, Aerosol, Inhaler",2020-10-01,13,0,4,9,3.25,97.5,1.0,3.0,2.0,0.0,5.666666666666667,14.0,13.0,0.0,0
10004,22,"Salbutamol 100mcg/dose, Aerosol, Inhaler",2020-11-01,9,0,1,8,9.0,270.0,4.0,-3.0,3.333333333333333,0.0,0.0,13.0,9.0,0.0,0
10004,22,"Salbutamol 100mcg/dose, Aerosol, Inhaler",2021-02-01,8,0,2,6,4.0,120.0,1.0,1.0,2.0,0.0,0.0,9.0,8.0,0.0,0
10004,22,"Salbutamol 100mcg/dose, Aerosol, Inhaler",2021-04-01,6,0,1,5,6.0,180.0,2.0,-1.0,2.333333333333333,0.0,0.0,8.0,6.0,0.0,0
10004,22,"Salbutamol 100mcg/dose, Aerosol, Inhaler",2021-06-01,5,0,3,2,1.6666666666666667,50.0,1.0,2.0,1.3333333333333333,0.0,0.0,6.0,5.0,0.0,0
10004,22,"Salbutamol 100mcg/dose, Aerosol, Inhaler",2021-07-01,2,11,5,8,0.4,12.0,3.0,2.0,2.0,0.0,0.0,5.0,2.0,0.0,0
10004,22,"Salbutamol 100mcg/dose, Aerosol, Inhaler",2021-08-01,8,0,6,2,1.3333333333333333,40.0,5.0,1.0,3.0,11.0,3.6666666666666665,2.0,8.0,0.0,1
10004,22,"Salbutamol 100mcg/dose, Aerosol, Inhaler",2021-09-01,2,0,2,0,1.0,30.0,6.0,-4.0,4.666666666666667,0.0,3.6666666666666665,8.0,2.0,0.0,0
10004,22,"Salbutamol 100mcg/dose, Aerosol, Inhaler",2021-10-01,0,18,5,13,0.0,0.0,2.0,3.0,4.333333333333333,0.0,3.6666666666666665,2.0,0.0,1.0,0
10004,22,"Salbutamol 100mcg/dose, Aerosol, Inhaler",2021-12-01,13,0,2,11,6.5,195.0,5.0,-3.0,4.333333333333333,18.0,6.0,0.0,13.0,0.0,0
10004,22,"Salbutamol 100mcg/dose, Aerosol, Inhaler",2022-03-01,11,0,6,5,1.8333333333333333,55.0,2.0,4.0,3.0,0.0,6.0,13.0,11.0,0.0,0
10004,22,"Salbutamol 100mcg/dose, Aerosol, Inhaler",2022-04-01,5,0,1,4,5.0,150.0,6.0,-5.0,4.333333333333333,0.0,6.0,11.0,5.0,0.0,0
10004,22,"Salbutamol 100mcg/dose, Aerosol, Inhaler",2022-08-01,4,8,3,9,1.3333333333333333,40.0,1.0,2.0,3.0,0.0,0.0,5.0,4.0,0.0,0
10004,22,"Salbutamol 100mcg/dose, Aerosol, Inhaler",2022-09-01,9,0,3,6,3.0,90.0,3.0,0.0,3.333333333333333,8.0,2.6666666666666665,4.0,9.0,0.0,0
10004,22,"Salbutamol 100mcg/dose, Aerosol, Inhaler",2022-10-01,6,0,2,4,3.0,90.0,3.0,-1.0,2.333333333333333,0.0,2.6666666666666665,9.0,6.0,0.0,0
10004,22,"Salbutamol 100mcg/dose, Aerosol, Inhaler",2022-11-01,4,6,3,7,1.3333333333333333,40.0,2.0,1.0,2.6666666666666665,0.0,2.6666666666666665,6.0,4.0,0.0,0
10004,22,"Salbutamol 100mcg/dose, Aerosol, Inhaler",2023-01-01,7,0,3,4,2.333333333333333,70.0,3.0,0.0,2.6666666666666665,6.0,2.0,4.0,7.0,0.0,1
10004,22,"Salbutamol 100mcg/dose, Aerosol, Inhaler",2023-03-01,4,0,4,0,1.0,30.0,3.0,1.0,2.6666666666666665,0.0,2.0,7.0,4.0,0.0,1
10004,22,"Salbutamol 100mcg/dose, Aerosol, Inhaler",2023-05-01,0,0,0,0,,,4.0,-4.0,3.333333333333333,0.0,2.0,4.0,0.0,1.0,0
10004,22,"Salbutamol 100mcg/dose, Aerosol, Inhaler",2023-07-01,0,12,6,6,0.0,0.0,0.0,6.0,2.333333333333333,0.0,0.0,0.0,0.0,1.0,0
10004,22,"Salbutamol 100mcg/dose, Aerosol, Inhaler",2023-08-01,6,0,5,1,1.2,36.0,6.0,-1.0,3.333333333333333,12.0,4.0,0.0,6.0,0.0,1
10004,22,"Salbutamol 100mcg/dose, Aerosol, Inhaler",2023-09-01,1,0,1,0,1.0,30.0,5.0,-4.0,3.6666666666666665,0.0,4.0,6.0,1.0,0.0,0
10004,22,"Salbutamol 100mcg/dose, Aerosol, Inhaler",2023-10-01,0,17,3,14,0.0,0.0,1.0,2.0,4.0,0.0,4.0,1.0,0.0,1.0,0
10004,34,"Folic Acid 5mg, Tab",2019-10-01,537,0,537,0,1.0,30.0,,,,,,,,,1
10004,34,"Folic Acid 5mg, Tab",2019-11-01,0,0,0,0,,,537.0,-537.0,537.0,0.0,0.0,537.0,0.0,1.0,0
10004,34,"Folic Acid 5mg, Tab",2019-12-01,0,1150,564,586,0.0,0.0,0.0,564.0,268.5,0.0,0.0,0.0,0.0,1.0,0
10004,34,"Folic Acid 5mg, Tab",2020-01-01,586,0,397,189,1.4760705289672544,44.28211586901763,564.0,-167.0,367.0,1150.0,383.3333333333333,0.0,586.0,0.0,1
10004,34,"Folic Acid 5mg, Tab",2020-02-01,189,0,189,0,1.0,30.0,397.0,-208.0,320.3333333333333,0.0,383.3333333333333,586.0,189.0,0.0,0
10004,34,"Folic Acid 5mg, Tab",2020-03-01,0,1347,589,758,0.0,0.0,189.0,400.0,383.3333333333333,0.0,383.3333333333333,189.0,0.0,1.0,0
10004,34,"Folic Acid 5mg, Tab",2020-04-01,758,0,536,222,1.414179104477612,42.42537313432836,589.0,-53.0,391.6666666666667,1347.0,449.0,0.0,758.0,0.0,1
10004,34,"Folic Acid 5mg, Tab",2020-05-01,222,0,222,0,1.0,30.0,536.0,-314.0,438.0,0.0,449.0,758.0,222.0,0.0,0
10004,34,"Folic Acid 5mg, Tab",2020-06-01,0,1327,568,759,0.0,0.0,222.0,346.0,449.0,0.0,449.0,222.0,0.0,1.0,0
10004,34,"Folic Acid 5mg, Tab",2020-07-01,759,0,746,13,1.017426273458445,30.522788203753347,568.0,178.0,442.0,1327.0,442.3333333333333,0.0,759.0,0.0,1
10004,34,"Folic Acid 5mg, Tab",2020-08-01,13,0,13,0,1.0,30.0,746.0,-733.0,512.0,0.0,442.3333333333333,759.0,13.0,0.0,0
10004,34,"Folic Acid 5mg, Tab",2020-09-01,0,1927,760,1167,0.0,0.0,13.0,747.0,442.3333333333333,0.0,442.3333333333333,13.0,0.0,1.0,0
10004,34,"Folic Acid 5mg, Tab",2020-10-01,1167,0,601,566,1.9417637271214645,58.25291181364393,760.0,-159.0,506.3333333333333,1927.0,642.3333333333334,0.0,1167.0,0.0,1
10004,34,"Folic Acid 5mg, Tab",2020-11-01,566,0,566,0,1.0,30.0,601.0,-35.0,458.0,0.0,642.3333333333334,1167.0,566.0,0.0,0
10004,34,"Folic Acid 5mg, Tab",2020-12-01,0,1488,916,572,0.0,0.0,566.0,350.0,642.3333333333334,0.0,642.3333333333334,566.0,0.0,1.0,1
10004,34,"Folic Acid 5mg, Tab",2021-01-01,572,0,572,0,1.0,30.0,916.0,-344.0,694.3333333333334,1488.0,496.0,0.0,572.0,0.0,1
10004,34,"Folic Acid 5mg, Tab",2021-02-01,0,0,0,0,,,572.0,-572.0,684.6666666666666,0.0,496.0,572.0,0.0,1.0,0
10004,34,"Folic Acid 5mg, Tab",2021-03-01,0,2339,549,1790,0.0,0.0,0.0,549.0,496.0,0.0,496.0,0.0,0.0,1.0,0
10004,34,"Folic Acid 5mg, Tab",2021-04-01,1790,0,720,1070,2.486111111111111,74.58333333333333,549.0,171.0,373.6666666666667,2339.0,779.6666666666666,0.0,1790.0,0.0,0
10004,34,"Folic Acid 5mg, Tab",2021-05-01,1070,0,0,1070,,,720.0,-720.0,423.0,0.0,779.6666666666666,1790.0,1070.0,0.0,0
10004,34,"Folic Acid 5mg, Tab",2021-06-01,1070,0,853,217,1.254396248534584,37.63188745603752,0.0,853.0,423.0,0.0,779.6666666666666,1070.0,1070.0,0.0,0
10004,34,"Folic Acid 5mg, Tab",2021-07-01,217,3001,643,2575,0.3374805598755832,10.124416796267496,853.0,-210.0,524.3333333333334,0.0,0.0,1070.0,217.0,0.0,0
10004,34,"Folic Acid 5mg, Tab",2021-08-01,2575,0,336,2239,7.663690476190476,229.91071428571428,643.0,-307.0,498.6666666666667,3001.0,1000.3333333333334,217.0,2575.0,0.0,0
10004,34,"Folic Acid 5mg, Tab",2021-09-01,2239,0,601,1638,3.725457570715474,111.7637271214642,336.0,265.0,610.6666666666666,0.0,1000.3333333333334,2575.0,2239.0,0.0,0
10004,34,"Folic Acid 5mg, Tab",2021-10-01,1638,0,912,726,1.7960526315789471,53.88157894736842,601.0,311.0,526.6666666666666,0.0,1000.3333333333334,2239.0,1638.0,0.0,0
10004,34,"Folic Acid 5mg, Tab",2021-11-01,726,3004,429,3301,1.6923076923076923,50.76923076923077,912.0,-483.0,616.3333333333334,0.0,0.0,1638.0,726.0,0.0,0
10004,34,"Folic Acid 5mg, Tab",2021-12-01,3301,0,160,3141,20.63125,618.9375,429.0,-269.0,647.3333333333334,3004.0,1001.3333333333334,726.0,3301.0,0.0,0
10004,34,"Folic Acid 5mg, Tab",2022-01-01,3141,0,298,2843,10.54026845637584,316.2080536912752,160.0,138.0,500.3333333333333,0.0,1001.3333333333334,3301.0,3141.0,0.0,0
10004,34,"Folic Acid 5mg, Tab",2022-02-01,2843,0,657,2186,4.327245053272451,129.81735159817353,298.0,359.0,295.6666666666667,0.0,1001.3333333333334,3141.0,2843.0,0.0,0
10004,34,"Folic Acid 5mg, Tab",2022-03-01,2186,0,467,1719,4.680942184154175,140.42826552462526,657.0,-190.0,371.6666666666667,0.0,0.0,2843.0,2186.0,0.0,0
10004,34,"Folic Acid 5mg, Tab",2022-04-01,1719,0,380,1339,4.523684210526316,135.71052631578948,467.0,-87.0,474.0,0.0,0.0,2186.0,1719.0,0.0,0
10004,34,"Folic Acid 5mg, Tab",2022-05-01,1339,0,1102,237,1.215063520871143,36.4519056261343,380.0,722.0,501.3333333333333,0.0,0.0,1719.0,1339.0,0.0,0
10004,34,"Folic Acid 5mg, Tab",2022-06-01,237,3077,599,2715,0.3956594323873121,11.869782971619363,1102.0,-503.0,649.6666666666666,0.0,0.0,1339.0,237.0,0.0,0
10004,34,"Folic Acid 5mg, Tab",2022-07-01,2715,0,578,2137,4.697231833910035,140.91695501730104,599.0,-21.0,693.6666666666666,3077.0,1025.6666666666667,237.0,2715.0,0.0,0
10004,34,"Folic Acid 5mg, Tab",2022-08-01,2137,0,921,1216,2.320304017372421,69.60912052117264,578.0,343.0,759.6666666666666,0.0,1025.6666666666667,2715.0,2137.0,0.0,0
10004,34,"Folic Acid 5mg, Tab",2022-09-01,1216,0,474,742,2.5654008438818567,76.96202531645571,921.0,-447.0,699.3333333333334,0.0,1025.6666666666667,2137.0,1216.0,0.0,0
10004,34,"Folic Acid 5mg, Tab",2022-10-01,742,3093,601,3234,1.2346089850249584,37.03826955074875,474.0,127.0,657.6666666666666,0.0,0.0,1216.0,742.0,0.0,0
10004,34,"Folic Acid 5mg, Tab",2022-11-01,3234,0,385,2849,8.4,252.0,601.0,-216.0,665.3333333333334,3093.0,1031.0,742.0,3234.0,0.0,0
10004,34,"Folic Acid 5mg, Tab",2022-12-01,2849,0,752,2097,3.788563829787234,113.656914893617,385.0,367.0,486.6666666666667,0.0,1031.0,3234.0,2849.0,0.0,0
10004,34,"Folic Acid 5mg, Tab",2023-01-01,2097,0,782,1315,2.6815856777493607,80.44757033248082,752.0,30.0,579.3333333333334,0.0,1031.0,2849.0,2097.0,0.0,0
10004,34,"Folic Acid 5mg, Tab",2023-02-01,1315,0,392,923,3.354591836734694,100.63775510204084,782.0,-390.0,639.6666666666666,0.0,0.0,2097.0,1315.0,0.0,0
10004,34,"Folic Acid 5mg, Tab",2023-03-01,923,0,730,193,1.2643835616438357,37.93150684931507,392.0,338.0,642.0,0.0,0.0,1315.0,923.0,0.0,0
10004,34,"Folic Acid 5mg, Tab",2023-04-01,193,1116,742,567,0.2601078167115903,7.803234501347708,730.0,12.0,634.6666666666666,0.0,0.0,923.0,193.0,0.0,0
10004,34,"Folic Acid 5mg, Tab",2023-05-01,567,0,365,202,1.5534246575342463,46.602739726027394,742.0,-377.0,621.3333333333334,1116.0,372.0,193.0,567.0,0.0,1
10004,34,"Folic Acid 5mg, Tab",2023-06-01,202,0,202,0,1.0,30.0,365.0,-163.0,612.3333333333334,0.0,372.0,567.0,202.0,0.0,1
10004,34,"Folic Acid 5mg, Tab",2023-07-01,0,0,0,0,,,202.0,-202.0,436.3333333333333,0.0,372.0,202.0,0.0,1.0,0
10004,34,"Folic Acid 5mg, Tab",2023-08-01,0,2538,261,2277,0.0,0.0,0.0,261.0,189.0,0.0,0.0,0.0,0.0,1.0,0
10004,34,"Folic Acid 5mg, Tab",2023-09-01,2277,0,533,1744,4.272045028142589,128.16135084427768,261.0,272.0,154.33333333333334,2538.0,846.0,0.0,2277.0,0.0,0
10004,34,"Folic Acid 5mg, Tab",2023-10-01,1744,0,701,1043,2.4878744650499285,74.63623395149786,533.0,168.0,264.6666666666667,0.0,846.0,2277.0,1744.0,0.0,0
10004,35,"Oxytocin 10IU, Inj, Amp",2019-10-01,19,0,8,11,2.375,71.25,,,,,,,,,0
10004,35,"Oxytocin 10IU, Inj, Amp",2019-12-01,11,49,15,45,0.7333333333333333,22.0,8.0,7.0,8.0,0.0,0.0,19.0,11.0,0.0,0
10004,35,"Oxytocin 10IU, Inj, Amp",2020-03-01,45,0,14,31,3.2142857142857144,96.42857142857144,15.0,-1.0,11.5,49.0,24.5,11.0,45.0,0.0,0
10004,35,"Oxytocin 10IU, Inj, Amp",2020-05-01,31,0,14,17,2.2142857142857144,66.42857142857143,14.0,0.0,12.333333333333334,0.0,16.333333333333332,45.0,31.0,0.0,0
10004,35,"Oxytocin 10IU, Inj, Amp",2020-08-01,17,0,9,8,1.8888888888888888,56.66666666666666,14.0,-5.0,14.333333333333334,0.0,16.333333333333332,31.0,17.0,0.0,0
10004,35,"Oxytocin 10IU, Inj, Amp",2020-09-01,8,21,8,21,1.0,30.0,9.0,-1.0,12.333333333333334,0.0,0.0,17.0,8.0,0.0,0
10004,35,"Oxytocin 10IU, Inj, Amp",2020-10-01,21,0,8,13,2.625,78.75,8.0,0.0,10.333333333333334,21.0,7.0,8.0,21.0,0.0,1
10004,35,"Oxytocin 10IU, Inj, Amp",2021-01-01,13,0,13,0,1.0,30.0,8.0,5.0,8.333333333333334,0.0,7.0,21.0,13.0,0.0,1
10004,35,"Oxytocin 10IU, Inj, Amp",2021-02-01,0,0,0,0,,,13.0,-13.0,9.666666666666666,0.0,7.0,13.0,0.0,1.0,0
10004,35,"Oxytocin 10IU, Inj, Amp",2021-03-01,0,48,18,30,0.0,0.0,0.0,18.0,7.0,0.0,0.0,0.0,0.0,1.0,0
10004,35,"Oxytocin 10IU, Inj, Amp",2021-04-01,30,0,20,10,1.5,45.0,18.0,2.0,10.333333333333334,48.0,16.0,0.0,30.0,0.0,0
10004,35,"Oxytocin 10IU, Inj, Amp",2021-05-01,10,48,20,38,0.5,15.0,20.0,0.0,12.666666666666666,0.0,16.0,30.0,10.0,0.0,0
10004,35,"Oxytocin 10IU, Inj, Amp",2021-07-01,38,0,4,34,9.5,285.0,20.0,-16.0,19.33333333333333,48.0,32.0,10.0,38.0,0.0,0
10004,35,"Oxytocin 10IU, Inj, Amp",2021-09-01,34,0,17,17,2.0,60.0,4.0,13.0,14.666666666666666,0.0,16.0,38.0,34.0,0.0,0
10004,35,"Oxytocin 10IU, Inj, Amp",2021-10-01,17,0,15,2,1.1333333333333333,34.0,17.0,-2.0,13.666666666666666,0.0,16.0,34.0,17.0,0.0,1
10004,35,"Oxytocin 10IU, Inj, Amp",2021-11-01,2,0,2,0,1.0,30.0,15.0,-13.0,12.0,0.0,0.0,17.0,2.0,0.0,0
10004,35,"Oxytocin 10IU, Inj, Amp",2021-12-01,0,32,16,16,0.0,0.0,2.0,14.0,11.333333333333334,0.0,0.0,2.0,0.0,1.0,0
10004,35,"Oxytocin 10IU, Inj, Amp",2022-01-01,16,0,8,8,2.0,60.0,16.0,-8.0,11.0,32.0,10.666666666666666,0.0,16.0,0.0,0
10004,35,"Oxytocin 10IU, Inj, Amp",2022-02-01,8,35,8,35,1.0,30.0,8.0,0.0,8.666666666666666,0.0,10.666666666666666,16.0,8.0,0.0,0
10004,35,"Oxytocin 10IU, Inj, Amp",2022-03-01,35,0,9,26,3.888888888888889,116.66666666666669,8.0,1.0,10.666666666666666,35.0,22.33333333333333,8.0,35.0,0.0,0
10004,35,"Oxytocin 10IU, Inj, Amp",2022-05-01,26,0,14,12,1.8571428571428568,55.71428571428572,9.0,5.0,8.333333333333334,0.0,11.666666666666666,35.0,26.0,0.0,0
10004,35,"Oxytocin 10IU, Inj, Amp",2022-06-01,12,52,17,47,0.7058823529411765,21.176470588235297,14.0,3.0,10.333333333333334,0.0,11.666666666666666,26.0,12.0,0.0,0
10004,35,"Oxytocin 10IU, Inj, Amp",2022-07-01,47,0,8,39,5.875,176.25,17.0,-9.0,13.333333333333334,52.0,17.333333333333332,12.0,47.0,0.0,0
10004,35,"Oxytocin 10IU, Inj, Amp",2022-09-01,39,0,15,24,2.6,78.0,8.0,7.0,13.0,0.0,17.333333333333332,47.0,39.0,0.0,1
10004,35,"Oxytocin 10IU, Inj, Amp",2022-11-01,24,0,24,0,1.0,30.0,15.0,9.0,13.333333333333334,0.0,17.333333333333332,39.0,24.0,0.0,1
10004,35,"Oxytocin 10IU, Inj, Amp",2022-12-01,0,18,18,0,0.0,0.0,24.0,-6.0,15.666666666666666,0.0,0.0,24.0,0.0,1.0,1
10004,35,"Oxytocin 10IU, Inj, Amp",2023-02-01,0,0,0,0,,,18.0,-18.0,19.0,18.0,6.0,0.0,0.0,1.0,0
10004,35,"Oxytocin 10IU, Inj, Amp",2023-04-01,0,47,20,27,0.0,0.0,0.0,20.0,14.0,0.0,6.0,0.0,0.0,1.0,0
10004,35,"Oxytocin 10IU, Inj, Amp",2023-05-01,27,0,19,8,1.4210526315789471,42.63157894736842,20.0,-1.0,12.666666666666666,47.0,21.666666666666668,0.0,27.0,0.0,0
10004,35,"Oxytocin 10IU, Inj, Amp",2023-06-01,8,59,6,61,1.3333333333333333,40.0,19.0,-13.0,13.0,0.0,15.666666666666666,27.0,8.0,0.0,0
10004,35,"Oxytocin 10IU, Inj, Amp",2023-07-01,61,0,12,49,5.083333333333333,152.5,6.0,6.0,15.0,59.0,35.333333333333336,8.0,61.0,0.0,0
10004,38,"Albendazole 400mg, Tab",2019-10-01,135,0,109,26,1.238532110091743,37.15596330275229,,,,,,,,,1
10004,38,"Albendazole 400mg, Tab",2019-11-01,26,0,26,0,1.0,30.0,109.0,-83.0,109.0,0.0,0.0,135.0,26.0,0.0,0
10004,38,"Albendazole 400mg, Tab",2019-12-01,0,707,268,439,0.0,0.0,26.0,242.0,67.5,0.0,0.0,26.0,0.0,1.0,0
10004,38,"Albendazole 400mg, Tab",2020-01-01,439,0,171,268,2.567251461988304,77.01754385964912,268.0,-97.0,134.33333333333334,707.0,235.66666666666663,0.0,439.0,0.0,0
10004,38,"Albendazole 400mg, Tab",2020-02-01,268,0,166,102,1.6144578313253013,48.43373493975904,171.0,-5.0,155.0,0.0,235.66666666666663,439.0,268.0,0.0,0
10004,38,"Albendazole 400mg, Tab",2020-03-01,102,278,214,166,0.4766355140186916,14.299065420560748,166.0,48.0,201.66666666666663,0.0,235.66666666666663,268.0,102.0,0.0,1
10004,38,"Albendazole 400mg, Tab",2020-04-01,166,0,166,0,1.0,30.0,214.0,-48.0,183.66666666666663,278.0,92.66666666666669,102.0,166.0,0.0,1
10004,38,"Albendazole 400mg, Tab",2020-05-01,0,0,0,0,,,166.0,-166.0,182.0,0.0,92.66666666666669,166.0,0.0,1.0,0
10004,38,"Albendazole 400mg, Tab",2020-06-01,0,551,155,396,0.0,0.0,0.0,155.0,126.66666666666669,0.0,92.66666666666669,0.0,0.0,1.0,0
10004,38,"Albendazole 400mg, Tab",2020-07-01,396,0,78,318,5.076923076923077,152.3076923076923,155.0,-77.0,107.0,551.0,183.66666666666663,0.0,396.0,0.0,0
10004,38,"Albendazole 400mg, Tab",2020-08-01,318,0,178,140,1.7865168539325842,53.59550561797752,78.0,100.0,77.66666666666667,0.0,183.66666666666663,396.0,318.0,0.0,0
10004,38,"Albendazole 400mg, Tab",2020-09-01,140,521,115,546,1.2173913043478262,36.52173913043478,178.0,-63.0,137.0,0.0,183.66666666666663,318.0,140.0,0.0,0
10004,38,"Albendazole 400mg, Tab",2020-11-01,546,0,148,398,3.689189189189189,110.67567567567568,115.0,33.0,123.66666666666669,521.0,173.66666666666666,140.0,546.0,0.0,0
10004,38,"Albendazole 400mg, Tab",2020-12-01,398,0,33,365,12.06060606060606,361.8181818181818,148.0,-115.0,147.0,0.0,173.66666666666666,546.0,398.0,0.0,0
10004,38,"Albendazole 400mg, Tab",2021-03-01,365,0,118,247,3.093220338983051,92.79661016949152,33.0,85.0,98.66666666666669,0.0,173.66666666666666,398.0,365.0,0.0,1
10004,38,"Albendazole 400mg, Tab",2021-04-01,247,0,247,0,1.0,30.0,118.0,129.0,99.66666666666669,0.0,0.0,365.0,247.0,0.0,0
10004,38,"Albendazole 400mg, Tab",2021-05-01,0,391,165,226,0.0,0.0,247.0,-82.0,132.66666666666666,0.0,0.0,247.0,0.0,1.0,0
10004,38,"Albendazole 400mg, Tab",2021-06-01,226,0,148,78,1.527027027027027,45.81081081081081,165.0,-17.0,176.66666666666666,391.0,130.33333333333334,0.0,226.0,0.0,1
10004,38,"Albendazole 400mg, Tab",2021-08-01,78,0,78,0,1.0,30.0,148.0,-70.0,186.66666666666663,0.0,130.33333333333334,226.0,78.0,0.0,0
10004,38,"Albendazole 400mg, Tab",2021-09-01,0,281,111,170,0.0,0.0,78.0,33.0,130.33333333333334,0.0,130.33333333333334,78.0,0.0,1.0,0
10004,38,"Albendazole 400mg, Tab",2021-10-01,170,0,129,41,1.317829457364341,39.53488372093023,111.0,18.0,112.33333333333331,281.0,93.66666666666669,0.0,170.0,0.0,1
10004,38,"Albendazole 400mg, Tab",2021-11-01,41,0,41,0,1.0,30.0,129.0,-88.0,106.0,0.0,93.66666666666669,170.0,41.0,0.0,0
10004,38,"Albendazole 400mg, Tab",2021-12-01,0,466,108,358,0.0,0.0,41.0,67.0,93.66666666666669,0.0,93.66666666666669,41.0,0.0,1.0,0
10004,38,"Albendazole 400mg, Tab",2022-01-01,358,0,216,142,1.6574074074074074,49.72222222222222,108.0,108.0,92.66666666666669,466.0,155.33333333333334,0.0,358.0,0.0,0
10004,38,"Albendazole 400mg, Tab",2022-03-01,142,0,93,49,1.5268817204301075,45.80645161290322,216.0,-123.0,121.66666666666669,0.0,155.33333333333334,358.0,142.0,0.0,0
10004,38,"Albendazole 400mg, Tab",2022-04-01,49,352,243,158,0.2016460905349794,6.049382716049383,93.0,150.0,139.0,0.0,155.33333333333334,142.0,49.0,0.0,0
10004,38,"Albendazole 400mg, Tab",2022-05-01,158,0,99,59,1.595959595959596,47.87878787878788,243.0,-144.0,184.0,352.0,117.33333333333331,49.0,158.0,0.0,1
10004,38,"Albendazole 400mg, Tab",2022-06-01,59,0,59,0,1.0,30.0,99.0,-40.0,145.0,0.0,117.33333333333331,158.0,59.0,0.0,0
10004,38,"Albendazole 400mg, Tab",2022-07-01,0,660,218,442,0.0,0.0,59.0,159.0,133.66666666666666,0.0,117.33333333333331,59.0,0.0,1.0,0
10004,38,"Albendazole 400mg, Tab",2022-08-01,442,0,192,250,2.302083333333333,69.0625,218.0,-26.0,125.33333333333331,660.0,220.0,0.0,442.0,0.0,0
10004,38,"Albendazole 400mg, Tab",2022-09-01,250,0,148,102,1.6891891891891893,50.67567567567568,192.0,-44.0,156.33333333333334,0.0,220.0,442.0,250.0,0.0,0
10004,38,"Albendazole 400mg, Tab",2022-10-01,102,223,217,108,0.4700460829493088,14.101382488479263,148.0,69.0,186.0,0.0,220.0,250.0,102.0,0.0,1
10004,38,"Albendazole 400mg, Tab",2022-12-01,108,0,108,0,1.0,30.0,217.0,-109.0,185.66666666666663,223.0,74.33333333333333,102.0,108.0,0.0,1
10004,38,"Albendazole 400mg, Tab",2023-01-01,0,0,0,0,,,108.0,-108.0,157.66666666666666,0.0,74.33333333333333,108.0,0.0,1.0,0
10004,38,"Albendazole 400mg, Tab",2023-02-01,0,571,229,342,0.0,0.0,0.0,229.0,108.33333333333331,0.0,74.33333333333333,0.0,0.0,1.0,0
10004,38,"Albendazole 400mg, Tab",2023-03-01,342,0,133,209,2.571428571428572,77.14285714285715,229.0,-96.0,112.33333333333331,571.0,190.33333333333331,0.0,342.0,0.0,0
10004,38,"Albendazole 400mg, Tab",2023-04-01,209,0,204,5,1.0245098039215683,30.735294117647054,133.0,71.0,120.66666666666669,0.0,190.33333333333331,342.0,209.0,0.0,1
10004,38,"Albendazole 400mg, Tab",2023-05-01,5,0,5,0,1.0,30.0,204.0,-199.0,188.66666666666663,0.0,190.33333333333331,209.0,5.0,0.0,0
10004,38,"Albendazole 400mg, Tab",2023-06-01,0,300,111,189,0.0,0.0,5.0,106.0,114.0,0.0,0.0,5.0,0.0,1.0,0
10004,38,"Albendazole 400mg, Tab",2023-08-01,189,0,59,130,3.2033898305084745,96.10169491525424,111.0,-52.0,106.66666666666669,300.0,100.0,0.0,189.0,0.0,0
10004,38,"Albendazole 400mg, Tab",2023-09-01,130,0,84,46,1.5476190476190477,46.42857142857143,59.0,25.0,58.333333333333336,0.0,100.0,189.0,130.0,0.0,0
10004,38,"Albendazole 400mg, Tab",2023-10-01,46,323,92,277,0.5,15.0,84.0,8.0,84.66666666666667,0.0,100.0,130.0,46.0,0.0,0
10004,39,"Oral Rehydration Salts (ORS), Sachet",2019-11-01,116,0,116,0,1.0,30.0,,,,,,,,,1
10004,39,"Oral Rehydration Salts (ORS), Sachet",2020-01-01,0,0,0,0,,,116.0,-116.0,116.0,0.0,0.0,116.0,0.0,1.0,0
10004,39,"Oral Rehydration Salts (ORS), Sachet",2020-03-01,0,645,171,474,0.0,0.0,0.0,171.0,58.0,0.0,0.0,0.0,0.0,1.0,0
10004,39,"Oral Rehydration Salts (ORS), Sachet",2020-04-01,474,0,94,380,5.042553191489362,151.27659574468086,171.0,-77.0,95.66666666666669,645.0,215.0,0.0,474.0,0.0,0
10004,39,"Oral Rehydration Salts (ORS), Sachet",2020-05-01,380,0,197,183,1.9289340101522845,57.86802030456853,94.0,103.0,88.33333333333333,0.0,215.0,474.0,380.0,0.0,0
10004,39,"Oral Rehydration Salts (ORS), Sachet",2020-06-01,183,687,243,627,0.7530864197530864,22.59259259259259,197.0,46.0,154.0,0.0,215.0,380.0,183.0,0.0,0
10004,39,"Oral Rehydration Salts (ORS), Sachet",2020-07-01,627,0,150,477,4.18,125.4,243.0,-93.0,178.0,687.0,229.0,183.0,627.0,0.0,0
10004,39,"Oral Rehydration Salts (ORS), Sachet",2020-08-01,477,0,151,326,3.1589403973509933,94.7682119205298,150.0,1.0,196.66666666666663,0.0,229.0,627.0,477.0,0.0,0
10004,39,"Oral Rehydration Salts (ORS), Sachet",2020-10-01,326,0,212,114,1.5377358490566038,46.13207547169812,151.0,61.0,181.33333333333331,0.0,229.0,477.0,326.0,0.0,0
10004,39,"Oral Rehydration Salts (ORS), Sachet",2020-11-01,114,747,184,677,0.6195652173913043,18.58695652173913,212.0,-28.0,171.0,0.0,0.0,326.0,114.0,0.0,0
10004,39,"Oral Rehydration Salts (ORS), Sachet",2021-01-01,677,0,136,541,4.977941176470588,149.33823529411762,184.0,-48.0,182.33333333333331,747.0,249.0,114.0,677.0,0.0,0
10004,39,"Oral Rehydration Salts (ORS), Sachet",2021-02-01,541,0,92,449,5.880434782608695,176.41304347826087,136.0,-44.0,177.33333333333334,0.0,249.0,677.0,541.0,0.0,0
10004,39,"Oral Rehydration Salts (ORS), Sachet",2021-03-01,449,0,201,248,2.2338308457711444,67.01492537313433,92.0,109.0,137.33333333333334,0.0,249.0,541.0,449.0,0.0,0
10004,39,"Oral Rehydration Salts (ORS), Sachet",2021-04-01,248,0,97,151,2.556701030927835,76.70103092783505,201.0,-104.0,143.0,0.0,0.0,449.0,248.0,0.0,0
10004,39,"Oral Rehydration Salts (ORS), Sachet",2021-05-01,151,369,126,394,1.1984126984126984,35.95238095238095,97.0,29.0,130.0,0.0,0.0,248.0,151.0,0.0,0
10004,39,"Oral Rehydration Salts (ORS), Sachet",2021-06-01,394,0,212,182,1.858490566037736,55.75471698113207,126.0,86.0,141.33333333333334,369.0,123.0,151.0,394.0,0.0,0
10004,39,"Oral Rehydration Salts (ORS), Sachet",2021-07-01,182,0,115,67,1.582608695652174,47.47826086956522,212.0,-97.0,145.0,0.0,123.0,394.0,182.0,0.0,0
10004,39,"Oral Rehydration Salts (ORS), Sachet",2021-08-01,67,587,114,540,0.5877192982456141,17.63157894736842,115.0,-1.0,151.0,0.0,123.0,182.0,67.0,0.0,0
10004,39,"Oral Rehydration Salts (ORS), Sachet",2021-09-01,540,0,125,415,4.32,129.60000000000002,114.0,11.0,147.0,587.0,195.66666666666663,67.0,540.0,0.0,0
10004,39,"Oral Rehydration Salts (ORS), Sachet",2021-10-01,415,0,183,232,2.26775956284153,68.0327868852459,125.0,58.0,118.0,0.0,195.66666666666663,540.0,415.0,0.0,0
10004,39,"Oral Rehydration Salts (ORS), Sachet",2021-11-01,232,0,198,34,1.1717171717171715,35.15151515151515,183.0,15.0,140.66666666666666,0.0,195.66666666666663,415.0,232.0,0.0,0
10004,39,"Oral Rehydration Salts (ORS), Sachet",2021-12-01,34,281,111,204,0.3063063063063063,9.18918918918919,198.0,-87.0,168.66666666666666,0.0,0.0,232.0,34.0,0.0,0
10004,39,"Oral Rehydration Salts (ORS), Sachet",2022-01-01,204,0,113,91,1.8053097345132745,54.15929203539823,111.0,2.0,164.0,281.0,93.66666666666669,34.0,204.0,0.0,1
10004,39,"Oral Rehydration Salts (ORS), Sachet",2022-02-01,91,0,91,0,1.0,30.0,113.0,-22.0,140.66666666666666,0.0,93.66666666666669,204.0,91.0,0.0,0
10004,39,"Oral Rehydration Salts (ORS), Sachet",2022-03-01,0,690,82,608,0.0,0.0,91.0,-9.0,105.0,0.0,93.66666666666669,91.0,0.0,1.0,0
10004,39,"Oral Rehydration Salts (ORS), Sachet",2022-05-01,608,0,61,547,9.9672131147541,299.016393442623,82.0,-21.0,95.33333333333331,690.0,230.0,0.0,608.0,0.0,0
10004,39,"Oral Rehydration Salts (ORS), Sachet",2022-06-01,547,0,134,413,4.082089552238806,122.46268656716416,61.0,73.0,78.0,0.0,230.0,608.0,547.0,0.0,0
10004,39,"Oral Rehydration Salts (ORS), Sachet",2022-07-01,413,0,165,248,2.503030303030303,75.0909090909091,134.0,31.0,92.33333333333331,0.0,230.0,547.0,413.0,0.0,0
10004,39,"Oral Rehydration Salts (ORS), Sachet",2022-08-01,248,0,213,35,1.164319248826291,34.92957746478873,165.0,48.0,120.0,0.0,0.0,413.0,248.0,0.0,0
10004,39,"Oral Rehydration Salts (ORS), Sachet",2022-09-01,35,755,204,586,0.1715686274509804,5.147058823529412,213.0,-9.0,170.66666666666666,0.0,0.0,248.0,35.0,0.0,0
10004,39,"Oral Rehydration Salts (ORS), Sachet",2022-11-01,586,0,70,516,8.371428571428572,251.1428571428572,204.0,-134.0,194.0,755.0,251.66666666666663,35.0,586.0,0.0,0
10004,39,"Oral Rehydration Salts (ORS), Sachet",2022-12-01,516,0,174,342,2.9655172413793105,88.96551724137932,70.0,104.0,162.33333333333334,0.0,251.66666666666663,586.0,516.0,0.0,0
10004,39,"Oral Rehydration Salts (ORS), Sachet",2023-01-01,342,0,158,184,2.1645569620253164,64.9367088607595,174.0,-16.0,149.33333333333334,0.0,251.66666666666663,516.0,342.0,0.0,0
10004,39,"Oral Rehydration Salts (ORS), Sachet",2023-02-01,184,744,200,728,0.92,27.6,158.0,42.0,134.0,0.0,0.0,342.0,184.0,0.0,0
10004,39,"Oral Rehydration Salts (ORS), Sachet",2023-03-01,728,0,86,642,8.465116279069768,253.95348837209303,200.0,-114.0,177.33333333333334,744.0,248.0,184.0,728.0,0.0,0
10004,39,"Oral Rehydration Salts (ORS), Sachet",2023-04-01,642,0,18,624,35.666666666666664,1070.0,86.0,-68.0,148.0,0.0,248.0,728.0,642.0,0.0,0
10004,39,"Oral Rehydration Salts (ORS), Sachet",2023-05-01,624,0,82,542,7.609756097560975,228.2926829268293,18.0,64.0,101.33333333333331,0.0,248.0,642.0,624.0,0.0,0
10004,39,"Oral Rehydration Salts (ORS), Sachet",2023-06-01,542,0,184,358,2.9456521739130435,88.3695652173913,82.0,102.0,62.0,0.0,0.0,624.0,542.0,0.0,0
10004,39,"Oral Rehydration Salts (ORS), Sachet",2023-07-01,358,0,83,275,4.313253012048193,129.3975903614458,184.0,-101.0,94.66666666666669,0.0,0.0,542.0,358.0,0.0,0
10004,39,"Oral Rehydration Salts (ORS), Sachet",2023-09-01,275,0,271,4,1.014760147601476,30.44280442804428,83.0,188.0,116.33333333333331,0.0,0.0,358.0,275.0,0.0,0
10004,39,"Oral Rehydration Salts (ORS), Sachet",2023-10-01,4,478,182,300,0.0219780219780219,0.6593406593406594,271.0,-89.0,179.33333333333334,0.0,0.0,275.0,4.0,0.0,0
10004,46,"Paracetamol (Acetaminophen) 250mg, Dispersible, Tab",2019-10-01,922,0,667,255,1.3823088455772117,41.469265367316346,,,,,,,,,0
10004,46,"Paracetamol (Acetaminophen) 250mg, Dispersible, Tab",2019-11-01,255,1403,257,1401,0.9922178988326849,29.766536964980546,667.0,-410.0,667.0,0.0,0.0,922.0,255.0,0.0,0
10004,46,"Paracetamol (Acetaminophen) 250mg, Dispersible, Tab",2019-12-01,1401,0,657,744,2.132420091324201,63.97260273972603,257.0,400.0,462.0,1403.0,701.5,255.0,1401.0,0.0,0
10004,46,"Paracetamol (Acetaminophen) 250mg, Dispersible, Tab",2020-01-01,744,0,384,360,1.9375,58.125,657.0,-273.0,527.0,0.0,467.6666666666667,1401.0,744.0,0.0,0
10004,46,"Paracetamol (Acetaminophen) 250mg, Dispersible, Tab",2020-02-01,360,2315,856,1819,0.4205607476635514,12.61682242990654,384.0,472.0,432.6666666666667,0.0,467.6666666666667,744.0,360.0,0.0,0
10004,46,"Paracetamol (Acetaminophen) 250mg, Dispersible, Tab",2020-03-01,1819,0,750,1069,2.425333333333333,72.75999999999999,856.0,-106.0,632.3333333333334,2315.0,771.6666666666666,360.0,1819.0,0.0,0
10004,46,"Paracetamol (Acetaminophen) 250mg, Dispersible, Tab",2020-04-01,1069,0,208,861,5.139423076923077,154.1826923076923,750.0,-542.0,663.3333333333334,0.0,771.6666666666666,1819.0,1069.0,0.0,0
10004,46,"Paracetamol (Acetaminophen) 250mg, Dispersible, Tab",2020-05-01,861,0,808,53,1.0655940594059403,31.967821782178216,208.0,600.0,604.6666666666666,0.0,771.6666666666666,1069.0,861.0,0.0,1
10004,46,"Paracetamol (Acetaminophen) 250mg, Dispersible, Tab",2020-06-01,53,0,53,0,1.0,30.0,808.0,-755.0,588.6666666666666,0.0,0.0,861.0,53.0,0.0,0
10004,46,"Paracetamol (Acetaminophen) 250mg, Dispersible, Tab",2020-07-01,0,2447,786,1661,0.0,0.0,53.0,733.0,356.3333333333333,0.0,0.0,53.0,0.0,1.0,0
10004,46,"Paracetamol (Acetaminophen) 250mg, Dispersible, Tab",2020-09-01,1661,0,434,1227,3.827188940092166,114.81566820276498,786.0,-352.0,549.0,2447.0,815.6666666666666,0.0,1661.0,0.0,0
10004,46,"Paracetamol (Acetaminophen) 250mg, Dispersible, Tab",2020-10-01,1227,0,431,796,2.8468677494199537,85.4060324825986,434.0,-3.0,424.3333333333333,0.0,815.6666666666666,1661.0,1227.0,0.0,0
10004,46,"Paracetamol (Acetaminophen) 250mg, Dispersible, Tab",2020-11-01,796,0,515,281,1.5456310679611651,46.36893203883496,431.0,84.0,550.3333333333334,0.0,815.6666666666666,1227.0,796.0,0.0,0
10004,46,"Paracetamol (Acetaminophen) 250mg, Dispersible, Tab",2020-12-01,281,1465,571,1175,0.4921190893169877,14.763572679509632,515.0,56.0,460.0,0.0,0.0,796.0,281.0,0.0,0
10004,46,"Paracetamol (Acetaminophen) 250mg, Dispersible, Tab",2021-01-01,1175,0,660,515,1.7803030303030305,53.40909090909091,571.0,89.0,505.6666666666667,1465.0,488.3333333333333,281.0,1175.0,0.0,0
10004,46,"Paracetamol (Acetaminophen) 250mg, Dispersible, Tab",2021-02-01,515,2583,515,2583,1.0,30.0,660.0,-145.0,582.0,0.0,488.3333333333333,1175.0,515.0,0.0,0
10004,46,"Paracetamol (Acetaminophen) 250mg, Dispersible, Tab",2021-03-01,2583,0,934,1649,2.7655246252676657,82.96573875802997,515.0,419.0,582.0,2583.0,1349.3333333333333,515.0,2583.0,0.0,0
10004,46,"Paracetamol (Acetaminophen) 250mg, Dispersible, Tab",2021-04-01,1649,0,698,951,2.3624641833810887,70.87392550143267,934.0,-236.0,703.0,0.0,861.0,2583.0,1649.0,0.0,0
10004,46,"Paracetamol (Acetaminophen) 250mg, Dispersible, Tab",2021-06-01,951,0,276,675,3.4456521739130435,103.3695652173913,698.0,-422.0,715.6666666666666,0.0,861.0,1649.0,951.0,0.0,0
10004,46,"Paracetamol (Acetaminophen) 250mg, Dispersible, Tab",2021-07-01,675,0,579,96,1.16580310880829,34.9740932642487,276.0,303.0,636.0,0.0,0.0,951.0,675.0,0.0,0
10004,46,"Paracetamol (Acetaminophen) 250mg, Dispersible, Tab",2021-08-01,96,1193,661,628,0.1452344931921331,4.357034795763994,579.0,82.0,517.6666666666666,0.0,0.0,675.0,96.0,0.0,0
10004,46,"Paracetamol (Acetaminophen) 250mg, Dispersible, Tab",2021-12-01,628,2304,533,2399,1.1782363977485928,35.347091932457786,661.0,-128.0,505.3333333333333,1193.0,397.6666666666667,96.0,628.0,0.0,0
10004,46,"Paracetamol (Acetaminophen) 250mg, Dispersible, Tab",2022-01-01,2399,0,1122,1277,2.1381461675579323,64.14438502673796,533.0,589.0,591.0,2304.0,1165.6666666666667,628.0,2399.0,0.0,0
10004,46,"Paracetamol (Acetaminophen) 250mg, Dispersible, Tab",2022-02-01,1277,0,705,572,1.8113475177304963,54.340425531914896,1122.0,-417.0,772.0,0.0,1165.6666666666667,2399.0,1277.0,0.0,0
10004,46,"Paracetamol (Acetaminophen) 250mg, Dispersible, Tab",2022-03-01,572,2612,449,2735,1.2739420935412027,38.21826280623608,705.0,-256.0,786.6666666666666,0.0,768.0,1277.0,572.0,0.0,0
10004,46,"Paracetamol (Acetaminophen) 250mg, Dispersible, Tab",2022-04-01,2735,0,774,1961,3.53359173126615,106.0077519379845,449.0,325.0,758.6666666666666,2612.0,870.6666666666666,572.0,2735.0,0.0,0
10004,46,"Paracetamol (Acetaminophen) 250mg, Dispersible, Tab",2022-05-01,1961,0,707,1254,2.773691654879774,83.21074964639321,774.0,-67.0,642.6666666666666,0.0,870.6666666666666,2735.0,1961.0,0.0,0
10004,46,"Paracetamol (Acetaminophen) 250mg, Dispersible, Tab",2022-06-01,1254,0,112,1142,11.196428571428571,335.8928571428571,707.0,-595.0,643.3333333333334,0.0,870.6666666666666,1961.0,1254.0,0.0,0
10004,46,"Paracetamol (Acetaminophen) 250mg, Dispersible, Tab",2022-07-01,1142,0,0,1142,,,112.0,-112.0,531.0,0.0,0.0,1254.0,1142.0,0.0,0
10004,46,"Paracetamol (Acetaminophen) 250mg, Dispersible, Tab",2022-08-01,1142,0,555,587,2.057657657657657,61.729729729729726,0.0,555.0,273.0,0.0,0.0,1142.0,1142.0,0.0,0
10004,46,"Paracetamol (Acetaminophen) 250mg, Dispersible, Tab",2022-09-01,587,909,656,840,0.8948170731707317,26.84451219512195,555.0,101.0,222.33333333333331,0.0,0.0,1142.0,587.0,0.0,0
10004,46,"Paracetamol (Acetaminophen) 250mg, Dispersible, Tab",2022-10-01,840,0,465,375,1.8064516129032255,54.193548387096776,656.0,-191.0,403.6666666666667,909.0,303.0,587.0,840.0,0.0,1
10004,46,"Paracetamol (Acetaminophen) 250mg, Dispersible, Tab",2022-11-01,375,0,375,0,1.0,30.0,465.0,-90.0,558.6666666666666,0.0,303.0,840.0,375.0,0.0,0
10004,46,"Paracetamol (Acetaminophen) 250mg, Dispersible, Tab",2023-01-01,0,2274,219,2055,0.0,0.0,375.0,-156.0,498.6666666666667,0.0,303.0,375.0,0.0,1.0,0
10004,46,"Paracetamol (Acetaminophen) 250mg, Dispersible, Tab",2023-02-01,2055,0,645,1410,3.186046511627907,95.5813953488372,219.0,426.0,353.0,2274.0,758.0,0.0,2055.0,0.0,0
10004,46,"Paracetamol (Acetaminophen) 250mg, Dispersible, Tab",2023-03-01,1410,0,730,680,1.9315068493150684,57.945205479452056,645.0,85.0,413.0,0.0,758.0,2055.0,1410.0,0.0,0
10004,46,"Paracetamol (Acetaminophen) 250mg, Dispersible, Tab",2023-04-01,680,0,435,245,1.5632183908045978,46.896551724137936,730.0,-295.0,531.3333333333334,0.0,758.0,1410.0,680.0,0.0,0
10004,46,"Paracetamol (Acetaminophen) 250mg, Dispersible, Tab",2023-05-01,245,2055,122,2178,2.0081967213114758,60.24590163934426,435.0,-313.0,603.3333333333334,0.0,0.0,680.0,245.0,0.0,0
10004,46,"Paracetamol (Acetaminophen) 250mg, Dispersible, Tab",2023-06-01,2178,0,641,1537,3.397815912636505,101.93447737909516,122.0,519.0,429.0,2055.0,685.0,245.0,2178.0,0.0,0
10004,46,"Paracetamol (Acetaminophen) 250mg, Dispersible, Tab",2023-07-01,1537,0,498,1039,3.0863453815261046,92.59036144578316,641.0,-143.0,399.3333333333333,0.0,685.0,2178.0,1537.0,0.0,0
10004,46,"Paracetamol (Acetaminophen) 250mg, Dispersible, Tab",2023-08-01,1039,0,780,259,1.332051282051282,39.96153846153846,498.0,282.0,420.3333333333333,0.0,685.0,1537.0,1039.0,0.0,0
10004,46,"Paracetamol (Acetaminophen) 250mg, Dispersible, Tab",2023-09-01,259,2253,628,1884,0.4124203821656051,12.372611464968154,780.0,-152.0,639.6666666666666,0.0,0.0,1039.0,259.0,0.0,0
10004,46,"Paracetamol (Acetaminophen) 250mg, Dispersible, Tab",2023-10-01,1884,0,433,1451,4.351039260969977,130.5311778290993,628.0,-195.0,635.3333333333334,2253.0,751.0,259.0,1884.0,0.0,0
10004,50,"Paracetamol (Acetaminophen) 500mg, Tab",2019-10-01,2833,0,2527,306,1.1210922041946974,33.632766125840924,,,,,,,,,1
10004,50,"Paracetamol (Acetaminophen) 500mg, Tab",2019-11-01,306,0,306,0,1.0,30.0,2527.0,-2221.0,2527.0,0.0,0.0,2833.0,306.0,0.0,0
10004,50,"Paracetamol (Acetaminophen) 500mg, Tab",2019-12-01,0,8773,3708,5065,0.0,0.0,306.0,3402.0,1416.5,0.0,0.0,306.0,0.0,1.0,0
10004,50,"Paracetamol (Acetaminophen) 500mg, Tab",2020-02-01,5065,0,3425,1640,1.4788321167883212,44.36496350364963,3708.0,-283.0,2180.333333333333,8773.0,2924.333333333333,0.0,5065.0,0.0,1
10004,50,"Paracetamol (Acetaminophen) 500mg, Tab",2020-03-01,1640,0,1640,0,1.0,30.0,3425.0,-1785.0,2479.6666666666665,0.0,2924.333333333333,5065.0,1640.0,0.0,0
10004,50,"Paracetamol (Acetaminophen) 500mg, Tab",2020-04-01,0,9522,3642,5880,0.0,0.0,1640.0,2002.0,2924.333333333333,0.0,2924.333333333333,1640.0,0.0,1.0,0
10004,50,"Paracetamol (Acetaminophen) 500mg, Tab",2020-05-01,5880,0,2743,3137,2.143638352169158,64.30915056507475,3642.0,-899.0,2902.333333333333,9522.0,3174.0,0.0,5880.0,0.0,0
10004,50,"Paracetamol (Acetaminophen) 500mg, Tab",2020-06-01,3137,0,2423,714,1.2946760214609987,38.84028064382996,2743.0,-320.0,2675.0,0.0,3174.0,5880.0,3137.0,0.0,1
10004,50,"Paracetamol (Acetaminophen) 500mg, Tab",2020-07-01,714,0,714,0,1.0,30.0,2423.0,-1709.0,2936.0,0.0,3174.0,3137.0,714.0,0.0,0
10004,50,"Paracetamol (Acetaminophen) 500mg, Tab",2020-08-01,0,6285,3122,3163,0.0,0.0,714.0,2408.0,1960.0,0.0,0.0,714.0,0.0,1.0,0
10004,50,"Paracetamol (Acetaminophen) 500mg, Tab",2020-09-01,3163,0,2406,757,1.3146300914380715,39.438902743142144,3122.0,-716.0,2086.333333333333,6285.0,2095.0,0.0,3163.0,0.0,1
10004,50,"Paracetamol (Acetaminophen) 500mg, Tab",2020-10-01,757,0,757,0,1.0,30.0,2406.0,-1649.0,2080.6666666666665,0.0,2095.0,3163.0,757.0,0.0,0
10004,50,"Paracetamol (Acetaminophen) 500mg, Tab",2021-01-01,0,11106,0,11106,,,757.0,-757.0,2095.0,0.0,2095.0,757.0,0.0,1.0,0
10004,50,"Paracetamol (Acetaminophen) 500mg, Tab",2021-03-01,11106,0,2223,8883,4.995951417004049,149.87854251012146,0.0,2223.0,1054.3333333333333,11106.0,3702.0,0.0,11106.0,0.0,0
10004,50,"Paracetamol (Acetaminophen) 500mg, Tab",2021-04-01,8883,0,3037,5846,2.924925913730655,87.74777741191966,2223.0,814.0,993.3333333333334,0.0,3702.0,11106.0,8883.0,0.0,0
10004,50,"Paracetamol (Acetaminophen) 500mg, Tab",2021-05-01,5846,0,2348,3498,2.4897785349233392,74.69335604770018,3037.0,-689.0,1753.3333333333333,0.0,3702.0,8883.0,5846.0,0.0,0
10004,50,"Paracetamol (Acetaminophen) 500mg, Tab",2021-06-01,3498,0,2242,1256,1.56021409455843,46.8064228367529,2348.0,-106.0,2536.0,0.0,0.0,5846.0,3498.0,0.0,0
10004,50,"Paracetamol (Acetaminophen) 500mg, Tab",2021-07-01,1256,9074,2347,7983,0.5351512569237324,16.054537707711972,2242.0,105.0,2542.333333333333,0.0,0.0,3498.0,1256.0,0.0,0
10004,50,"Paracetamol (Acetaminophen) 500mg, Tab",2021-08-01,7983,0,3124,4859,2.5553777208706787,76.66133162612036,2347.0,777.0,2312.333333333333,9074.0,3024.6666666666665,1256.0,7983.0,0.0,0
10004,50,"Paracetamol (Acetaminophen) 500mg, Tab",2021-10-01,4859,0,2254,2605,2.155723158828749,64.67169476486247,3124.0,-870.0,2571.0,0.0,3024.6666666666665,7983.0,4859.0,0.0,0
10004,50,"Paracetamol (Acetaminophen) 500mg, Tab",2021-11-01,2605,4275,2262,4618,1.1516357206012378,34.54907161803713,2254.0,8.0,2575.0,0.0,3024.6666666666665,4859.0,2605.0,0.0,0
10004,50,"Paracetamol (Acetaminophen) 500mg, Tab",2021-12-01,4618,0,2745,1873,1.6823315118397086,50.46994535519126,2262.0,483.0,2546.6666666666665,4275.0,1425.0,2605.0,4618.0,0.0,1
10004,50,"Paracetamol (Acetaminophen) 500mg, Tab",2022-01-01,1873,0,1873,0,1.0,30.0,2745.0,-872.0,2420.333333333333,0.0,1425.0,4618.0,1873.0,0.0,0
10004,50,"Paracetamol (Acetaminophen) 500mg, Tab",2022-02-01,0,5774,3112,2662,0.0,0.0,1873.0,1239.0,2293.333333333333,0.0,1425.0,1873.0,0.0,1.0,1
10004,50,"Paracetamol (Acetaminophen) 500mg, Tab",2022-03-01,2662,0,2662,0,1.0,30.0,3112.0,-450.0,2576.6666666666665,5774.0,1924.6666666666667,0.0,2662.0,0.0,1
10004,50,"Paracetamol (Acetaminophen) 500mg, Tab",2022-05-01,0,0,0,0,,,2662.0,-2662.0,2549.0,0.0,1924.6666666666667,2662.0,0.0,1.0,1
10004,50,"Paracetamol (Acetaminophen) 500mg, Tab",2022-06-01,0,0,0,0,,,0.0,0.0,1924.6666666666667,0.0,1924.6666666666667,0.0,0.0,1.0,0
10004,50,"Paracetamol (Acetaminophen) 500mg, Tab",2022-07-01,0,7383,3125,4258,0.0,0.0,0.0,3125.0,887.3333333333334,0.0,0.0,0.0,0.0,1.0,0
10004,50,"Paracetamol (Acetaminophen) 500mg, Tab",2022-09-01,4258,0,2480,1778,1.7169354838709678,51.50806451612903,3125.0,-645.0,1041.6666666666667,7383.0,2461.0,0.0,4258.0,0.0,1
10004,50,"Paracetamol (Acetaminophen) 500mg, Tab",2022-10-01,1778,0,1778,0,1.0,30.0,2480.0,-702.0,1868.3333333333333,0.0,2461.0,4258.0,1778.0,0.0,1
10004,50,"Paracetamol (Acetaminophen) 500mg, Tab",2022-11-01,0,0,0,0,,,1778.0,-1778.0,2461.0,0.0,2461.0,1778.0,0.0,1.0,0
10004,50,"Paracetamol (Acetaminophen) 500mg, Tab",2022-12-01,0,6970,2332,4638,0.0,0.0,0.0,2332.0,1419.3333333333333,0.0,0.0,0.0,0.0,1.0,0
10004,50,"Paracetamol (Acetaminophen) 500mg, Tab",2023-02-01,4638,0,3168,1470,1.4640151515151516,43.92045454545455,2332.0,836.0,1370.0,6970.0,2323.333333333333,0.0,4638.0,0.0,1
10004,50,"Paracetamol (Acetaminophen) 500mg, Tab",2023-03-01,1470,0,1470,0,1.0,30.0,3168.0,-1698.0,1833.3333333333333,0.0,2323.333333333333,4638.0,1470.0,0.0,0
10004,50,"Paracetamol (Acetaminophen) 500mg, Tab",2023-05-01,0,5404,2476,2928,0.0,0.0,1470.0,1006.0,2323.333333333333,0.0,2323.333333333333,1470.0,0.0,1.0,0
10004,50,"Paracetamol (Acetaminophen) 500mg, Tab",2023-06-01,2928,0,1761,1167,1.6626916524701874,49.88074957410562,2476.0,-715.0,2371.333333333333,5404.0,1801.3333333333333,0.0,2928.0,0.0,0
10004,50,"Paracetamol (Acetaminophen) 500mg, Tab",2023-07-01,1167,0,1029,138,1.1341107871720115,34.02332361516035,1761.0,-732.0,1902.3333333333333,0.0,1801.3333333333333,2928.0,1167.0,0.0,0
10004,50,"Paracetamol (Acetaminophen) 500mg, Tab",2023-08-01,138,9171,1825,7484,0.0756164383561643,2.2684931506849315,1029.0,796.0,1755.3333333333333,0.0,1801.3333333333333,1167.0,138.0,0.0,0
10004,50,"Paracetamol (Acetaminophen) 500mg, Tab",2023-09-01,7484,0,1517,5967,4.933421226104153,148.0026367831246,1825.0,-308.0,1538.3333333333333,9171.0,3057.0,138.0,7484.0,0.0,0
10004,50,"Paracetamol (Acetaminophen) 500mg, Tab",2023-10-01,5967,0,3301,2666,1.807634050287792,54.22902150863375,1517.0,1784.0,1457.0,0.0,3057.0,7484.0,5967.0,0.0,0
10004,52,"Povidone Iodine 10%, Solution, Bot",2019-11-01,4,0,2,2,2.0,60.0,,,,,,,,,0
10004,52,"Povidone Iodine 10%, Solution, Bot",2019-12-01,2,5,2,5,1.0,30.0,2.0,0.0,2.0,0.0,0.0,4.0,2.0,0.0,0
10004,52,"Povidone Iodine 10%, Solution, Bot",2020-01-01,5,0,1,4,5.0,150.0,2.0,-1.0,2.0,5.0,2.5,2.0,5.0,0.0,0
10004,52,"Povidone Iodine 10%, Solution, Bot",2020-05-01,4,0,2,2,2.0,60.0,1.0,1.0,1.6666666666666667,0.0,1.6666666666666667,5.0,4.0,0.0,0
10004,52,"Povidone Iodine 10%, Solution, Bot",2020-06-01,2,9,2,9,1.0,30.0,2.0,0.0,1.6666666666666667,0.0,1.6666666666666667,4.0,2.0,0.0,0
10004,52,"Povidone Iodine 10%, Solution, Bot",2020-07-01,9,0,3,6,3.0,90.0,2.0,1.0,1.6666666666666667,9.0,3.0,2.0,9.0,0.0,0
10004,52,"Povidone Iodine 10%, Solution, Bot",2020-08-01,6,0,3,3,2.0,60.0,3.0,0.0,2.333333333333333,0.0,3.0,9.0,6.0,0.0,0
10004,52,"Povidone Iodine 10%, Solution, Bot",2020-09-01,3,0,1,2,3.0,90.0,3.0,-2.0,2.6666666666666665,0.0,3.0,6.0,3.0,0.0,0
10004,52,"Povidone Iodine 10%, Solution, Bot",2020-10-01,2,4,2,4,1.0,30.0,1.0,1.0,2.333333333333333,0.0,0.0,3.0,2.0,0.0,0
10004,52,"Povidone Iodine 10%, Solution, Bot",2020-12-01,4,0,2,2,2.0,60.0,2.0,0.0,2.0,4.0,1.3333333333333333,2.0,4.0,0.0,0
10004,52,"Povidone Iodine 10%, Solution, Bot",2021-01-01,2,9,0,11,,,2.0,-2.0,1.6666666666666667,0.0,1.3333333333333333,4.0,2.0,0.0,0
10004,52,"Povidone Iodine 10%, Solution, Bot",2021-02-01,11,0,1,10,11.0,330.0,0.0,1.0,1.3333333333333333,9.0,4.333333333333333,2.0,11.0,0.0,0
10004,52,"Povidone Iodine 10%, Solution, Bot",2021-03-01,10,0,1,9,10.0,300.0,1.0,0.0,1.0,0.0,3.0,11.0,10.0,0.0,0
10004,52,"Povidone Iodine 10%, Solution, Bot",2021-05-01,9,0,1,8,9.0,270.0,1.0,0.0,0.6666666666666666,0.0,3.0,10.0,9.0,0.0,0
10004,52,"Povidone Iodine 10%, Solution, Bot",2021-06-01,8,0,0,8,,,1.0,-1.0,1.0,0.0,0.0,9.0,8.0,0.0,0
10004,52,"Povidone Iodine 10%, Solution, Bot",2021-08-01,8,0,2,6,4.0,120.0,0.0,2.0,0.6666666666666666,0.0,0.0,8.0,8.0,0.0,0
10004,52,"Povidone Iodine 10%, Solution, Bot",2021-09-01,6,0,1,5,6.0,180.0,2.0,-1.0,1.0,0.0,0.0,8.0,6.0,0.0,0
10004,52,"Povidone Iodine 10%, Solution, Bot",2021-11-01,5,0,3,2,1.6666666666666667,50.0,1.0,2.0,1.0,0.0,0.0,6.0,5.0,0.0,0
10004,52,"Povidone Iodine 10%, Solution, Bot",2022-01-01,2,4,3,3,0.6666666666666666,20.0,3.0,0.0,2.0,0.0,0.0,5.0,2.0,0.0,1
10004,52,"Povidone Iodine 10%, Solution, Bot",2022-02-01,3,0,3,0,1.0,30.0,3.0,0.0,2.333333333333333,4.0,1.3333333333333333,2.0,3.0,0.0,0
10004,52,"Povidone Iodine 10%, Solution, Bot",2022-03-01,0,12,3,9,0.0,0.0,3.0,0.0,3.0,0.0,1.3333333333333333,3.0,0.0,1.0,0
10004,52,"Povidone Iodine 10%, Solution, Bot",2022-06-01,9,0,3,6,3.0,90.0,3.0,0.0,3.0,12.0,5.333333333333333,0.0,9.0,0.0,0
10004,52,"Povidone Iodine 10%, Solution, Bot",2022-10-01,6,0,3,3,2.0,60.0,3.0,0.0,3.0,0.0,4.0,9.0,6.0,0.0,0
10004,52,"Povidone Iodine 10%, Solution, Bot",2022-11-01,3,0,0,3,,,3.0,-3.0,3.0,0.0,4.0,6.0,3.0,0.0,0
10004,52,"Povidone Iodine 10%, Solution, Bot",2023-06-01,3,0,2,1,1.5,45.0,0.0,2.0,2.0,0.0,0.0,3.0,3.0,0.0,0
10004,52,"Povidone Iodine 10%, Solution, Bot",2023-07-01,1,10,3,8,0.3333333333333333,10.0,2.0,1.0,1.6666666666666667,0.0,0.0,3.0,1.0,0.0,0
10005,19,"Ferrous Sulphate 200mg, Tab",2019-10-01,2221,0,1660,561,1.3379518072289156,40.13855421686747,,,,,,,,,0
10005,19,"Ferrous Sulphate 200mg, Tab",2019-11-01,561,2445,1630,1376,0.3441717791411043,10.325153374233128,1660.0,-30.0,1660.0,0.0,0.0,2221.0,561.0,0.0,1
10005,19,"Ferrous Sulphate 200mg, Tab",2019-12-01,1376,0,1376,0,1.0,30.0,1630.0,-254.0,1645.0,2445.0,1222.5,561.0,1376.0,0.0,0
10005,19,"Ferrous Sulphate 200mg, Tab",2020-02-01,0,3900,2003,1897,0.0,0.0,1376.0,627.0,1555.3333333333333,0.0,815.0,1376.0,0.0,1.0,0
10005,19,"Ferrous Sulphate 200mg, Tab",2020-03-01,1897,0,1118,779,1.6967799642218246,50.90339892665474,2003.0,-885.0,1669.6666666666667,3900.0,2115.0,0.0,1897.0,0.0,0
10005,19,"Ferrous Sulphate 200mg, Tab",2020-05-01,779,2320,1191,1908,0.6540722082283795,19.622166246851386,1118.0,73.0,1499.0,0.0,1300.0,1897.0,779.0,0.0,0
10005,19,"Ferrous Sulphate 200mg, Tab",2020-06-01,1908,0,1286,622,1.483670295489891,44.51010886469673,1191.0,95.0,1437.3333333333333,2320.0,2073.333333333333,779.0,1908.0,0.0,1
10005,19,"Ferrous Sulphate 200mg, Tab",2020-07-01,622,0,622,0,1.0,30.0,1286.0,-664.0,1198.3333333333333,0.0,773.3333333333334,1908.0,622.0,0.0,0
10005,19,"Ferrous Sulphate 200mg, Tab",2020-08-01,0,2488,1353,1135,0.0,0.0,622.0,731.0,1033.0,0.0,773.3333333333334,622.0,0.0,1.0,1
10005,19,"Ferrous Sulphate 200mg, Tab",2020-09-01,1135,0,1135,0,1.0,30.0,1353.0,-218.0,1087.0,2488.0,829.3333333333334,0.0,1135.0,0.0,0
10005,19,"Ferrous Sulphate 200mg, Tab",2020-11-01,0,3365,1133,2232,0.0,0.0,1135.0,-2.0,1036.6666666666667,0.0,829.3333333333334,1135.0,0.0,1.0,0
10005,19,"Ferrous Sulphate 200mg, Tab",2021-01-01,2232,0,706,1526,3.1614730878186967,94.8441926345609,1133.0,-427.0,1207.0,3365.0,1951.0,0.0,2232.0,0.0,0
10005,19,"Ferrous Sulphate 200mg, Tab",2021-02-01,1526,0,1217,309,1.2539030402629416,37.61709120788825,706.0,511.0,991.3333333333334,0.0,1121.6666666666667,2232.0,1526.0,0.0,0
10005,19,"Ferrous Sulphate 200mg, Tab",2021-04-01,309,5481,1339,4451,0.2307692307692307,6.923076923076923,1217.0,122.0,1018.6666666666666,0.0,1121.6666666666667,1526.0,309.0,0.0,0
10005,19,"Ferrous Sulphate 200mg, Tab",2021-05-01,4451,0,1254,3197,3.549441786283892,106.48325358851676,1339.0,-85.0,1087.3333333333333,5481.0,1827.0,309.0,4451.0,0.0,0
10005,19,"Ferrous Sulphate 200mg, Tab",2021-06-01,3197,0,749,2448,4.268357810413885,128.05073431241655,1254.0,-505.0,1270.0,0.0,1827.0,4451.0,3197.0,0.0,0
10005,19,"Ferrous Sulphate 200mg, Tab",2021-08-01,2448,0,1372,1076,1.784256559766764,53.52769679300292,749.0,623.0,1114.0,0.0,1827.0,3197.0,2448.0,0.0,0
10005,19,"Ferrous Sulphate 200mg, Tab",2021-09-01,1076,5434,449,6061,2.396436525612472,71.89309576837417,1372.0,-923.0,1125.0,0.0,0.0,2448.0,1076.0,0.0,0
10005,19,"Ferrous Sulphate 200mg, Tab",2021-10-01,6061,0,1805,4256,3.357894736842105,100.73684210526316,449.0,1356.0,856.6666666666666,5434.0,1811.3333333333333,1076.0,6061.0,0.0,0
10005,19,"Ferrous Sulphate 200mg, Tab",2021-11-01,4256,0,1636,2620,2.6014669926650367,78.0440097799511,1805.0,-169.0,1208.6666666666667,0.0,1811.3333333333333,6061.0,4256.0,0.0,0
10005,19,"Ferrous Sulphate 200mg, Tab",2021-12-01,2620,0,1727,893,1.5170816444701796,45.51244933410538,1636.0,91.0,1296.6666666666667,0.0,1811.3333333333333,4256.0,2620.0,0.0,0
10005,19,"Ferrous Sulphate 200mg, Tab",2022-02-01,893,2183,1571,1505,0.5684277530235519,17.052832590706554,1727.0,-156.0,1722.6666666666667,0.0,0.0,2620.0,893.0,0.0,0
10005,19,"Ferrous Sulphate 200mg, Tab",2022-03-01,1505,4340,1172,4673,1.2841296928327646,38.52389078498294,1571.0,-399.0,1644.6666666666667,2183.0,727.6666666666666,893.0,1505.0,0.0,0
10005,19,"Ferrous Sulphate 200mg, Tab",2022-04-01,4673,0,623,4050,7.500802568218298,225.0240770465489,1172.0,-549.0,1490.0,4340.0,2174.333333333333,1505.0,4673.0,0.0,0
10005,19,"Ferrous Sulphate 200mg, Tab",2022-06-01,4050,0,643,3407,6.298600311041991,188.9580093312597,623.0,20.0,1122.0,0.0,2174.333333333333,4673.0,4050.0,0.0,0
10005,19,"Ferrous Sulphate 200mg, Tab",2022-08-01,3407,0,2107,1300,1.6169909824394877,48.50972947318462,643.0,1464.0,812.6666666666666,0.0,1446.6666666666667,4050.0,3407.0,0.0,0
10005,19,"Ferrous Sulphate 200mg, Tab",2022-09-01,1300,3050,910,3440,1.4285714285714286,42.85714285714286,2107.0,-1197.0,1124.3333333333333,0.0,0.0,3407.0,1300.0,0.0,0
10005,19,"Ferrous Sulphate 200mg, Tab",2022-11-01,3440,0,1341,2099,2.565249813571961,76.95749440715883,910.0,431.0,1220.0,3050.0,1016.6666666666666,1300.0,3440.0,0.0,0
10005,19,"Ferrous Sulphate 200mg, Tab",2022-12-01,2099,0,1241,858,1.6913779210314264,50.7413376309428,1341.0,-100.0,1452.6666666666667,0.0,1016.6666666666666,3440.0,2099.0,0.0,0
10005,19,"Ferrous Sulphate 200mg, Tab",2023-02-01,858,4933,1088,4703,0.7886029411764706,23.65808823529412,1241.0,-153.0,1164.0,0.0,1016.6666666666666,2099.0,858.0,0.0,0
10005,19,"Ferrous Sulphate 200mg, Tab",2023-03-01,4703,0,931,3772,5.0515574650913,151.546723952739,1088.0,-157.0,1223.3333333333333,4933.0,1644.3333333333333,858.0,4703.0,0.0,0
10005,19,"Ferrous Sulphate 200mg, Tab",2023-04-01,3772,0,1172,2600,3.218430034129693,96.55290102389078,931.0,241.0,1086.6666666666667,0.0,1644.3333333333333,4703.0,3772.0,0.0,0
10005,19,"Ferrous Sulphate 200mg, Tab",2023-05-01,2600,0,167,2433,15.5688622754491,467.065868263473,1172.0,-1005.0,1063.6666666666667,0.0,1644.3333333333333,3772.0,2600.0,0.0,0
10005,19,"Ferrous Sulphate 200mg, Tab",2023-06-01,2433,0,1192,1241,2.041107382550336,61.23322147651007,167.0,1025.0,756.6666666666666,0.0,0.0,2600.0,2433.0,0.0,0
10005,19,"Ferrous Sulphate 200mg, Tab",2023-08-01,1241,6127,1044,6324,1.1886973180076628,35.660919540229884,1192.0,-148.0,843.6666666666666,0.0,0.0,2433.0,1241.0,0.0,0
10005,19,"Ferrous Sulphate 200mg, Tab",2023-09-01,6324,0,1124,5200,5.6263345195729535,168.7900355871886,1044.0,80.0,801.0,6127.0,2042.3333333333333,1241.0,6324.0,0.0,0
10005,19,"Ferrous Sulphate 200mg, Tab",2023-10-01,5200,0,613,4587,8.482871125611746,254.4861337683524,1124.0,-511.0,1120.0,0.0,2042.3333333333333,6324.0,5200.0,0.0,0
10005,20,"Water for Injection 10ml, Inj, Amp",2019-10-01,41,0,41,0,1.0,30.0,,,,,,,,,1
10005,20,"Water for Injection 10ml, Inj, Amp",2019-11-01,0,0,0,0,,,41.0,-41.0,41.0,0.0,0.0,41.0,0.0,1.0,1
10005,20,"Water for Injection 10ml, Inj, Amp",2020-01-01,0,0,0,0,,,0.0,0.0,20.5,0.0,0.0,0.0,0.0,1.0,0
10005,20,"Water for Injection 10ml, Inj, Amp",2020-02-01,0,116,58,58,0.0,0.0,0.0,58.0,13.666666666666666,0.0,0.0,0.0,0.0,1.0,1
10005,20,"Water for Injection 10ml, Inj, Amp",2020-03-01,58,0,58,0,1.0,30.0,58.0,0.0,19.33333333333333,116.0,38.66666666666666,0.0,58.0,0.0,1
10005,20,"Water for Injection 10ml, Inj, Amp",2020-04-01,0,0,0,0,,,58.0,-58.0,38.66666666666666,0.0,38.66666666666666,58.0,0.0,1.0,0
10005,20,"Water for Injection 10ml, Inj, Amp",2020-05-01,0,220,89,131,0.0,0.0,0.0,89.0,38.66666666666666,0.0,38.66666666666666,0.0,0.0,1.0,0
10005,20,"Water for Injection 10ml, Inj, Amp",2020-07-01,131,0,20,111,6.55,196.5,89.0,-69.0,49.0,220.0,73.33333333333333,0.0,131.0,0.0,0
10005,20,"Water for Injection 10ml, Inj, Amp",2020-08-01,111,0,30,81,3.7,111.0,20.0,10.0,36.333333333333336,0.0,73.33333333333333,131.0,111.0,0.0,0
10005,20,"Water for Injection 10ml, Inj, Amp",2020-09-01,81,0,29,52,2.793103448275862,83.79310344827586,30.0,-1.0,46.333333333333336,0.0,73.33333333333333,111.0,81.0,0.0,0
10005,20,"Water for Injection 10ml, Inj, Amp",2020-10-01,52,188,65,175,0.8,24.0,29.0,36.0,26.33333333333333,0.0,0.0,81.0,52.0,0.0,0
10005,20,"Water for Injection 10ml, Inj, Amp",2020-12-01,175,0,104,71,1.6826923076923077,50.48076923076923,65.0,39.0,41.333333333333336,188.0,62.66666666666666,52.0,175.0,0.0,1
10005,20,"Water for Injection 10ml, Inj, Amp",2021-01-01,71,0,71,0,1.0,30.0,104.0,-33.0,66.0,0.0,62.66666666666666,175.0,71.0,0.0,1
10005,20,"Water for Injection 10ml, Inj, Amp",2021-02-01,0,0,0,0,,,71.0,-71.0,80.0,0.0,62.66666666666666,71.0,0.0,1.0,1
10005,20,"Water for Injection 10ml, Inj, Amp",2021-03-01,0,0,0,0,,,0.0,0.0,58.333333333333336,0.0,0.0,0.0,0.0,1.0,1
10005,20,"Water for Injection 10ml, Inj, Amp",2021-04-01,0,0,0,0,,,0.0,0.0,23.666666666666668,0.0,0.0,0.0,0.0,1.0,0
10005,20,"Water for Injection 10ml, Inj, Amp",2021-05-01,0,137,82,55,0.0,0.0,0.0,82.0,0.0,0.0,0.0,0.0,0.0,1.0,1
10005,20,"Water for Injection 10ml, Inj, Amp",2021-06-01,55,0,55,0,1.0,30.0,82.0,-27.0,27.33333333333333,137.0,45.66666666666666,0.0,55.0,0.0,1
10005,20,"Water for Injection 10ml, Inj, Amp",2021-07-01,0,0,0,0,,,55.0,-55.0,45.66666666666666,0.0,45.66666666666666,55.0,0.0,1.0,1
10005,20,"Water for Injection 10ml, Inj, Amp",2021-08-01,0,0,0,0,,,0.0,0.0,45.66666666666666,0.0,45.66666666666666,0.0,0.0,1.0,0
10005,20,"Water for Injection 10ml, Inj, Amp",2021-09-01,0,244,79,165,0.0,0.0,0.0,79.0,18.33333333333333,0.0,0.0,0.0,0.0,1.0,0
10005,20,"Water for Injection 10ml, Inj, Amp",2021-10-01,165,0,91,74,1.8131868131868127,54.3956043956044,79.0,12.0,26.33333333333333,244.0,81.33333333333333,0.0,165.0,0.0,0
10005,20,"Water for Injection 10ml, Inj, Amp",2021-11-01,74,0,41,33,1.804878048780488,54.14634146341464,91.0,-50.0,56.66666666666666,0.0,81.33333333333333,165.0,74.0,0.0,0
10005,20,"Water for Injection 10ml, Inj, Amp",2021-12-01,33,129,75,87,0.44,13.2,41.0,34.0,70.33333333333333,0.0,81.33333333333333,74.0,33.0,0.0,0
10005,20,"Water for Injection 10ml, Inj, Amp",2022-01-01,87,0,81,6,1.0740740740740742,32.22222222222223,75.0,6.0,69.0,129.0,43.0,33.0,87.0,0.0,1
10005,20,"Water for Injection 10ml, Inj, Amp",2022-02-01,6,0,6,0,1.0,30.0,81.0,-75.0,65.66666666666667,0.0,43.0,87.0,6.0,0.0,0
10005,20,"Water for Injection 10ml, Inj, Amp",2022-03-01,0,127,29,98,0.0,0.0,6.0,23.0,54.0,0.0,43.0,6.0,0.0,1.0,0
10005,20,"Water for Injection 10ml, Inj, Amp",2022-04-01,98,0,0,98,,,29.0,-29.0,38.66666666666666,127.0,42.333333333333336,0.0,98.0,0.0,0
10005,20,"Water for Injection 10ml, Inj, Amp",2022-05-01,98,0,40,58,2.45,73.5,0.0,40.0,11.666666666666666,0.0,42.333333333333336,98.0,98.0,0.0,0
10005,20,"Water for Injection 10ml, Inj, Amp",2022-06-01,58,0,26,32,2.230769230769231,66.92307692307692,40.0,-14.0,23.0,0.0,42.333333333333336,98.0,58.0,0.0,0
10005,20,"Water for Injection 10ml, Inj, Amp",2022-07-01,32,172,72,132,0.4444444444444444,13.333333333333332,26.0,46.0,22.0,0.0,0.0,58.0,32.0,0.0,0
10005,20,"Water for Injection 10ml, Inj, Amp",2022-08-01,132,0,82,50,1.6097560975609757,48.29268292682927,72.0,10.0,46.0,172.0,57.333333333333336,32.0,132.0,0.0,1
10005,20,"Water for Injection 10ml, Inj, Amp",2022-09-01,50,0,50,0,1.0,30.0,82.0,-32.0,60.0,0.0,57.333333333333336,132.0,50.0,0.0,0
10005,20,"Water for Injection 10ml, Inj, Amp",2022-10-01,0,102,68,34,0.0,0.0,50.0,18.0,68.0,0.0,57.333333333333336,50.0,0.0,1.0,1
10005,20,"Water for Injection 10ml, Inj, Amp",2022-11-01,34,0,34,0,1.0,30.0,68.0,-34.0,66.66666666666667,102.0,34.0,0.0,34.0,0.0,1
10005,20,"Water for Injection 10ml, Inj, Amp",2022-12-01,0,0,0,0,,,34.0,-34.0,50.66666666666666,0.0,34.0,34.0,0.0,1.0,1
10005,20,"Water for Injection 10ml, Inj, Amp",2023-02-01,0,0,0,0,,,0.0,0.0,34.0,0.0,34.0,0.0,0.0,1.0,0
10005,20,"Water for Injection 10ml, Inj, Amp",2023-03-01,0,296,49,247,0.0,0.0,0.0,49.0,11.333333333333334,0.0,0.0,0.0,0.0,1.0,0
10005,20,"Water for Injection 10ml, Inj, Amp",2023-05-01,247,0,124,123,1.991935483870968,59.75806451612903,49.0,75.0,16.333333333333332,296.0,98.66666666666669,0.0,247.0,0.0,0
10005,20,"Water for Injection 10ml, Inj, Amp",2023-06-01,123,0,44,79,2.7954545454545454,83.86363636363636,124.0,-80.0,57.66666666666666,0.0,98.66666666666669,247.0,123.0,0.0,0
10005,20,"Water for Injection 10ml, Inj, Amp",2023-08-01,79,0,66,13,1.196969696969697,35.909090909090914,44.0,22.0,72.33333333333333,0.0,98.66666666666669,123.0,79.0,0.0,1
10005,20,"Water for Injection 10ml, Inj, Amp",2023-09-01,13,0,13,0,1.0,30.0,66.0,-53.0,78.0,0.0,0.0,79.0,13.0,0.0,0
10005,20,"Water for Injection 10ml, Inj, Amp",2023-10-01,0,100,34,66,0.0,0.0,13.0,21.0,41.0,0.0,0.0,13.0,0.0,1.0,0
10005,21,"Neomycin & Bacitracin 0.5% & 500IU/g, Ointment, 15g, Tube",2019-10-01,4,0,1,3,4.0,120.0,,,,,,,,,1
10005,21,"Neomycin & Bacitracin 0.5% & 500IU/g, Ointment, 15g, Tube",2019-11-01,3,0,3,0,1.0,30.0,1.0,2.0,1.0,0.0,0.0,4.0,3.0,0.0,0
10005,21,"Neomycin & Bacitracin 0.5% & 500IU/g, Ointment, 15g, Tube",2019-12-01,0,12,3,9,0.0,0.0,3.0,0.0,2.0,0.0,0.0,3.0,0.0,1.0,0
10005,21,"Neomycin & Bacitracin 0.5% & 500IU/g, Ointment, 15g, Tube",2020-01-01,9,0,1,8,9.0,270.0,3.0,-2.0,2.333333333333333,12.0,4.0,0.0,9.0,0.0,0
10005,21,"Neomycin & Bacitracin 0.5% & 500IU/g, Ointment, 15g, Tube",2020-03-01,8,0,1,7,8.0,240.0,1.0,0.0,2.333333333333333,0.0,4.0,9.0,8.0,0.0,0
10005,21,"Neomycin & Bacitracin 0.5% & 500IU/g, Ointment, 15g, Tube",2020-04-01,7,0,3,4,2.333333333333333,70.0,1.0,2.0,1.6666666666666667,0.0,4.0,8.0,7.0,0.0,1
10005,21,"Neomycin & Bacitracin 0.5% & 500IU/g, Ointment, 15g, Tube",2020-09-01,4,0,4,0,1.0,30.0,3.0,1.0,1.6666666666666667,0.0,0.0,7.0,4.0,0.0,0
10005,21,"Neomycin & Bacitracin 0.5% & 500IU/g, Ointment, 15g, Tube",2020-11-01,0,13,0,13,,,4.0,-4.0,2.6666666666666665,0.0,0.0,4.0,0.0,1.0,0
10005,21,"Neomycin & Bacitracin 0.5% & 500IU/g, Ointment, 15g, Tube",2020-12-01,13,0,2,11,6.5,195.0,0.0,2.0,2.333333333333333,13.0,4.333333333333333,0.0,13.0,0.0,0
10005,21,"Neomycin & Bacitracin 0.5% & 500IU/g, Ointment, 15g, Tube",2021-02-01,11,0,3,8,3.6666666666666665,110.0,2.0,1.0,2.0,0.0,4.333333333333333,13.0,11.0,0.0,0
10005,21,"Neomycin & Bacitracin 0.5% & 500IU/g, Ointment, 15g, Tube",2021-04-01,8,0,0,8,,,3.0,-3.0,1.6666666666666667,0.0,4.333333333333333,11.0,8.0,0.0,0
10005,21,"Neomycin & Bacitracin 0.5% & 500IU/g, Ointment, 15g, Tube",2021-05-01,8,0,2,6,4.0,120.0,0.0,2.0,1.6666666666666667,0.0,0.0,8.0,8.0,0.0,0
10005,21,"Neomycin & Bacitracin 0.5% & 500IU/g, Ointment, 15g, Tube",2021-07-01,6,0,2,4,3.0,90.0,2.0,0.0,1.6666666666666667,0.0,0.0,8.0,6.0,0.0,0
10005,21,"Neomycin & Bacitracin 0.5% & 500IU/g, Ointment, 15g, Tube",2021-08-01,4,0,3,1,1.3333333333333333,40.0,2.0,1.0,1.3333333333333333,0.0,0.0,6.0,4.0,0.0,0
10005,21,"Neomycin & Bacitracin 0.5% & 500IU/g, Ointment, 15g, Tube",2021-09-01,1,11,5,7,0.2,6.0,3.0,2.0,2.333333333333333,0.0,0.0,4.0,1.0,0.0,0
10005,21,"Neomycin & Bacitracin 0.5% & 500IU/g, Ointment, 15g, Tube",2021-11-01,7,0,0,7,,,5.0,-5.0,3.333333333333333,11.0,3.6666666666666665,1.0,7.0,0.0,0
10005,21,"Neomycin & Bacitracin 0.5% & 500IU/g, Ointment, 15g, Tube",2021-12-01,7,0,1,6,7.0,210.0,0.0,1.0,2.6666666666666665,0.0,3.6666666666666665,7.0,7.0,0.0,0
10005,21,"Neomycin & Bacitracin 0.5% & 500IU/g, Ointment, 15g, Tube",2022-02-01,6,0,2,4,3.0,90.0,1.0,1.0,2.0,0.0,3.6666666666666665,7.0,6.0,0.0,0
10005,21,"Neomycin & Bacitracin 0.5% & 500IU/g, Ointment, 15g, Tube",2022-03-01,4,0,0,4,,,2.0,-2.0,1.0,0.0,0.0,6.0,4.0,0.0,0
10005,21,"Neomycin & Bacitracin 0.5% & 500IU/g, Ointment, 15g, Tube",2022-04-01,4,8,5,7,0.8,24.0,0.0,5.0,1.0,0.0,0.0,4.0,4.0,0.0,0
10005,21,"Neomycin & Bacitracin 0.5% & 500IU/g, Ointment, 15g, Tube",2022-09-01,7,0,3,4,2.333333333333333,70.0,5.0,-2.0,2.333333333333333,8.0,2.6666666666666665,4.0,7.0,0.0,1
10005,21,"Neomycin & Bacitracin 0.5% & 500IU/g, Ointment, 15g, Tube",2023-01-01,4,0,4,0,1.0,30.0,3.0,1.0,2.6666666666666665,0.0,2.6666666666666665,7.0,4.0,0.0,0
10005,21,"Neomycin & Bacitracin 0.5% & 500IU/g, Ointment, 15g, Tube",2023-04-01,0,11,5,6,0.0,0.0,4.0,1.0,4.0,0.0,2.6666666666666665,4.0,0.0,1.0,1
10005,21,"Neomycin & Bacitracin 0.5% & 500IU/g, Ointment, 15g, Tube",2023-06-01,6,0,6,0,1.0,30.0,5.0,1.0,4.0,11.0,3.6666666666666665,0.0,6.0,0.0,0
10005,21,"Neomycin & Bacitracin 0.5% & 500IU/g, Ointment, 15g, Tube",2023-07-01,0,8,4,4,0.0,0.0,6.0,-2.0,5.0,0.0,3.6666666666666665,6.0,0.0,1.0,0
10005,21,"Neomycin & Bacitracin 0.5% & 500IU/g, Ointment, 15g, Tube",2023-09-01,4,0,2,2,2.0,60.0,4.0,-2.0,5.0,8.0,6.333333333333333,0.0,4.0,0.0,1
10005,21,"Neomycin & Bacitracin 0.5% & 500IU/g, Ointment, 15g, Tube",2023-10-01,2,0,2,0,1.0,30.0,2.0,0.0,4.0,0.0,2.6666666666666665,4.0,2.0,0.0,1
10005,22,"Salbutamol 100mcg/dose, Aerosol, Inhaler",2019-10-01,2,0,2,0,1.0,30.0,,,,,,,,,1
10005,22,"Salbutamol 100mcg/dose, Aerosol, Inhaler",2019-11-01,0,0,0,0,,,2.0,-2.0,2.0,0.0,0.0,2.0,0.0,1.0,1
10005,22,"Salbutamol 100mcg/dose, Aerosol, Inhaler",2019-12-01,0,0,0,0,,,0.0,0.0,1.0,0.0,0.0,0.0,0.0,1.0,1
10005,22,"Salbutamol 100mcg/dose, Aerosol, Inhaler",2020-01-01,0,0,0,0,,,0.0,0.0,0.6666666666666666,0.0,0.0,0.0,0.0,1.0,0
10005,22,"Salbutamol 100mcg/dose, Aerosol, Inhaler",2020-02-01,0,8,4,4,0.0,0.0,0.0,4.0,0.0,0.0,0.0,0.0,0.0,1.0,0
10005,22,"Salbutamol 100mcg/dose, Aerosol, Inhaler",2020-04-01,4,0,3,1,1.3333333333333333,40.0,4.0,-1.0,1.3333333333333333,8.0,2.6666666666666665,0.0,4.0,0.0,0
10005,22,"Salbutamol 100mcg/dose, Aerosol, Inhaler",2020-05-01,1,15,6,10,0.1666666666666666,5.0,3.0,3.0,2.333333333333333,0.0,2.6666666666666665,4.0,1.0,0.0,0
10005,22,"Salbutamol 100mcg/dose, Aerosol, Inhaler",2020-06-01,10,0,3,7,3.333333333333333,100.0,6.0,-3.0,4.333333333333333,15.0,7.666666666666667,1.0,10.0,0.0,0
10005,22,"Salbutamol 100mcg/dose, Aerosol, Inhaler",2020-07-01,7,0,1,6,7.0,210.0,3.0,-2.0,4.0,0.0,5.0,10.0,7.0,0.0,0
10005,22,"Salbutamol 100mcg/dose, Aerosol, Inhaler",2020-08-01,6,0,3,3,2.0,60.0,1.0,2.0,3.333333333333333,0.0,5.0,7.0,6.0,0.0,0
10005,22,"Salbutamol 100mcg/dose, Aerosol, Inhaler",2020-09-01,3,9,4,8,0.75,22.5,3.0,1.0,2.333333333333333,0.0,0.0,6.0,3.0,0.0,0
10005,22,"Salbutamol 100mcg/dose, Aerosol, Inhaler",2020-10-01,8,0,6,2,1.3333333333333333,40.0,4.0,2.0,2.6666666666666665,9.0,3.0,3.0,8.0,0.0,0
10005,22,"Salbutamol 100mcg/dose, Aerosol, Inhaler",2020-11-01,2,6,3,5,0.6666666666666666,20.0,6.0,-3.0,4.333333333333333,0.0,3.0,8.0,2.0,0.0,1
10005,22,"Salbutamol 100mcg/dose, Aerosol, Inhaler",2020-12-01,5,0,5,0,1.0,30.0,3.0,2.0,4.333333333333333,6.0,5.0,2.0,5.0,0.0,0
10005,22,"Salbutamol 100mcg/dose, Aerosol, Inhaler",2021-02-01,0,9,4,5,0.0,0.0,5.0,-1.0,4.666666666666667,0.0,2.0,5.0,0.0,1.0,0
10005,22,"Salbutamol 100mcg/dose, Aerosol, Inhaler",2021-03-01,5,0,1,4,5.0,150.0,4.0,-3.0,4.0,9.0,5.0,0.0,5.0,0.0,0
10005,22,"Salbutamol 100mcg/dose, Aerosol, Inhaler",2021-04-01,4,0,3,1,1.3333333333333333,40.0,1.0,2.0,3.333333333333333,0.0,3.0,5.0,4.0,0.0,0
10005,22,"Salbutamol 100mcg/dose, Aerosol, Inhaler",2021-05-01,1,8,2,7,0.5,15.0,3.0,-1.0,2.6666666666666665,0.0,3.0,4.0,1.0,0.0,0
10005,22,"Salbutamol 100mcg/dose, Aerosol, Inhaler",2021-06-01,7,0,6,1,1.1666666666666667,35.0,2.0,4.0,2.0,8.0,2.6666666666666665,1.0,7.0,0.0,0
10005,22,"Salbutamol 100mcg/dose, Aerosol, Inhaler",2021-07-01,1,7,3,5,0.3333333333333333,10.0,6.0,-3.0,3.6666666666666665,0.0,2.6666666666666665,7.0,1.0,0.0,1
10005,22,"Salbutamol 100mcg/dose, Aerosol, Inhaler",2021-08-01,5,0,5,0,1.0,30.0,3.0,2.0,3.6666666666666665,7.0,5.0,1.0,5.0,0.0,0
10005,22,"Salbutamol 100mcg/dose, Aerosol, Inhaler",2021-09-01,0,18,3,15,0.0,0.0,5.0,-2.0,4.666666666666667,0.0,2.333333333333333,5.0,0.0,1.0,0
10005,22,"Salbutamol 100mcg/dose, Aerosol, Inhaler",2021-10-01,15,0,0,15,,,3.0,-3.0,3.6666666666666665,18.0,8.333333333333334,0.0,15.0,0.0,0
10005,22,"Salbutamol 100mcg/dose, Aerosol, Inhaler",2021-11-01,15,0,9,6,1.6666666666666667,50.0,0.0,9.0,2.6666666666666665,0.0,6.0,15.0,15.0,0.0,0
10005,22,"Salbutamol 100mcg/dose, Aerosol, Inhaler",2021-12-01,6,0,1,5,6.0,180.0,9.0,-8.0,4.0,0.0,6.0,15.0,6.0,0.0,0
10005,22,"Salbutamol 100mcg/dose, Aerosol, Inhaler",2022-01-01,5,16,1,20,5.0,150.0,1.0,0.0,3.333333333333333,0.0,0.0,6.0,5.0,0.0,0
10005,22,"Salbutamol 100mcg/dose, Aerosol, Inhaler",2022-02-01,20,0,2,18,10.0,300.0,1.0,1.0,3.6666666666666665,16.0,5.333333333333333,5.0,20.0,0.0,0
10005,22,"Salbutamol 100mcg/dose, Aerosol, Inhaler",2022-03-01,18,0,7,11,2.571428571428572,77.14285714285715,2.0,5.0,1.3333333333333333,0.0,5.333333333333333,20.0,18.0,0.0,0
10005,22,"Salbutamol 100mcg/dose, Aerosol, Inhaler",2022-04-01,11,0,3,8,3.6666666666666665,110.0,7.0,-4.0,3.333333333333333,0.0,5.333333333333333,18.0,11.0,0.0,0
10005,22,"Salbutamol 100mcg/dose, Aerosol, Inhaler",2022-05-01,8,0,0,8,,,3.0,-3.0,4.0,0.0,0.0,11.0,8.0,0.0,0
10005,22,"Salbutamol 100mcg/dose, Aerosol, Inhaler",2022-06-01,8,0,4,4,2.0,60.0,0.0,4.0,3.333333333333333,0.0,0.0,8.0,8.0,0.0,0
10005,22,"Salbutamol 100mcg/dose, Aerosol, Inhaler",2022-07-01,4,0,3,1,1.3333333333333333,40.0,4.0,-1.0,2.333333333333333,0.0,0.0,8.0,4.0,0.0,0
10005,22,"Salbutamol 100mcg/dose, Aerosol, Inhaler",2022-08-01,1,18,3,16,0.3333333333333333,10.0,3.0,0.0,2.333333333333333,0.0,0.0,4.0,1.0,0.0,0
10005,22,"Salbutamol 100mcg/dose, Aerosol, Inhaler",2022-09-01,16,0,0,16,,,3.0,-3.0,3.333333333333333,18.0,6.0,1.0,16.0,0.0,0
10005,22,"Salbutamol 100mcg/dose, Aerosol, Inhaler",2022-11-01,16,0,3,13,5.333333333333333,160.0,0.0,3.0,2.0,0.0,6.0,16.0,16.0,0.0,0
10005,22,"Salbutamol 100mcg/dose, Aerosol, Inhaler",2022-12-01,13,0,1,12,13.0,390.0,3.0,-2.0,2.0,0.0,6.0,16.0,13.0,0.0,0
10005,22,"Salbutamol 100mcg/dose, Aerosol, Inhaler",2023-01-01,12,0,6,6,2.0,60.0,1.0,5.0,1.3333333333333333,0.0,0.0,13.0,12.0,0.0,0
10005,22,"Salbutamol 100mcg/dose, Aerosol, Inhaler",2023-02-01,6,0,4,2,1.5,45.0,6.0,-2.0,3.333333333333333,0.0,0.0,12.0,6.0,0.0,0
10005,22,"Salbutamol 100mcg/dose, Aerosol, Inhaler",2023-03-01,2,17,7,12,0.2857142857142857,8.571428571428571,4.0,3.0,3.6666666666666665,0.0,0.0,6.0,2.0,0.0,0
10005,22,"Salbutamol 100mcg/dose, Aerosol, Inhaler",2023-04-01,12,0,2,10,6.0,180.0,7.0,-5.0,5.666666666666667,17.0,5.666666666666667,2.0,12.0,0.0,0
10005,22,"Salbutamol 100mcg/dose, Aerosol, Inhaler",2023-05-01,10,0,1,9,10.0,300.0,2.0,-1.0,4.333333333333333,0.0,5.666666666666667,12.0,10.0,0.0,0
10005,22,"Salbutamol 100mcg/dose, Aerosol, Inhaler",2023-06-01,9,0,4,5,2.25,67.5,1.0,3.0,3.333333333333333,0.0,5.666666666666667,10.0,9.0,0.0,0
10005,22,"Salbutamol 100mcg/dose, Aerosol, Inhaler",2023-07-01,5,0,4,1,1.25,37.5,4.0,0.0,2.333333333333333,0.0,0.0,9.0,5.0,0.0,1
10005,22,"Salbutamol 100mcg/dose, Aerosol, Inhaler",2023-08-01,1,0,1,0,1.0,30.0,4.0,-3.0,3.0,0.0,0.0,5.0,1.0,0.0,0
10005,22,"Salbutamol 100mcg/dose, Aerosol, Inhaler",2023-09-01,0,12,7,5,0.0,0.0,1.0,6.0,3.0,0.0,0.0,1.0,0.0,1.0,0
10005,22,"Salbutamol 100mcg/dose, Aerosol, Inhaler",2023-10-01,5,0,0,5,,,7.0,-7.0,4.0,12.0,4.0,0.0,5.0,0.0,0
10005,28,"Benzyl Benzoate 25%, Emulsion, 100ml, Bot",2019-11-01,105,0,32,73,3.28125,98.4375,,,,,,,,,0
10005,28,"Benzyl Benzoate 25%, Emulsion, 100ml, Bot",2020-01-01,73,0,28,45,2.607142857142857,78.21428571428572,32.0,-4.0,32.0,0.0,0.0,105.0,73.0,0.0,0
10005,28,"Benzyl Benzoate 25%, Emulsion, 100ml, Bot",2020-02-01,45,119,66,98,0.6818181818181818,20.454545454545453,28.0,38.0,30.0,0.0,0.0,73.0,45.0,0.0,0
10005,28,"Benzyl Benzoate 25%, Emulsion, 100ml, Bot",2020-03-01,98,0,66,32,1.4848484848484849,44.54545454545455,66.0,0.0,42.0,119.0,39.66666666666666,45.0,98.0,0.0,1
10005,28,"Benzyl Benzoate 25%, Emulsion, 100ml, Bot",2020-04-01,32,0,32,0,1.0,30.0,66.0,-34.0,53.333333333333336,0.0,39.66666666666666,98.0,32.0,0.0,1
10005,28,"Benzyl Benzoate 25%, Emulsion, 100ml, Bot",2020-05-01,0,0,0,0,,,32.0,-32.0,54.66666666666666,0.0,39.66666666666666,32.0,0.0,1.0,0
10005,28,"Benzyl Benzoate 25%, Emulsion, 100ml, Bot",2020-06-01,0,151,88,63,0.0,0.0,0.0,88.0,32.666666666666664,0.0,0.0,0.0,0.0,1.0,0
10005,28,"Benzyl Benzoate 25%, Emulsion, 100ml, Bot",2020-08-01,63,100,48,115,1.3125,39.375,88.0,-40.0,40.0,151.0,50.333333333333336,0.0,63.0,0.0,0
10005,28,"Benzyl Benzoate 25%, Emulsion, 100ml, Bot",2020-09-01,115,0,104,11,1.1057692307692308,33.17307692307693,48.0,56.0,45.333333333333336,100.0,83.66666666666667,63.0,115.0,0.0,0
10005,28,"Benzyl Benzoate 25%, Emulsion, 100ml, Bot",2020-10-01,11,117,29,99,0.3793103448275862,11.379310344827584,104.0,-75.0,80.0,0.0,83.66666666666667,115.0,11.0,0.0,0
10005,28,"Benzyl Benzoate 25%, Emulsion, 100ml, Bot",2020-11-01,99,0,43,56,2.302325581395349,69.06976744186046,29.0,14.0,60.333333333333336,117.0,72.33333333333333,11.0,99.0,0.0,0
10005,28,"Benzyl Benzoate 25%, Emulsion, 100ml, Bot",2020-12-01,56,0,37,19,1.5135135135135136,45.40540540540541,43.0,-6.0,58.66666666666666,0.0,39.0,99.0,56.0,0.0,0
10005,28,"Benzyl Benzoate 25%, Emulsion, 100ml, Bot",2021-01-01,19,135,75,79,0.2533333333333333,7.6,37.0,38.0,36.333333333333336,0.0,39.0,56.0,19.0,0.0,0
10005,28,"Benzyl Benzoate 25%, Emulsion, 100ml, Bot",2021-03-01,79,0,76,3,1.0394736842105263,31.18421052631579,75.0,1.0,51.66666666666666,135.0,45.0,19.0,79.0,0.0,1
10005,28,"Benzyl Benzoate 25%, Emulsion, 100ml, Bot",2021-04-01,3,0,3,0,1.0,30.0,76.0,-73.0,62.66666666666666,0.0,45.0,79.0,3.0,0.0,0
10005,28,"Benzyl Benzoate 25%, Emulsion, 100ml, Bot",2021-05-01,0,115,13,102,0.0,0.0,3.0,10.0,51.333333333333336,0.0,45.0,3.0,0.0,1.0,0
10005,28,"Benzyl Benzoate 25%, Emulsion, 100ml, Bot",2021-06-01,102,0,16,86,6.375,191.25,13.0,3.0,30.666666666666668,115.0,38.333333333333336,0.0,102.0,0.0,0
10005,28,"Benzyl Benzoate 25%, Emulsion, 100ml, Bot",2021-07-01,86,0,55,31,1.5636363636363635,46.909090909090914,16.0,39.0,10.666666666666666,0.0,38.333333333333336,102.0,86.0,0.0,0
10005,28,"Benzyl Benzoate 25%, Emulsion, 100ml, Bot",2021-08-01,31,107,49,89,0.6326530612244898,18.97959183673469,55.0,-6.0,28.0,0.0,38.333333333333336,86.0,31.0,0.0,0
10005,28,"Benzyl Benzoate 25%, Emulsion, 100ml, Bot",2021-10-01,89,0,86,3,1.0348837209302326,31.04651162790698,49.0,37.0,40.0,107.0,35.666666666666664,31.0,89.0,0.0,1
10005,28,"Benzyl Benzoate 25%, Emulsion, 100ml, Bot",2021-11-01,3,0,3,0,1.0,30.0,86.0,-83.0,63.333333333333336,0.0,35.666666666666664,89.0,3.0,0.0,1
10005,28,"Benzyl Benzoate 25%, Emulsion, 100ml, Bot",2022-01-01,0,0,0,0,,,3.0,-3.0,46.0,0.0,35.666666666666664,3.0,0.0,1.0,1
10005,28,"Benzyl Benzoate 25%, Emulsion, 100ml, Bot",2022-02-01,0,0,0,0,,,0.0,0.0,29.666666666666668,0.0,0.0,0.0,0.0,1.0,1
10005,28,"Benzyl Benzoate 25%, Emulsion, 100ml, Bot",2022-03-01,0,0,0,0,,,0.0,0.0,1.0,0.0,0.0,0.0,0.0,1.0,0
10005,28,"Benzyl Benzoate 25%, Emulsion, 100ml, Bot",2022-06-01,0,178,94,84,0.0,0.0,0.0,94.0,0.0,0.0,0.0,0.0,0.0,1.0,0
10005,28,"Benzyl Benzoate 25%, Emulsion, 100ml, Bot",2022-07-01,84,0,55,29,1.5272727272727271,45.81818181818182,94.0,-39.0,31.33333333333333,178.0,59.333333333333336,0.0,84.0,0.0,1
10005,28,"Benzyl Benzoate 25%, Emulsion, 100ml, Bot",2022-10-01,29,0,29,0,1.0,30.0,55.0,-26.0,49.66666666666666,0.0,59.333333333333336,84.0,29.0,0.0,1
10005,28,"Benzyl Benzoate 25%, Emulsion, 100ml, Bot",2022-11-01,0,0,0,0,,,29.0,-29.0,59.333333333333336,0.0,59.333333333333336,29.0,0.0,1.0,0
10005,28,"Benzyl Benzoate 25%, Emulsion, 100ml, Bot",2022-12-01,0,102,91,11,0.0,0.0,0.0,91.0,28.0,0.0,0.0,0.0,0.0,1.0,0
10005,28,"Benzyl Benzoate 25%, Emulsion, 100ml, Bot",2023-01-01,11,137,50,98,0.22,6.6,91.0,-41.0,40.0,102.0,34.0,0.0,11.0,0.0,0
10005,28,"Benzyl Benzoate 25%, Emulsion, 100ml, Bot",2023-02-01,98,0,81,17,1.2098765432098766,36.2962962962963,50.0,31.0,47.0,137.0,79.66666666666667,11.0,98.0,0.0,0
10005,28,"Benzyl Benzoate 25%, Emulsion, 100ml, Bot",2023-03-01,17,105,78,44,0.2179487179487179,6.538461538461538,81.0,-3.0,74.0,0.0,79.66666666666667,98.0,17.0,0.0,0
10005,28,"Benzyl Benzoate 25%, Emulsion, 100ml, Bot",2023-04-01,44,184,90,138,0.4888888888888889,14.666666666666666,78.0,12.0,69.66666666666667,105.0,80.66666666666667,17.0,44.0,0.0,0
10005,28,"Benzyl Benzoate 25%, Emulsion, 100ml, Bot",2023-05-01,138,0,101,37,1.3663366336633664,40.990099009901,90.0,11.0,83.0,184.0,96.33333333333331,44.0,138.0,0.0,1
10005,28,"Benzyl Benzoate 25%, Emulsion, 100ml, Bot",2023-06-01,37,0,37,0,1.0,30.0,101.0,-64.0,89.66666666666667,0.0,96.33333333333331,138.0,37.0,0.0,1
10005,28,"Benzyl Benzoate 25%, Emulsion, 100ml, Bot",2023-07-01,0,0,0,0,,,37.0,-37.0,76.0,0.0,61.333333333333336,37.0,0.0,1.0,0
10005,28,"Benzyl Benzoate 25%, Emulsion, 100ml, Bot",2023-08-01,0,86,55,31,0.0,0.0,0.0,55.0,46.0,0.0,0.0,0.0,0.0,1.0,0
10005,28,"Benzyl Benzoate 25%, Emulsion, 100ml, Bot",2023-10-01,31,221,81,171,0.382716049382716,11.48148148148148,55.0,26.0,30.666666666666668,86.0,28.666666666666668,0.0,31.0,0.0,0
10005,32,"Ampicillin 500mg, Pdr for IM/IV, Inj, Vial",2019-10-01,50,162,106,106,0.4716981132075472,14.150943396226417,,,,,,,,,1
10005,32,"Ampicillin 500mg, Pdr for IM/IV, Inj, Vial",2019-11-01,106,0,106,0,1.0,30.0,106.0,0.0,106.0,162.0,162.0,50.0,106.0,0.0,1
10005,32,"Ampicillin 500mg, Pdr for IM/IV, Inj, Vial",2019-12-01,0,0,0,0,,,106.0,-106.0,106.0,0.0,81.0,106.0,0.0,1.0,1
10005,32,"Ampicillin 500mg, Pdr for IM/IV, Inj, Vial",2020-01-01,0,0,0,0,,,0.0,0.0,70.66666666666667,0.0,54.0,0.0,0.0,1.0,0
10005,32,"Ampicillin 500mg, Pdr for IM/IV, Inj, Vial",2020-02-01,0,396,65,331,0.0,0.0,0.0,65.0,35.333333333333336,0.0,0.0,0.0,0.0,1.0,0
10005,32,"Ampicillin 500mg, Pdr for IM/IV, Inj, Vial",2020-03-01,331,0,72,259,4.597222222222222,137.91666666666666,65.0,7.0,21.666666666666668,396.0,132.0,0.0,331.0,0.0,0
10005,32,"Ampicillin 500mg, Pdr for IM/IV, Inj, Vial",2020-05-01,259,0,65,194,3.9846153846153847,119.53846153846156,72.0,-7.0,45.66666666666666,0.0,132.0,331.0,259.0,0.0,0
10005,32,"Ampicillin 500mg, Pdr for IM/IV, Inj, Vial",2020-06-01,194,0,83,111,2.3373493975903616,70.12048192771086,65.0,18.0,67.33333333333333,0.0,132.0,259.0,194.0,0.0,0
10005,32,"Ampicillin 500mg, Pdr for IM/IV, Inj, Vial",2020-07-01,111,0,58,53,1.913793103448276,57.41379310344827,83.0,-25.0,73.33333333333333,0.0,0.0,194.0,111.0,0.0,0
10005,32,"Ampicillin 500mg, Pdr for IM/IV, Inj, Vial",2020-08-01,53,386,70,369,0.7571428571428571,22.714285714285715,58.0,12.0,68.66666666666667,0.0,0.0,111.0,53.0,0.0,0
10005,32,"Ampicillin 500mg, Pdr for IM/IV, Inj, Vial",2020-09-01,369,0,17,352,21.705882352941178,651.1764705882354,70.0,-53.0,70.33333333333333,386.0,128.66666666666666,53.0,369.0,0.0,0
10005,32,"Ampicillin 500mg, Pdr for IM/IV, Inj, Vial",2020-10-01,352,0,113,239,3.1150442477876106,93.45132743362832,17.0,96.0,48.333333333333336,0.0,128.66666666666666,369.0,352.0,0.0,0
10005,32,"Ampicillin 500mg, Pdr for IM/IV, Inj, Vial",2020-11-01,239,0,159,80,1.5031446540880504,45.09433962264151,113.0,46.0,66.66666666666667,0.0,128.66666666666666,352.0,239.0,0.0,0
10005,32,"Ampicillin 500mg, Pdr for IM/IV, Inj, Vial",2020-12-01,80,220,133,167,0.6015037593984962,18.045112781954884,159.0,-26.0,96.33333333333331,0.0,0.0,239.0,80.0,0.0,0
10005,32,"Ampicillin 500mg, Pdr for IM/IV, Inj, Vial",2021-01-01,167,0,117,50,1.4273504273504274,42.820512820512825,133.0,-16.0,135.0,220.0,73.33333333333333,80.0,167.0,0.0,0
10005,32,"Ampicillin 500mg, Pdr for IM/IV, Inj, Vial",2021-02-01,50,389,87,352,0.5747126436781609,17.241379310344826,117.0,-30.0,136.33333333333334,0.0,73.33333333333333,167.0,50.0,0.0,0
10005,32,"Ampicillin 500mg, Pdr for IM/IV, Inj, Vial",2021-03-01,352,0,61,291,5.770491803278689,173.11475409836066,87.0,-26.0,112.33333333333331,389.0,203.0,50.0,352.0,0.0,0
10005,32,"Ampicillin 500mg, Pdr for IM/IV, Inj, Vial",2021-04-01,291,0,79,212,3.683544303797469,110.50632911392404,61.0,18.0,88.33333333333333,0.0,129.66666666666666,352.0,291.0,0.0,0
10005,32,"Ampicillin 500mg, Pdr for IM/IV, Inj, Vial",2021-05-01,212,0,35,177,6.057142857142857,181.7142857142857,79.0,-44.0,75.66666666666667,0.0,129.66666666666666,291.0,212.0,0.0,0
10005,32,"Ampicillin 500mg, Pdr for IM/IV, Inj, Vial",2021-06-01,177,0,54,123,3.2777777777777777,98.33333333333331,35.0,19.0,58.333333333333336,0.0,0.0,212.0,177.0,0.0,0
10005,32,"Ampicillin 500mg, Pdr for IM/IV, Inj, Vial",2021-08-01,123,0,120,3,1.025,30.75,54.0,66.0,56.0,0.0,0.0,177.0,123.0,0.0,0
10005,32,"Ampicillin 500mg, Pdr for IM/IV, Inj, Vial",2021-09-01,3,389,120,272,0.025,0.75,120.0,0.0,69.66666666666667,0.0,0.0,123.0,3.0,0.0,0
10005,32,"Ampicillin 500mg, Pdr for IM/IV, Inj, Vial",2021-10-01,272,0,115,157,2.365217391304348,70.95652173913044,120.0,-5.0,98.0,389.0,129.66666666666666,3.0,272.0,0.0,0
10005,32,"Ampicillin 500mg, Pdr for IM/IV, Inj, Vial",2021-11-01,157,0,127,30,1.236220472440945,37.08661417322835,115.0,12.0,118.33333333333331,0.0,129.66666666666666,272.0,157.0,0.0,0
10005,32,"Ampicillin 500mg, Pdr for IM/IV, Inj, Vial",2021-12-01,30,195,74,151,0.4054054054054054,12.162162162162163,127.0,-53.0,120.66666666666669,0.0,129.66666666666666,157.0,30.0,0.0,0
10005,32,"Ampicillin 500mg, Pdr for IM/IV, Inj, Vial",2022-01-01,151,0,35,116,4.314285714285714,129.42857142857142,74.0,-39.0,105.33333333333331,195.0,65.0,30.0,151.0,0.0,0
10005,32,"Ampicillin 500mg, Pdr for IM/IV, Inj, Vial",2022-02-01,116,0,44,72,2.636363636363636,79.0909090909091,35.0,9.0,78.66666666666667,0.0,65.0,151.0,116.0,0.0,0
10005,32,"Ampicillin 500mg, Pdr for IM/IV, Inj, Vial",2022-03-01,72,305,76,301,0.9473684210526316,28.421052631578945,44.0,32.0,51.0,0.0,65.0,116.0,72.0,0.0,0
10005,32,"Ampicillin 500mg, Pdr for IM/IV, Inj, Vial",2022-04-01,301,0,107,194,2.8130841121495327,84.39252336448598,76.0,31.0,51.66666666666666,305.0,101.66666666666669,72.0,301.0,0.0,0
10005,32,"Ampicillin 500mg, Pdr for IM/IV, Inj, Vial",2022-05-01,194,0,69,125,2.8115942028985508,84.34782608695653,107.0,-38.0,75.66666666666667,0.0,101.66666666666669,301.0,194.0,0.0,0
10005,32,"Ampicillin 500mg, Pdr for IM/IV, Inj, Vial",2022-06-01,125,0,83,42,1.5060240963855422,45.18072289156627,69.0,14.0,84.0,0.0,101.66666666666669,194.0,125.0,0.0,0
10005,32,"Ampicillin 500mg, Pdr for IM/IV, Inj, Vial",2022-07-01,42,0,0,42,,,83.0,-83.0,86.33333333333333,0.0,0.0,125.0,42.0,0.0,0
10005,32,"Ampicillin 500mg, Pdr for IM/IV, Inj, Vial",2022-08-01,42,238,47,233,0.8936170212765957,26.80851063829787,0.0,47.0,50.66666666666666,0.0,0.0,42.0,42.0,0.0,0
10005,32,"Ampicillin 500mg, Pdr for IM/IV, Inj, Vial",2022-09-01,233,0,86,147,2.7093023255813957,81.27906976744185,47.0,39.0,43.333333333333336,238.0,79.33333333333333,42.0,233.0,0.0,0
10005,32,"Ampicillin 500mg, Pdr for IM/IV, Inj, Vial",2022-10-01,147,0,76,71,1.9342105263157892,58.026315789473685,86.0,-10.0,44.333333333333336,0.0,79.33333333333333,233.0,147.0,0.0,1
10005,32,"Ampicillin 500mg, Pdr for IM/IV, Inj, Vial",2022-11-01,71,0,71,0,1.0,30.0,76.0,-5.0,69.66666666666667,0.0,79.33333333333333,147.0,71.0,0.0,0
10005,32,"Ampicillin 500mg, Pdr for IM/IV, Inj, Vial",2022-12-01,0,378,99,279,0.0,0.0,71.0,28.0,77.66666666666667,0.0,0.0,71.0,0.0,1.0,0
10005,32,"Ampicillin 500mg, Pdr for IM/IV, Inj, Vial",2023-01-01,279,0,123,156,2.268292682926829,68.04878048780488,99.0,24.0,82.0,378.0,126.0,0.0,279.0,0.0,0
10005,32,"Ampicillin 500mg, Pdr for IM/IV, Inj, Vial",2023-03-01,156,0,42,114,3.7142857142857135,111.42857142857144,123.0,-81.0,97.66666666666669,0.0,126.0,279.0,156.0,0.0,1
10005,32,"Ampicillin 500mg, Pdr for IM/IV, Inj, Vial",2023-04-01,114,0,114,0,1.0,30.0,42.0,72.0,88.0,0.0,126.0,156.0,114.0,0.0,0
10005,32,"Ampicillin 500mg, Pdr for IM/IV, Inj, Vial",2023-05-01,0,128,45,83,0.0,0.0,114.0,-69.0,93.0,0.0,0.0,114.0,0.0,1.0,0
10005,32,"Ampicillin 500mg, Pdr for IM/IV, Inj, Vial",2023-06-01,83,0,24,59,3.458333333333333,103.75,45.0,-21.0,67.0,128.0,42.66666666666666,0.0,83.0,0.0,0
10005,32,"Ampicillin 500mg, Pdr for IM/IV, Inj, Vial",2023-07-01,59,0,18,41,3.2777777777777777,98.33333333333331,24.0,-6.0,61.0,0.0,42.66666666666666,83.0,59.0,0.0,1
10005,32,"Ampicillin 500mg, Pdr for IM/IV, Inj, Vial",2023-08-01,41,0,41,0,1.0,30.0,18.0,23.0,29.0,0.0,42.66666666666666,59.0,41.0,0.0,1
10005,32,"Ampicillin 500mg, Pdr for IM/IV, Inj, Vial",2023-10-01,0,0,0,0,,,41.0,-41.0,27.666666666666668,0.0,0.0,41.0,0.0,1.0,1
10005,34,"Folic Acid 5mg, Tab",2020-01-01,787,0,666,121,1.1816816816816818,35.450450450450454,,,,,,,,,1
10005,34,"Folic Acid 5mg, Tab",2020-03-01,121,0,121,0,1.0,30.0,666.0,-545.0,666.0,0.0,0.0,787.0,121.0,0.0,0
10005,34,"Folic Acid 5mg, Tab",2020-04-01,0,2194,859,1335,0.0,0.0,121.0,738.0,393.5,0.0,0.0,121.0,0.0,1.0,0
10005,34,"Folic Acid 5mg, Tab",2020-06-01,1335,0,687,648,1.943231441048035,58.29694323144105,859.0,-172.0,548.6666666666666,2194.0,731.3333333333334,0.0,1335.0,0.0,0
10005,34,"Folic Acid 5mg, Tab",2020-07-01,648,0,547,101,1.1846435100548447,35.53930530164534,687.0,-140.0,555.6666666666666,0.0,731.3333333333334,1335.0,648.0,0.0,0
10005,34,"Folic Acid 5mg, Tab",2020-08-01,101,1996,436,1661,0.231651376146789,6.9495412844036695,547.0,-111.0,697.6666666666666,0.0,731.3333333333334,648.0,101.0,0.0,0
10005,34,"Folic Acid 5mg, Tab",2020-10-01,1661,0,722,939,2.3005540166204987,69.01662049861497,436.0,286.0,556.6666666666666,1996.0,665.3333333333334,101.0,1661.0,0.0,1
10005,34,"Folic Acid 5mg, Tab",2020-11-01,939,0,939,0,1.0,30.0,722.0,217.0,568.3333333333334,0.0,665.3333333333334,1661.0,939.0,0.0,1
10005,34,"Folic Acid 5mg, Tab",2021-03-01,0,0,0,0,,,939.0,-939.0,699.0,0.0,665.3333333333334,939.0,0.0,1.0,0
10005,34,"Folic Acid 5mg, Tab",2021-06-01,0,2418,640,1778,0.0,0.0,0.0,640.0,553.6666666666666,0.0,0.0,0.0,0.0,1.0,0
10005,34,"Folic Acid 5mg, Tab",2021-07-01,1778,0,614,1164,2.8957654723127035,86.8729641693811,640.0,-26.0,526.3333333333334,2418.0,806.0,0.0,1778.0,0.0,0
10005,34,"Folic Acid 5mg, Tab",2021-09-01,1164,0,721,443,1.6144244105409151,48.43273231622746,614.0,107.0,418.0,0.0,806.0,1778.0,1164.0,0.0,0
10005,34,"Folic Acid 5mg, Tab",2021-12-01,443,2989,885,2547,0.5005649717514125,15.016949152542374,721.0,164.0,658.3333333333334,0.0,806.0,1164.0,443.0,0.0,0
10005,34,"Folic Acid 5mg, Tab",2022-01-01,2547,0,562,1985,4.532028469750889,135.9608540925267,885.0,-323.0,740.0,2989.0,996.3333333333334,443.0,2547.0,0.0,0
10005,34,"Folic Acid 5mg, Tab",2022-02-01,1985,0,556,1429,3.570143884892086,107.1043165467626,562.0,-6.0,722.6666666666666,0.0,996.3333333333334,2547.0,1985.0,0.0,0
10005,34,"Folic Acid 5mg, Tab",2022-03-01,1429,0,508,921,2.812992125984252,84.38976377952756,556.0,-48.0,667.6666666666666,0.0,996.3333333333334,1985.0,1429.0,0.0,0
10005,34,"Folic Acid 5mg, Tab",2022-05-01,921,0,293,628,3.143344709897611,94.30034129692832,508.0,-215.0,542.0,0.0,0.0,1429.0,921.0,0.0,0
10005,34,"Folic Acid 5mg, Tab",2022-09-01,628,2424,805,2247,0.7801242236024845,23.403726708074533,293.0,512.0,452.3333333333333,0.0,0.0,921.0,628.0,0.0,0
10005,34,"Folic Acid 5mg, Tab",2022-10-01,2247,0,965,1282,2.328497409326425,69.85492227979275,805.0,160.0,535.3333333333334,2424.0,808.0,628.0,2247.0,0.0,0
10005,34,"Folic Acid 5mg, Tab",2023-01-01,1282,0,37,1245,34.648648648648646,1039.4594594594594,965.0,-928.0,687.6666666666666,0.0,808.0,2247.0,1282.0,0.0,0
10005,34,"Folic Acid 5mg, Tab",2023-02-01,1245,0,525,720,2.3714285714285714,71.14285714285714,37.0,488.0,602.3333333333334,0.0,808.0,1282.0,1245.0,0.0,0
10005,34,"Folic Acid 5mg, Tab",2023-03-01,720,2615,599,2736,1.2020033388981637,36.06010016694491,525.0,74.0,509.0,0.0,0.0,1245.0,720.0,0.0,0
10005,34,"Folic Acid 5mg, Tab",2023-09-01,2736,0,544,2192,5.029411764705882,150.88235294117646,599.0,-55.0,387.0,2615.0,871.6666666666666,720.0,2736.0,0.0,0
10005,34,"Folic Acid 5mg, Tab",2023-10-01,2192,0,1300,892,1.686153846153846,50.58461538461538,544.0,756.0,556.0,0.0,871.6666666666666,2736.0,2192.0,0.0,0
10005,35,"Oxytocin 10IU, Inj, Amp",2019-11-01,11,27,5,33,2.2,66.0,,,,,,,,,0
10005,35,"Oxytocin 10IU, Inj, Amp",2019-12-01,33,0,19,14,1.736842105263158,52.10526315789474,5.0,14.0,5.0,27.0,27.0,11.0,33.0,0.0,0
10005,35,"Oxytocin 10IU, Inj, Amp",2020-01-01,14,31,23,22,0.6086956521739131,18.26086956521739,19.0,4.0,12.0,0.0,13.5,33.0,14.0,0.0,0
10005,35,"Oxytocin 10IU, Inj, Amp",2020-02-01,22,0,6,16,3.6666666666666665,110.0,23.0,-17.0,15.666666666666666,31.0,19.33333333333333,14.0,22.0,0.0,0
10005,35,"Oxytocin 10IU, Inj, Amp",2020-03-01,16,46,10,52,1.6,48.0,6.0,4.0,16.0,0.0,10.333333333333334,22.0,16.0,0.0,0
10005,35,"Oxytocin 10IU, Inj, Amp",2020-04-01,52,0,11,41,4.727272727272728,141.8181818181818,10.0,1.0,13.0,46.0,25.666666666666668,16.0,52.0,0.0,0
10005,35,"Oxytocin 10IU, Inj, Amp",2020-05-01,41,0,9,32,4.555555555555555,136.66666666666666,11.0,-2.0,9.0,0.0,15.333333333333334,52.0,41.0,0.0,0
10005,35,"Oxytocin 10IU, Inj, Amp",2020-06-01,32,0,5,27,6.4,192.0,9.0,-4.0,10.0,0.0,15.333333333333334,41.0,32.0,0.0,0
10005,35,"Oxytocin 10IU, Inj, Amp",2020-07-01,27,0,7,20,3.857142857142857,115.71428571428572,5.0,2.0,8.333333333333334,0.0,0.0,32.0,27.0,0.0,0
10005,35,"Oxytocin 10IU, Inj, Amp",2020-08-01,20,0,10,10,2.0,60.0,7.0,3.0,7.0,0.0,0.0,27.0,20.0,0.0,0
10005,35,"Oxytocin 10IU, Inj, Amp",2020-09-01,10,24,19,15,0.5263157894736842,15.789473684210526,10.0,9.0,7.333333333333333,0.0,0.0,20.0,10.0,0.0,1
10005,35,"Oxytocin 10IU, Inj, Amp",2020-10-01,15,0,15,0,1.0,30.0,19.0,-4.0,12.0,24.0,8.0,10.0,15.0,0.0,1
10005,35,"Oxytocin 10IU, Inj, Amp",2021-01-01,0,0,0,0,,,15.0,-15.0,14.666666666666666,0.0,8.0,15.0,0.0,1.0,0
10005,35,"Oxytocin 10IU, Inj, Amp",2021-02-01,0,24,23,1,0.0,0.0,0.0,23.0,11.333333333333334,0.0,8.0,0.0,0.0,1.0,0
10005,35,"Oxytocin 10IU, Inj, Amp",2021-03-01,1,66,16,51,0.0625,1.875,23.0,-7.0,12.666666666666666,24.0,8.0,0.0,1.0,0.0,0
10005,35,"Oxytocin 10IU, Inj, Amp",2021-04-01,51,0,25,26,2.04,61.2,16.0,9.0,13.0,66.0,30.0,1.0,51.0,0.0,0
10005,35,"Oxytocin 10IU, Inj, Amp",2021-06-01,26,0,13,13,2.0,60.0,25.0,-12.0,21.33333333333333,0.0,30.0,51.0,26.0,0.0,0
10005,35,"Oxytocin 10IU, Inj, Amp",2021-07-01,13,61,5,69,2.6,78.0,13.0,-8.0,18.0,0.0,22.0,26.0,13.0,0.0,0
10005,35,"Oxytocin 10IU, Inj, Amp",2021-08-01,69,0,20,49,3.45,103.5,5.0,15.0,14.333333333333334,61.0,20.33333333333333,13.0,69.0,0.0,0
10005,35,"Oxytocin 10IU, Inj, Amp",2021-10-01,49,0,5,44,9.8,294.0,20.0,-15.0,12.666666666666666,0.0,20.33333333333333,69.0,49.0,0.0,0
10005,35,"Oxytocin 10IU, Inj, Amp",2021-11-01,44,0,9,35,4.888888888888889,146.66666666666669,5.0,4.0,10.0,0.0,20.33333333333333,49.0,44.0,0.0,0
10005,35,"Oxytocin 10IU, Inj, Amp",2021-12-01,35,0,17,18,2.0588235294117645,61.764705882352935,9.0,8.0,11.333333333333334,0.0,0.0,44.0,35.0,0.0,0
10005,35,"Oxytocin 10IU, Inj, Amp",2022-01-01,18,0,12,6,1.5,45.0,17.0,-5.0,10.333333333333334,0.0,0.0,35.0,18.0,0.0,1
10005,35,"Oxytocin 10IU, Inj, Amp",2022-02-01,6,0,6,0,1.0,30.0,12.0,-6.0,12.666666666666666,0.0,0.0,18.0,6.0,0.0,0
10005,35,"Oxytocin 10IU, Inj, Amp",2022-03-01,0,29,13,16,0.0,0.0,6.0,7.0,11.666666666666666,0.0,0.0,6.0,0.0,1.0,0
10005,35,"Oxytocin 10IU, Inj, Amp",2022-04-01,16,68,17,67,0.9411764705882352,28.235294117647054,13.0,4.0,10.333333333333334,29.0,9.666666666666666,0.0,16.0,0.0,0
10005,35,"Oxytocin 10IU, Inj, Amp",2022-05-01,67,0,23,44,2.9130434782608696,87.3913043478261,17.0,6.0,12.0,68.0,32.333333333333336,16.0,67.0,0.0,0
10005,35,"Oxytocin 10IU, Inj, Amp",2022-06-01,44,0,11,33,4.0,120.0,23.0,-12.0,17.666666666666668,0.0,32.333333333333336,67.0,44.0,0.0,0
10005,35,"Oxytocin 10IU, Inj, Amp",2022-07-01,33,0,22,11,1.5,45.0,11.0,11.0,17.0,0.0,22.666666666666668,44.0,33.0,0.0,0
10005,35,"Oxytocin 10IU, Inj, Amp",2022-08-01,11,34,10,35,1.1,33.0,22.0,-12.0,18.666666666666668,0.0,0.0,33.0,11.0,0.0,0
10005,35,"Oxytocin 10IU, Inj, Amp",2022-09-01,35,0,5,30,7.0,210.0,10.0,-5.0,14.333333333333334,34.0,11.333333333333334,11.0,35.0,0.0,0
10005,35,"Oxytocin 10IU, Inj, Amp",2022-10-01,30,0,27,3,1.1111111111111112,33.333333333333336,5.0,22.0,12.333333333333334,0.0,11.333333333333334,35.0,30.0,0.0,1
10005,35,"Oxytocin 10IU, Inj, Amp",2022-11-01,3,0,3,0,1.0,30.0,27.0,-24.0,14.0,0.0,11.333333333333334,30.0,3.0,0.0,1
10005,35,"Oxytocin 10IU, Inj, Amp",2022-12-01,0,0,0,0,,,3.0,-3.0,11.666666666666666,0.0,0.0,3.0,0.0,1.0,0
10005,35,"Oxytocin 10IU, Inj, Amp",2023-01-01,0,52,23,29,0.0,0.0,0.0,23.0,10.0,0.0,0.0,0.0,0.0,1.0,0
10005,35,"Oxytocin 10IU, Inj, Amp",2023-02-01,29,0,23,6,1.2608695652173914,37.82608695652174,23.0,0.0,8.666666666666666,52.0,17.333333333333332,0.0,29.0,0.0,0
10005,35,"Oxytocin 10IU, Inj, Amp",2023-03-01,6,65,7,64,0.8571428571428571,25.71428571428571,23.0,-16.0,15.333333333333334,0.0,17.333333333333332,29.0,6.0,0.0,0
10005,35,"Oxytocin 10IU, Inj, Amp",2023-04-01,64,0,10,54,6.4,192.0,7.0,3.0,17.666666666666668,65.0,39.0,6.0,64.0,0.0,0
10005,35,"Oxytocin 10IU, Inj, Amp",2023-05-01,54,0,11,43,4.909090909090909,147.27272727272728,10.0,1.0,13.333333333333334,0.0,21.666666666666668,64.0,54.0,0.0,0
10005,35,"Oxytocin 10IU, Inj, Amp",2023-06-01,43,0,9,34,4.777777777777778,143.33333333333334,11.0,-2.0,9.333333333333334,0.0,21.666666666666668,54.0,43.0,0.0,0
10005,35,"Oxytocin 10IU, Inj, Amp",2023-07-01,34,0,10,24,3.4,102.0,9.0,1.0,10.0,0.0,0.0,43.0,34.0,0.0,0
10005,35,"Oxytocin 10IU, Inj, Amp",2023-08-01,24,0,11,13,2.1818181818181817,65.45454545454545,10.0,1.0,10.0,0.0,0.0,34.0,24.0,0.0,0
10005,35,"Oxytocin 10IU, Inj, Amp",2023-09-01,13,67,4,76,3.25,97.5,11.0,-7.0,10.0,0.0,0.0,24.0,13.0,0.0,0
10005,35,"Oxytocin 10IU, Inj, Amp",2023-10-01,76,0,13,63,5.846153846153846,175.3846153846154,4.0,9.0,8.333333333333334,67.0,22.33333333333333,13.0,76.0,0.0,0
10005,38,"Albendazole 400mg, Tab",2019-12-01,134,0,134,0,1.0,30.0,,,,,,,,,1
10005,38,"Albendazole 400mg, Tab",2020-01-01,0,0,0,0,,,134.0,-134.0,134.0,0.0,0.0,134.0,0.0,1.0,0
10005,38,"Albendazole 400mg, Tab",2020-02-01,0,286,185,101,0.0,0.0,0.0,185.0,67.0,0.0,0.0,0.0,0.0,1.0,1
10005,38,"Albendazole 400mg, Tab",2020-03-01,101,0,101,0,1.0,30.0,185.0,-84.0,106.33333333333331,286.0,95.33333333333331,0.0,101.0,0.0,1
10005,38,"Albendazole 400mg, Tab",2020-05-01,0,0,0,0,,,101.0,-101.0,95.33333333333331,0.0,95.33333333333331,101.0,0.0,1.0,1
10005,38,"Albendazole 400mg, Tab",2020-07-01,0,0,0,0,,,0.0,0.0,95.33333333333331,0.0,95.33333333333331,0.0,0.0,1.0,1
10005,38,"Albendazole 400mg, Tab",2020-08-01,0,0,0,0,,,0.0,0.0,33.666666666666664,0.0,0.0,0.0,0.0,1.0,1
10005,38,"Albendazole 400mg, Tab",2020-09-01,0,0,0,0,,,0.0,0.0,0.0,0.0,0.0,0.0,0.0,1.0,0
10005,38,"Albendazole 400mg, Tab",2020-10-01,0,253,91,162,0.0,0.0,0.0,91.0,0.0,0.0,0.0,0.0,0.0,1.0,0
10005,38,"Albendazole 400mg, Tab",2020-11-01,162,0,133,29,1.218045112781955,36.54135338345865,91.0,42.0,30.33333333333333,253.0,84.33333333333333,0.0,162.0,0.0,1
10005,38,"Albendazole 400mg, Tab",2021-01-01,29,0,29,0,1.0,30.0,133.0,-104.0,74.66666666666667,0.0,84.33333333333333,162.0,29.0,0.0,0
10005,38,"Albendazole 400mg, Tab",2021-02-01,0,268,218,50,0.0,0.0,29.0,189.0,84.33333333333333,0.0,84.33333333333333,29.0,0.0,1.0,1
10005,38,"Albendazole 400mg, Tab",2021-03-01,50,0,50,0,1.0,30.0,218.0,-168.0,126.66666666666669,268.0,89.33333333333333,0.0,50.0,0.0,1
10005,38,"Albendazole 400mg, Tab",2021-06-01,0,0,0,0,,,50.0,-50.0,99.0,0.0,89.33333333333333,50.0,0.0,1.0,0
10005,38,"Albendazole 400mg, Tab",2021-07-01,0,400,148,252,0.0,0.0,0.0,148.0,89.33333333333333,0.0,89.33333333333333,0.0,0.0,1.0,0
10005,38,"Albendazole 400mg, Tab",2021-08-01,252,0,140,112,1.8,54.0,148.0,-8.0,66.0,400.0,133.33333333333334,0.0,252.0,0.0,0
10005,38,"Albendazole 400mg, Tab",2021-09-01,112,0,100,12,1.12,33.6,140.0,-40.0,96.0,0.0,133.33333333333334,252.0,112.0,0.0,0
10005,38,"Albendazole 400mg, Tab",2021-10-01,12,621,319,314,0.0376175548589341,1.1285266457680252,100.0,219.0,129.33333333333334,0.0,133.33333333333334,112.0,12.0,0.0,0
10005,38,"Albendazole 400mg, Tab",2021-11-01,314,0,272,42,1.1544117647058822,34.632352941176464,319.0,-47.0,186.33333333333331,621.0,207.0,12.0,314.0,0.0,1
10005,38,"Albendazole 400mg, Tab",2022-02-01,42,0,42,0,1.0,30.0,272.0,-230.0,230.33333333333331,0.0,207.0,314.0,42.0,0.0,1
10005,38,"Albendazole 400mg, Tab",2022-03-01,0,0,0,0,,,42.0,-42.0,211.0,0.0,207.0,42.0,0.0,1.0,0
10005,38,"Albendazole 400mg, Tab",2022-05-01,0,424,246,178,0.0,0.0,0.0,246.0,104.66666666666669,0.0,0.0,0.0,0.0,1.0,0
10005,38,"Albendazole 400mg, Tab",2022-07-01,178,0,109,69,1.6330275229357798,48.99082568807339,246.0,-137.0,96.0,424.0,141.33333333333334,0.0,178.0,0.0,1
10005,38,"Albendazole 400mg, Tab",2022-08-01,69,0,69,0,1.0,30.0,109.0,-40.0,118.33333333333331,0.0,141.33333333333334,178.0,69.0,0.0,0
10005,38,"Albendazole 400mg, Tab",2022-09-01,0,597,53,544,0.0,0.0,69.0,-16.0,141.33333333333334,0.0,141.33333333333334,69.0,0.0,1.0,0
10005,38,"Albendazole 400mg, Tab",2022-10-01,544,0,153,391,3.555555555555556,106.66666666666666,53.0,100.0,77.0,597.0,199.0,0.0,544.0,0.0,0
10005,38,"Albendazole 400mg, Tab",2022-11-01,391,0,159,232,2.459119496855346,73.77358490566039,153.0,6.0,91.66666666666669,0.0,199.0,544.0,391.0,0.0,0
10005,38,"Albendazole 400mg, Tab",2022-12-01,232,0,166,66,1.3975903614457832,41.9277108433735,159.0,7.0,121.66666666666669,0.0,199.0,391.0,232.0,0.0,1
10005,38,"Albendazole 400mg, Tab",2023-01-01,66,0,66,0,1.0,30.0,166.0,-100.0,159.33333333333334,0.0,0.0,232.0,66.0,0.0,1
10005,38,"Albendazole 400mg, Tab",2023-02-01,0,0,0,0,,,66.0,-66.0,130.33333333333334,0.0,0.0,66.0,0.0,1.0,1
10005,38,"Albendazole 400mg, Tab",2023-03-01,0,0,0,0,,,0.0,0.0,77.33333333333333,0.0,0.0,0.0,0.0,1.0,1
10005,38,"Albendazole 400mg, Tab",2023-04-01,0,0,0,0,,,0.0,0.0,22.0,0.0,0.0,0.0,0.0,1.0,1
10005,38,"Albendazole 400mg, Tab",2023-05-01,0,0,0,0,,,0.0,0.0,0.0,0.0,0.0,0.0,0.0,1.0,1
10005,38,"Albendazole 400mg, Tab",2023-07-01,0,0,0,0,,,0.0,0.0,0.0,0.0,0.0,0.0,0.0,1.0,0
10005,38,"Albendazole 400mg, Tab",2023-08-01,0,359,325,34,0.0,0.0,0.0,325.0,0.0,0.0,0.0,0.0,0.0,1.0,1
10005,38,"Albendazole 400mg, Tab",2023-09-01,34,0,34,0,1.0,30.0,325.0,-291.0,108.33333333333331,359.0,119.66666666666669,0.0,34.0,0.0,1
10005,38,"Albendazole 400mg, Tab",2023-10-01,0,0,0,0,,,34.0,-34.0,119.66666666666669,0.0,119.66666666666669,34.0,0.0,1.0,1
10005,39,"Oral Rehydration Salts (ORS), Sachet",2019-10-01,276,0,276,0,1.0,30.0,,,,,,,,,1
10005,39,"Oral Rehydration Salts (ORS), Sachet",2019-11-01,0,0,0,0,,,276.0,-276.0,276.0,0.0,0.0,276.0,0.0,1.0,0
10005,39,"Oral Rehydration Salts (ORS), Sachet",2019-12-01,0,313,180,133,0.0,0.0,0.0,180.0,138.0,0.0,0.0,0.0,0.0,1.0,0
10005,39,"Oral Rehydration Salts (ORS), Sachet",2020-01-01,133,0,127,6,1.047244094488189,31.417322834645667,180.0,-53.0,152.0,313.0,104.33333333333331,0.0,133.0,0.0,1
10005,39,"Oral Rehydration Salts (ORS), Sachet",2020-02-01,6,0,6,0,1.0,30.0,127.0,-121.0,102.33333333333331,0.0,104.33333333333331,133.0,6.0,0.0,1
10005,39,"Oral Rehydration Salts (ORS), Sachet",2020-03-01,0,0,0,0,,,6.0,-6.0,104.33333333333331,0.0,104.33333333333331,6.0,0.0,1.0,0
10005,39,"Oral Rehydration Salts (ORS), Sachet",2020-04-01,0,788,150,638,0.0,0.0,0.0,150.0,44.333333333333336,0.0,0.0,0.0,0.0,1.0,0
10005,39,"Oral Rehydration Salts (ORS), Sachet",2020-06-01,638,0,121,517,5.2727272727272725,158.1818181818182,150.0,-29.0,52.0,788.0,262.6666666666667,0.0,638.0,0.0,0
10005,39,"Oral Rehydration Salts (ORS), Sachet",2020-07-01,517,0,141,376,3.6666666666666665,110.0,121.0,20.0,90.33333333333331,0.0,262.6666666666667,638.0,517.0,0.0,0
10005,39,"Oral Rehydration Salts (ORS), Sachet",2020-08-01,376,0,192,184,1.9583333333333333,58.75,141.0,51.0,137.33333333333334,0.0,262.6666666666667,517.0,376.0,0.0,0
10005,39,"Oral Rehydration Salts (ORS), Sachet",2020-11-01,184,566,283,467,0.6501766784452296,19.50530035335689,192.0,91.0,151.33333333333334,0.0,0.0,376.0,184.0,0.0,0
10005,39,"Oral Rehydration Salts (ORS), Sachet",2021-01-01,467,0,234,233,1.995726495726496,59.87179487179488,283.0,-49.0,205.33333333333331,566.0,188.66666666666663,184.0,467.0,0.0,0
10005,39,"Oral Rehydration Salts (ORS), Sachet",2021-03-01,233,0,157,76,1.484076433121019,44.52229299363057,234.0,-77.0,236.33333333333331,0.0,188.66666666666663,467.0,233.0,0.0,0
10005,39,"Oral Rehydration Salts (ORS), Sachet",2021-04-01,76,422,129,369,0.5891472868217055,17.674418604651166,157.0,-28.0,224.66666666666663,0.0,188.66666666666663,233.0,76.0,0.0,0
10005,39,"Oral Rehydration Salts (ORS), Sachet",2021-06-01,369,0,215,154,1.716279069767442,51.48837209302326,129.0,86.0,173.33333333333334,422.0,140.66666666666666,76.0,369.0,0.0,0
10005,39,"Oral Rehydration Salts (ORS), Sachet",2021-09-01,154,0,91,63,1.6923076923076923,50.76923076923077,215.0,-124.0,167.0,0.0,140.66666666666666,369.0,154.0,0.0,1
10005,39,"Oral Rehydration Salts (ORS), Sachet",2021-11-01,63,0,63,0,1.0,30.0,91.0,-28.0,145.0,0.0,140.66666666666666,154.0,63.0,0.0,1
10005,39,"Oral Rehydration Salts (ORS), Sachet",2021-12-01,0,0,0,0,,,63.0,-63.0,123.0,0.0,0.0,63.0,0.0,1.0,1
10005,39,"Oral Rehydration Salts (ORS), Sachet",2022-02-01,0,0,0,0,,,0.0,0.0,51.333333333333336,0.0,0.0,0.0,0.0,1.0,0
10005,39,"Oral Rehydration Salts (ORS), Sachet",2022-05-01,0,560,149,411,0.0,0.0,0.0,149.0,21.0,0.0,0.0,0.0,0.0,1.0,0
10005,39,"Oral Rehydration Salts (ORS), Sachet",2022-06-01,411,0,101,310,4.069306930693069,122.07920792079209,149.0,-48.0,49.66666666666666,560.0,186.66666666666663,0.0,411.0,0.0,0
10005,39,"Oral Rehydration Salts (ORS), Sachet",2022-08-01,310,0,93,217,3.333333333333333,100.0,101.0,-8.0,83.33333333333333,0.0,186.66666666666663,411.0,310.0,0.0,0
10005,39,"Oral Rehydration Salts (ORS), Sachet",2022-09-01,217,595,207,605,1.0483091787439611,31.44927536231884,93.0,114.0,114.33333333333331,0.0,186.66666666666663,310.0,217.0,0.0,0
10005,39,"Oral Rehydration Salts (ORS), Sachet",2022-10-01,605,0,261,344,2.318007662835249,69.54022988505747,207.0,54.0,133.66666666666666,595.0,198.33333333333331,217.0,605.0,0.0,0
10005,39,"Oral Rehydration Salts (ORS), Sachet",2022-11-01,344,0,106,238,3.2452830188679247,97.35849056603774,261.0,-155.0,187.0,0.0,198.33333333333331,605.0,344.0,0.0,0
10005,39,"Oral Rehydration Salts (ORS), Sachet",2022-12-01,238,0,216,22,1.101851851851852,33.05555555555556,106.0,110.0,191.33333333333331,0.0,198.33333333333331,344.0,238.0,0.0,0
10005,39,"Oral Rehydration Salts (ORS), Sachet",2023-03-01,22,714,167,569,0.1317365269461078,3.952095808383234,216.0,-49.0,194.33333333333331,0.0,0.0,238.0,22.0,0.0,0
10005,39,"Oral Rehydration Salts (ORS), Sachet",2023-04-01,569,0,67,502,8.492537313432836,254.77611940298507,167.0,-100.0,163.0,714.0,238.0,22.0,569.0,0.0,0
10005,39,"Oral Rehydration Salts (ORS), Sachet",2023-05-01,502,0,169,333,2.970414201183432,89.11242603550296,67.0,102.0,150.0,0.0,238.0,569.0,502.0,0.0,0
10005,39,"Oral Rehydration Salts (ORS), Sachet",2023-06-01,333,0,138,195,2.4130434782608696,72.3913043478261,169.0,-31.0,134.33333333333334,0.0,238.0,502.0,333.0,0.0,0
10005,39,"Oral Rehydration Salts (ORS), Sachet",2023-08-01,195,588,193,590,1.0103626943005182,30.310880829015545,138.0,55.0,124.66666666666669,0.0,0.0,333.0,195.0,0.0,0
10005,42,"Methyldopa 250mg, Tab",2019-10-01,154,0,33,121,4.666666666666667,140.0,,,,,,,,,1
10005,42,"Methyldopa 250mg, Tab",2019-11-01,121,0,121,0,1.0,30.0,33.0,88.0,33.0,0.0,0.0,154.0,121.0,0.0,0
10005,42,"Methyldopa 250mg, Tab",2019-12-01,0,138,90,48,0.0,0.0,121.0,-31.0,77.0,0.0,0.0,121.0,0.0,1.0,0
10005,42,"Methyldopa 250mg, Tab",2020-01-01,48,358,140,266,0.3428571428571428,10.285714285714286,90.0,50.0,81.33333333333333,138.0,46.0,0.0,48.0,0.0,0
10005,42,"Methyldopa 250mg, Tab",2020-02-01,266,0,43,223,6.186046511627907,185.5813953488372,140.0,-97.0,117.0,358.0,165.33333333333334,48.0,266.0,0.0,0
10005,42,"Methyldopa 250mg, Tab",2020-03-01,223,0,56,167,3.982142857142857,119.46428571428572,43.0,13.0,91.0,0.0,165.33333333333334,266.0,223.0,0.0,0
10005,42,"Methyldopa 250mg, Tab",2020-04-01,167,0,40,127,4.175,125.25,56.0,-16.0,79.66666666666667,0.0,119.33333333333331,223.0,167.0,0.0,0
10005,42,"Methyldopa 250mg, Tab",2020-05-01,127,0,122,5,1.040983606557377,31.22950819672131,40.0,82.0,46.333333333333336,0.0,0.0,167.0,127.0,0.0,0
10005,42,"Methyldopa 250mg, Tab",2020-06-01,5,166,152,19,0.0328947368421052,0.986842105263158,122.0,30.0,72.66666666666667,0.0,0.0,127.0,5.0,0.0,0
10005,42,"Methyldopa 250mg, Tab",2020-07-01,19,220,108,131,0.1759259259259259,5.277777777777778,152.0,-44.0,104.66666666666669,166.0,55.333333333333336,5.0,19.0,0.0,1
10005,42,"Methyldopa 250mg, Tab",2020-08-01,131,0,131,0,1.0,30.0,108.0,23.0,127.33333333333331,220.0,128.66666666666666,19.0,131.0,0.0,0
10005,42,"Methyldopa 250mg, Tab",2020-09-01,0,236,150,86,0.0,0.0,131.0,19.0,130.33333333333334,0.0,128.66666666666666,131.0,0.0,1.0,0
10005,42,"Methyldopa 250mg, Tab",2020-10-01,86,310,64,332,1.34375,40.3125,150.0,-86.0,129.66666666666666,236.0,152.0,0.0,86.0,0.0,0
10005,42,"Methyldopa 250mg, Tab",2020-11-01,332,0,61,271,5.442622950819672,163.27868852459017,64.0,-3.0,115.0,310.0,182.0,86.0,332.0,0.0,0
10005,42,"Methyldopa 250mg, Tab",2020-12-01,271,0,75,196,3.613333333333333,108.4,61.0,14.0,91.66666666666669,0.0,182.0,332.0,271.0,0.0,0
10005,42,"Methyldopa 250mg, Tab",2021-01-01,196,0,99,97,1.97979797979798,59.3939393939394,75.0,24.0,66.66666666666667,0.0,103.33333333333331,271.0,196.0,0.0,0
10005,42,"Methyldopa 250mg, Tab",2021-02-01,97,0,11,86,8.818181818181818,264.54545454545456,99.0,-88.0,78.33333333333333,0.0,0.0,196.0,97.0,0.0,0
10005,42,"Methyldopa 250mg, Tab",2021-03-01,86,284,91,279,0.945054945054945,28.35164835164835,11.0,80.0,61.66666666666666,0.0,0.0,97.0,86.0,0.0,0
10005,42,"Methyldopa 250mg, Tab",2021-04-01,279,0,124,155,2.25,67.5,91.0,33.0,67.0,284.0,94.66666666666669,86.0,279.0,0.0,0
10005,42,"Methyldopa 250mg, Tab",2021-05-01,155,0,104,51,1.4903846153846154,44.71153846153846,124.0,-20.0,75.33333333333333,0.0,94.66666666666669,279.0,155.0,0.0,1
10005,42,"Methyldopa 250mg, Tab",2021-06-01,51,0,51,0,1.0,30.0,104.0,-53.0,106.33333333333331,0.0,94.66666666666669,155.0,51.0,0.0,1
10005,42,"Methyldopa 250mg, Tab",2021-07-01,0,0,0,0,,,51.0,-51.0,93.0,0.0,0.0,51.0,0.0,1.0,0
10005,42,"Methyldopa 250mg, Tab",2021-08-01,0,292,113,179,0.0,0.0,0.0,113.0,51.66666666666666,0.0,0.0,0.0,0.0,1.0,0
10005,42,"Methyldopa 250mg, Tab",2021-09-01,179,0,112,67,1.5982142857142858,47.94642857142858,113.0,-1.0,54.66666666666666,292.0,97.33333333333331,0.0,179.0,0.0,0
10005,42,"Methyldopa 250mg, Tab",2021-10-01,67,379,48,398,1.3958333333333333,41.875,112.0,-64.0,75.0,0.0,97.33333333333331,179.0,67.0,0.0,0
10005,42,"Methyldopa 250mg, Tab",2021-12-01,398,0,126,272,3.1587301587301586,94.76190476190476,48.0,78.0,91.0,379.0,223.66666666666663,67.0,398.0,0.0,0
10005,42,"Methyldopa 250mg, Tab",2022-01-01,272,0,82,190,3.317073170731707,99.5121951219512,126.0,-44.0,95.33333333333331,0.0,126.33333333333331,398.0,272.0,0.0,0
10005,42,"Methyldopa 250mg, Tab",2022-02-01,190,0,97,93,1.958762886597938,58.76288659793814,82.0,15.0,85.33333333333333,0.0,126.33333333333331,272.0,190.0,0.0,0
10005,42,"Methyldopa 250mg, Tab",2022-03-01,93,0,39,54,2.3846153846153846,71.53846153846153,97.0,-58.0,101.66666666666669,0.0,0.0,190.0,93.0,0.0,0
10005,42,"Methyldopa 250mg, Tab",2022-04-01,54,401,77,378,0.7012987012987013,21.03896103896104,39.0,38.0,72.66666666666667,0.0,0.0,93.0,54.0,0.0,0
10005,42,"Methyldopa 250mg, Tab",2022-06-01,378,0,103,275,3.66990291262136,110.09708737864078,77.0,26.0,71.0,401.0,133.66666666666666,54.0,378.0,0.0,0
10005,42,"Methyldopa 250mg, Tab",2022-07-01,275,0,117,158,2.3504273504273505,70.51282051282051,103.0,14.0,73.0,0.0,133.66666666666666,378.0,275.0,0.0,0
10005,42,"Methyldopa 250mg, Tab",2022-08-01,158,0,90,68,1.7555555555555555,52.66666666666666,117.0,-27.0,99.0,0.0,133.66666666666666,275.0,158.0,0.0,1
10005,42,"Methyldopa 250mg, Tab",2022-10-01,68,0,68,0,1.0,30.0,90.0,-22.0,103.33333333333331,0.0,0.0,158.0,68.0,0.0,1
10005,42,"Methyldopa 250mg, Tab",2022-11-01,0,0,0,0,,,68.0,-68.0,91.66666666666669,0.0,0.0,68.0,0.0,1.0,1
10005,42,"Methyldopa 250mg, Tab",2022-12-01,0,0,0,0,,,0.0,0.0,52.66666666666666,0.0,0.0,0.0,0.0,1.0,0
10005,42,"Methyldopa 250mg, Tab",2023-02-01,0,147,71,76,0.0,0.0,0.0,71.0,22.666666666666668,0.0,0.0,0.0,0.0,1.0,0
10005,42,"Methyldopa 250mg, Tab",2023-03-01,76,240,84,232,0.9047619047619048,27.142857142857142,71.0,13.0,23.666666666666668,147.0,49.0,0.0,76.0,0.0,0
10005,42,"Methyldopa 250mg, Tab",2023-04-01,232,0,72,160,3.2222222222222223,96.66666666666669,84.0,-12.0,51.66666666666666,240.0,129.0,76.0,232.0,0.0,0
10005,42,"Methyldopa 250mg, Tab",2023-05-01,160,0,58,102,2.7586206896551726,82.75862068965517,72.0,-14.0,75.66666666666667,0.0,129.0,232.0,160.0,0.0,1
10005,42,"Methyldopa 250mg, Tab",2023-06-01,102,0,102,0,1.0,30.0,58.0,44.0,71.33333333333333,0.0,80.0,160.0,102.0,0.0,0
10005,42,"Methyldopa 250mg, Tab",2023-08-01,0,137,112,25,0.0,0.0,102.0,10.0,77.33333333333333,0.0,0.0,102.0,0.0,1.0,1
10005,42,"Methyldopa 250mg, Tab",2023-09-01,25,0,25,0,1.0,30.0,112.0,-87.0,90.66666666666669,137.0,45.66666666666666,0.0,25.0,0.0,0
10005,42,"Methyldopa 250mg, Tab",2023-10-01,0,207,117,90,0.0,0.0,25.0,92.0,79.66666666666667,0.0,45.66666666666666,25.0,0.0,1.0,0
10005,43,"Zinc Sulphate 20mg, Dispersible, Tab",2019-10-01,126,0,126,0,1.0,30.0,,,,,,,,,1
10005,43,"Zinc Sulphate 20mg, Dispersible, Tab",2019-11-01,0,0,0,0,,,126.0,-126.0,126.0,0.0,0.0,126.0,0.0,1.0,0
10005,43,"Zinc Sulphate 20mg, Dispersible, Tab",2019-12-01,0,719,77,642,0.0,0.0,0.0,77.0,63.0,0.0,0.0,0.0,0.0,1.0,0
10005,43,"Zinc Sulphate 20mg, Dispersible, Tab",2020-01-01,642,0,175,467,3.6685714285714286,110.05714285714286,77.0,98.0,67.66666666666667,719.0,239.66666666666663,0.0,642.0,0.0,0
10005,43,"Zinc Sulphate 20mg, Dispersible, Tab",2020-02-01,467,0,202,265,2.311881188118812,69.35643564356435,175.0,27.0,84.0,0.0,239.66666666666663,642.0,467.0,0.0,0
10005,43,"Zinc Sulphate 20mg, Dispersible, Tab",2020-03-01,265,0,164,101,1.6158536585365857,48.47560975609756,202.0,-38.0,151.33333333333334,0.0,239.66666666666663,467.0,265.0,0.0,0
10005,43,"Zinc Sulphate 20mg, Dispersible, Tab",2020-04-01,101,301,265,137,0.3811320754716981,11.433962264150944,164.0,101.0,180.33333333333331,0.0,0.0,265.0,101.0,0.0,0
10005,43,"Zinc Sulphate 20mg, Dispersible, Tab",2020-05-01,137,0,124,13,1.1048387096774193,33.14516129032258,265.0,-141.0,210.33333333333331,301.0,100.33333333333331,101.0,137.0,0.0,1
10005,43,"Zinc Sulphate 20mg, Dispersible, Tab",2020-07-01,13,0,13,0,1.0,30.0,124.0,-111.0,184.33333333333331,0.0,100.33333333333331,137.0,13.0,0.0,0
10005,43,"Zinc Sulphate 20mg, Dispersible, Tab",2020-08-01,0,380,192,188,0.0,0.0,13.0,179.0,134.0,0.0,100.33333333333331,13.0,0.0,1.0,0
10005,43,"Zinc Sulphate 20mg, Dispersible, Tab",2020-09-01,188,0,127,61,1.4803149606299213,44.40944881889764,192.0,-65.0,109.66666666666669,380.0,126.66666666666669,0.0,188.0,0.0,1
10005,43,"Zinc Sulphate 20mg, Dispersible, Tab",2020-10-01,61,0,61,0,1.0,30.0,127.0,-66.0,110.66666666666669,0.0,126.66666666666669,188.0,61.0,0.0,0
10005,43,"Zinc Sulphate 20mg, Dispersible, Tab",2020-11-01,0,323,116,207,0.0,0.0,61.0,55.0,126.66666666666669,0.0,126.66666666666669,61.0,0.0,1.0,0
10005,43,"Zinc Sulphate 20mg, Dispersible, Tab",2020-12-01,207,0,121,86,1.7107438016528926,51.32231404958678,116.0,5.0,101.33333333333331,323.0,107.66666666666669,0.0,207.0,0.0,1
10005,43,"Zinc Sulphate 20mg, Dispersible, Tab",2021-02-01,86,0,86,0,1.0,30.0,121.0,-35.0,99.33333333333331,0.0,107.66666666666669,207.0,86.0,0.0,0
10005,43,"Zinc Sulphate 20mg, Dispersible, Tab",2021-03-01,0,310,231,79,0.0,0.0,86.0,145.0,107.66666666666669,0.0,107.66666666666669,86.0,0.0,1.0,1
10005,43,"Zinc Sulphate 20mg, Dispersible, Tab",2021-04-01,79,0,79,0,1.0,30.0,231.0,-152.0,146.0,310.0,103.33333333333331,0.0,79.0,0.0,1
10005,43,"Zinc Sulphate 20mg, Dispersible, Tab",2021-05-01,0,0,0,0,,,79.0,-79.0,132.0,0.0,103.33333333333331,79.0,0.0,1.0,1
10005,43,"Zinc Sulphate 20mg, Dispersible, Tab",2021-06-01,0,0,0,0,,,0.0,0.0,103.33333333333331,0.0,103.33333333333331,0.0,0.0,1.0,1
10005,43,"Zinc Sulphate 20mg, Dispersible, Tab",2021-07-01,0,0,0,0,,,0.0,0.0,26.33333333333333,0.0,0.0,0.0,0.0,1.0,0
10005,43,"Zinc Sulphate 20mg, Dispersible, Tab",2021-08-01,0,352,156,196,0.0,0.0,0.0,156.0,0.0,0.0,0.0,0.0,0.0,1.0,0
10005,43,"Zinc Sulphate 20mg, Dispersible, Tab",2021-09-01,196,0,128,68,1.53125,45.9375,156.0,-28.0,52.0,352.0,117.33333333333331,0.0,196.0,0.0,0
10005,43,"Zinc Sulphate 20mg, Dispersible, Tab",2021-10-01,68,0,63,5,1.0793650793650793,32.38095238095238,128.0,-65.0,94.66666666666669,0.0,117.33333333333331,196.0,68.0,0.0,0
10005,43,"Zinc Sulphate 20mg, Dispersible, Tab",2021-11-01,5,404,131,278,0.0381679389312977,1.1450381679389314,63.0,68.0,115.66666666666669,0.0,117.33333333333331,68.0,5.0,0.0,0
10005,43,"Zinc Sulphate 20mg, Dispersible, Tab",2022-01-01,278,0,194,84,1.4329896907216495,42.98969072164949,131.0,63.0,107.33333333333331,404.0,134.66666666666666,5.0,278.0,0.0,1
10005,43,"Zinc Sulphate 20mg, Dispersible, Tab",2022-02-01,84,0,84,0,1.0,30.0,194.0,-110.0,129.33333333333334,0.0,134.66666666666666,278.0,84.0,0.0,0
10005,43,"Zinc Sulphate 20mg, Dispersible, Tab",2022-03-01,0,750,105,645,0.0,0.0,84.0,21.0,136.33333333333334,0.0,134.66666666666666,84.0,0.0,1.0,0
10005,43,"Zinc Sulphate 20mg, Dispersible, Tab",2022-04-01,645,0,96,549,6.71875,201.5625,105.0,-9.0,127.66666666666669,750.0,250.0,0.0,645.0,0.0,0
10005,43,"Zinc Sulphate 20mg, Dispersible, Tab",2022-05-01,549,0,133,416,4.12781954887218,123.8345864661654,96.0,37.0,95.0,0.0,250.0,645.0,549.0,0.0,0
10005,43,"Zinc Sulphate 20mg, Dispersible, Tab",2022-06-01,416,0,85,331,4.894117647058824,146.82352941176472,133.0,-48.0,111.33333333333331,0.0,250.0,549.0,416.0,0.0,0
10005,43,"Zinc Sulphate 20mg, Dispersible, Tab",2022-07-01,331,0,177,154,1.8700564971751408,56.10169491525424,85.0,92.0,104.66666666666669,0.0,0.0,416.0,331.0,0.0,1
10005,43,"Zinc Sulphate 20mg, Dispersible, Tab",2022-08-01,154,0,154,0,1.0,30.0,177.0,-23.0,131.66666666666666,0.0,0.0,331.0,154.0,0.0,0
10005,43,"Zinc Sulphate 20mg, Dispersible, Tab",2022-09-01,0,338,136,202,0.0,0.0,154.0,-18.0,138.66666666666666,0.0,0.0,154.0,0.0,1.0,0
10005,43,"Zinc Sulphate 20mg, Dispersible, Tab",2022-10-01,202,0,9,193,22.444444444444443,673.3333333333333,136.0,-127.0,155.66666666666666,338.0,112.66666666666669,0.0,202.0,0.0,0
10005,43,"Zinc Sulphate 20mg, Dispersible, Tab",2022-11-01,193,0,183,10,1.0546448087431697,31.639344262295083,9.0,174.0,99.66666666666669,0.0,112.66666666666669,202.0,193.0,0.0,1
10005,43,"Zinc Sulphate 20mg, Dispersible, Tab",2023-01-01,10,0,10,0,1.0,30.0,183.0,-173.0,109.33333333333331,0.0,112.66666666666669,193.0,10.0,0.0,1
10005,43,"Zinc Sulphate 20mg, Dispersible, Tab",2023-02-01,0,0,0,0,,,10.0,-10.0,67.33333333333333,0.0,0.0,10.0,0.0,1.0,0
10005,43,"Zinc Sulphate 20mg, Dispersible, Tab",2023-03-01,0,280,160,120,0.0,0.0,0.0,160.0,64.33333333333333,0.0,0.0,0.0,0.0,1.0,1
10005,43,"Zinc Sulphate 20mg, Dispersible, Tab",2023-04-01,120,0,120,0,1.0,30.0,160.0,-40.0,56.66666666666666,280.0,93.33333333333331,0.0,120.0,0.0,1
10005,43,"Zinc Sulphate 20mg, Dispersible, Tab",2023-06-01,0,0,0,0,,,120.0,-120.0,93.33333333333331,0.0,93.33333333333331,120.0,0.0,1.0,0
10005,43,"Zinc Sulphate 20mg, Dispersible, Tab",2023-07-01,0,585,128,457,0.0,0.0,0.0,128.0,93.33333333333331,0.0,93.33333333333331,0.0,0.0,1.0,0
10005,43,"Zinc Sulphate 20mg, Dispersible, Tab",2023-08-01,457,0,192,265,2.380208333333333,71.40625,128.0,64.0,82.66666666666667,585.0,195.0,0.0,457.0,0.0,0
10005,43,"Zinc Sulphate 20mg, Dispersible, Tab",2023-09-01,265,0,183,82,1.4480874316939891,43.44262295081968,192.0,-9.0,106.66666666666669,0.0,195.0,457.0,265.0,0.0,1
10005,43,"Zinc Sulphate 20mg, Dispersible, Tab",2023-10-01,82,0,82,0,1.0,30.0,183.0,-101.0,167.66666666666666,0.0,195.0,265.0,82.0,0.0,1
10005,46,"Paracetamol (Acetaminophen) 250mg, Dispersible, Tab",2019-11-01,1009,0,923,86,1.0931744312026002,32.79523293607801,,,,,,,,,1
10005,46,"Paracetamol (Acetaminophen) 250mg, Dispersible, Tab",2019-12-01,86,0,86,0,1.0,30.0,923.0,-837.0,923.0,0.0,0.0,1009.0,86.0,0.0,0
10005,46,"Paracetamol (Acetaminophen) 250mg, Dispersible, Tab",2020-01-01,0,2675,237,2438,0.0,0.0,86.0,151.0,504.5,0.0,0.0,86.0,0.0,1.0,0
10005,46,"Paracetamol (Acetaminophen) 250mg, Dispersible, Tab",2020-03-01,2438,0,897,1541,2.717948717948718,81.53846153846155,237.0,660.0,415.3333333333333,2675.0,891.6666666666666,0.0,2438.0,0.0,0
10005,46,"Paracetamol (Acetaminophen) 250mg, Dispersible, Tab",2020-04-01,1541,0,416,1125,3.704326923076923,111.1298076923077,897.0,-481.0,406.6666666666667,0.0,891.6666666666666,2438.0,1541.0,0.0,0
10005,46,"Paracetamol (Acetaminophen) 250mg, Dispersible, Tab",2020-05-01,1125,0,729,396,1.5432098765432098,46.2962962962963,416.0,313.0,516.6666666666666,0.0,891.6666666666666,1541.0,1125.0,0.0,0
10005,46,"Paracetamol (Acetaminophen) 250mg, Dispersible, Tab",2020-06-01,396,2956,700,2652,0.5657142857142857,16.97142857142857,729.0,-29.0,680.6666666666666,0.0,0.0,1125.0,396.0,0.0,0
10005,46,"Paracetamol (Acetaminophen) 250mg, Dispersible, Tab",2020-07-01,2652,0,649,2003,4.086286594761171,122.58859784283514,700.0,-51.0,615.0,2956.0,985.3333333333334,396.0,2652.0,0.0,0
10005,46,"Paracetamol (Acetaminophen) 250mg, Dispersible, Tab",2020-09-01,2003,0,491,1512,4.079429735234216,122.38289205702648,649.0,-158.0,692.6666666666666,0.0,985.3333333333334,2652.0,2003.0,0.0,0
10005,46,"Paracetamol (Acetaminophen) 250mg, Dispersible, Tab",2020-10-01,1512,0,620,892,2.438709677419354,73.16129032258064,491.0,129.0,613.3333333333334,0.0,985.3333333333334,2003.0,1512.0,0.0,0
10005,46,"Paracetamol (Acetaminophen) 250mg, Dispersible, Tab",2020-11-01,892,0,713,179,1.2510518934081347,37.53155680224404,620.0,93.0,586.6666666666666,0.0,0.0,1512.0,892.0,0.0,1
10005,46,"Paracetamol (Acetaminophen) 250mg, Dispersible, Tab",2021-03-01,179,0,179,0,1.0,30.0,713.0,-534.0,608.0,0.0,0.0,892.0,179.0,0.0,1
10005,46,"Paracetamol (Acetaminophen) 250mg, Dispersible, Tab",2021-04-01,0,0,0,0,,,179.0,-179.0,504.0,0.0,0.0,179.0,0.0,1.0,1
10005,46,"Paracetamol (Acetaminophen) 250mg, Dispersible, Tab",2021-05-01,0,0,0,0,,,0.0,0.0,297.3333333333333,0.0,0.0,0.0,0.0,1.0,0
10005,46,"Paracetamol (Acetaminophen) 250mg, Dispersible, Tab",2021-06-01,0,2574,394,2180,0.0,0.0,0.0,394.0,59.66666666666666,0.0,0.0,0.0,0.0,1.0,0
10005,46,"Paracetamol (Acetaminophen) 250mg, Dispersible, Tab",2021-10-01,2180,0,982,1198,2.219959266802444,66.59877800407332,394.0,588.0,131.33333333333334,2574.0,858.0,0.0,2180.0,0.0,0
10005,46,"Paracetamol (Acetaminophen) 250mg, Dispersible, Tab",2021-11-01,1198,0,517,681,2.317214700193424,69.5164410058027,982.0,-465.0,458.6666666666667,0.0,858.0,2180.0,1198.0,0.0,1
10005,46,"Paracetamol (Acetaminophen) 250mg, Dispersible, Tab",2022-02-01,681,0,681,0,1.0,30.0,517.0,164.0,631.0,0.0,858.0,1198.0,681.0,0.0,0
10005,46,"Paracetamol (Acetaminophen) 250mg, Dispersible, Tab",2022-03-01,0,1725,592,1133,0.0,0.0,681.0,-89.0,726.6666666666666,0.0,0.0,681.0,0.0,1.0,0
10005,46,"Paracetamol (Acetaminophen) 250mg, Dispersible, Tab",2022-04-01,1133,0,509,624,2.225933202357564,66.77799607072691,592.0,-83.0,596.6666666666666,1725.0,575.0,0.0,1133.0,0.0,0
10005,46,"Paracetamol (Acetaminophen) 250mg, Dispersible, Tab",2022-05-01,624,0,320,304,1.95,58.5,509.0,-189.0,594.0,0.0,575.0,1133.0,624.0,0.0,0
10005,46,"Paracetamol (Acetaminophen) 250mg, Dispersible, Tab",2022-07-01,304,1140,772,672,0.3937823834196891,11.813471502590676,320.0,452.0,473.6666666666667,0.0,575.0,624.0,304.0,0.0,1
10005,46,"Paracetamol (Acetaminophen) 250mg, Dispersible, Tab",2022-08-01,672,0,672,0,1.0,30.0,772.0,-100.0,533.6666666666666,1140.0,380.0,304.0,672.0,0.0,0
10005,46,"Paracetamol (Acetaminophen) 250mg, Dispersible, Tab",2022-09-01,0,2766,978,1788,0.0,0.0,672.0,306.0,588.0,0.0,380.0,672.0,0.0,1.0,0
10005,46,"Paracetamol (Acetaminophen) 250mg, Dispersible, Tab",2022-10-01,1788,0,682,1106,2.621700879765396,78.65102639296187,978.0,-296.0,807.3333333333334,2766.0,1302.0,0.0,1788.0,0.0,0
10005,46,"Paracetamol (Acetaminophen) 250mg, Dispersible, Tab",2022-12-01,1106,0,540,566,2.0481481481481483,61.44444444444445,682.0,-142.0,777.3333333333334,0.0,922.0,1788.0,1106.0,0.0,0
10005,46,"Paracetamol (Acetaminophen) 250mg, Dispersible, Tab",2023-02-01,566,1068,489,1145,1.1574642126789365,34.7239263803681,540.0,-51.0,733.3333333333334,0.0,922.0,1106.0,566.0,0.0,0
10005,46,"Paracetamol (Acetaminophen) 250mg, Dispersible, Tab",2023-03-01,1145,0,621,524,1.843800322061192,55.31400966183575,489.0,132.0,570.3333333333334,1068.0,356.0,566.0,1145.0,0.0,1
10005,46,"Paracetamol (Acetaminophen) 250mg, Dispersible, Tab",2023-06-01,524,0,524,0,1.0,30.0,621.0,-97.0,550.0,0.0,356.0,1145.0,524.0,0.0,1
10005,46,"Paracetamol (Acetaminophen) 250mg, Dispersible, Tab",2023-08-01,0,0,0,0,,,524.0,-524.0,544.6666666666666,0.0,356.0,524.0,0.0,1.0,1
10005,47,"Chlorhexidine Gluconate 7.1%, Gel",2019-10-01,3,0,3,0,1.0,30.0,,,,,,,,,1
10005,47,"Chlorhexidine Gluconate 7.1%, Gel",2019-11-01,0,0,0,0,,,3.0,-3.0,3.0,0.0,0.0,3.0,0.0,1.0,0
10005,47,"Chlorhexidine Gluconate 7.1%, Gel",2020-02-01,0,11,5,6,0.0,0.0,0.0,5.0,1.5,0.0,0.0,0.0,0.0,1.0,0
10005,47,"Chlorhexidine Gluconate 7.1%, Gel",2020-03-01,6,0,1,5,6.0,180.0,5.0,-4.0,2.6666666666666665,11.0,3.6666666666666665,0.0,6.0,0.0,1
10005,47,"Chlorhexidine Gluconate 7.1%, Gel",2020-05-01,5,0,5,0,1.0,30.0,1.0,4.0,2.0,0.0,3.6666666666666665,6.0,5.0,0.0,0
10005,47,"Chlorhexidine Gluconate 7.1%, Gel",2020-06-01,0,17,4,13,0.0,0.0,5.0,-1.0,3.6666666666666665,0.0,3.6666666666666665,5.0,0.0,1.0,0
10005,47,"Chlorhexidine Gluconate 7.1%, Gel",2020-07-01,13,0,4,9,3.25,97.5,4.0,0.0,3.333333333333333,17.0,5.666666666666667,0.0,13.0,0.0,0
10005,47,"Chlorhexidine Gluconate 7.1%, Gel",2020-08-01,9,0,7,2,1.2857142857142858,38.57142857142858,4.0,3.0,4.333333333333333,0.0,5.666666666666667,13.0,9.0,0.0,0
10005,47,"Chlorhexidine Gluconate 7.1%, Gel",2020-09-01,2,19,2,19,1.0,30.0,7.0,-5.0,5.0,0.0,5.666666666666667,9.0,2.0,0.0,0
10005,47,"Chlorhexidine Gluconate 7.1%, Gel",2020-12-01,19,0,4,15,4.75,142.5,2.0,2.0,4.333333333333333,19.0,6.333333333333333,2.0,19.0,0.0,0
10005,47,"Chlorhexidine Gluconate 7.1%, Gel",2021-01-01,15,0,2,13,7.5,225.0,4.0,-2.0,4.333333333333333,0.0,6.333333333333333,19.0,15.0,0.0,0
10005,47,"Chlorhexidine Gluconate 7.1%, Gel",2021-02-01,13,0,6,7,2.1666666666666665,65.0,2.0,4.0,2.6666666666666665,0.0,6.333333333333333,15.0,13.0,0.0,0
10005,47,"Chlorhexidine Gluconate 7.1%, Gel",2021-05-01,7,0,2,5,3.5,105.0,6.0,-4.0,4.0,0.0,0.0,13.0,7.0,0.0,1
10005,47,"Chlorhexidine Gluconate 7.1%, Gel",2021-09-01,5,0,5,0,1.0,30.0,2.0,3.0,3.333333333333333,0.0,0.0,7.0,5.0,0.0,0
10005,47,"Chlorhexidine Gluconate 7.1%, Gel",2021-12-01,0,18,3,15,0.0,0.0,5.0,-2.0,4.333333333333333,0.0,0.0,5.0,0.0,1.0,0
10005,47,"Chlorhexidine Gluconate 7.1%, Gel",2022-01-01,15,0,7,8,2.142857142857143,64.28571428571428,3.0,4.0,3.333333333333333,18.0,6.0,0.0,15.0,0.0,0
10005,47,"Chlorhexidine Gluconate 7.1%, Gel",2022-04-01,8,0,0,8,,,7.0,-7.0,5.0,0.0,6.0,15.0,8.0,0.0,0
10005,47,"Chlorhexidine Gluconate 7.1%, Gel",2022-05-01,8,0,4,4,2.0,60.0,0.0,4.0,3.333333333333333,0.0,6.0,8.0,8.0,0.0,1
10005,47,"Chlorhexidine Gluconate 7.1%, Gel",2022-06-01,4,0,4,0,1.0,30.0,4.0,0.0,3.6666666666666665,0.0,0.0,8.0,4.0,0.0,0
10005,47,"Chlorhexidine Gluconate 7.1%, Gel",2022-08-01,0,16,1,15,0.0,0.0,4.0,-3.0,2.6666666666666665,0.0,0.0,4.0,0.0,1.0,0
10005,47,"Chlorhexidine Gluconate 7.1%, Gel",2022-10-01,15,0,6,9,2.5,75.0,1.0,5.0,3.0,16.0,5.333333333333333,0.0,15.0,0.0,0
10005,47,"Chlorhexidine Gluconate 7.1%, Gel",2022-11-01,9,0,0,9,,,6.0,-6.0,3.6666666666666665,0.0,5.333333333333333,15.0,9.0,0.0,0
10005,47,"Chlorhexidine Gluconate 7.1%, Gel",2023-01-01,9,0,0,9,,,0.0,0.0,2.333333333333333,0.0,5.333333333333333,9.0,9.0,0.0,0
10005,47,"Chlorhexidine Gluconate 7.1%, Gel",2023-02-01,9,0,4,5,2.25,67.5,0.0,4.0,2.0,0.0,0.0,9.0,9.0,0.0,0
10005,47,"Chlorhexidine Gluconate 7.1%, Gel",2023-03-01,5,0,3,2,1.6666666666666667,50.0,4.0,-1.0,1.3333333333333333,0.0,0.0,9.0,5.0,0.0,0
10005,47,"Chlorhexidine Gluconate 7.1%, Gel",2023-04-01,2,10,4,8,0.5,15.0,3.0,1.0,2.333333333333333,0.0,0.0,5.0,2.0,0.0,0
10005,47,"Chlorhexidine Gluconate 7.1%, Gel",2023-05-01,8,0,4,4,2.0,60.0,4.0,0.0,3.6666666666666665,10.0,3.333333333333333,2.0,8.0,0.0,0
10005,47,"Chlorhexidine Gluconate 7.1%, Gel",2023-06-01,4,0,3,1,1.3333333333333333,40.0,4.0,-1.0,3.6666666666666665,0.0,3.333333333333333,8.0,4.0,0.0,1
10005,47,"Chlorhexidine Gluconate 7.1%, Gel",2023-07-01,1,0,1,0,1.0,30.0,3.0,-2.0,3.6666666666666665,0.0,3.333333333333333,4.0,1.0,0.0,0
10005,47,"Chlorhexidine Gluconate 7.1%, Gel",2023-09-01,0,20,2,18,0.0,0.0,1.0,1.0,2.6666666666666665,0.0,0.0,1.0,0.0,1.0,0
10005,47,"Chlorhexidine Gluconate 7.1%, Gel",2023-10-01,18,0,2,16,9.0,270.0,2.0,0.0,2.0,20.0,6.666666666666667,0.0,18.0,0.0,0
10005,50,"Paracetamol (Acetaminophen) 500mg, Tab",2019-10-01,2973,0,2631,342,1.129988597491448,33.899657924743444,,,,,,,,,1
10005,50,"Paracetamol (Acetaminophen) 500mg, Tab",2019-12-01,342,0,342,0,1.0,30.0,2631.0,-2289.0,2631.0,0.0,0.0,2973.0,342.0,0.0,0
10005,50,"Paracetamol (Acetaminophen) 500mg, Tab",2020-01-01,0,6137,3378,2759,0.0,0.0,342.0,3036.0,1486.5,0.0,0.0,342.0,0.0,1.0,1
10005,50,"Paracetamol (Acetaminophen) 500mg, Tab",2020-06-01,2759,0,2759,0,1.0,30.0,3378.0,-619.0,2117.0,6137.0,2045.6666666666667,0.0,2759.0,0.0,1
10005,50,"Paracetamol (Acetaminophen) 500mg, Tab",2020-08-01,0,0,0,0,,,2759.0,-2759.0,2159.6666666666665,0.0,2045.6666666666667,2759.0,0.0,1.0,0
10005,50,"Paracetamol (Acetaminophen) 500mg, Tab",2020-09-01,0,7051,3355,3696,0.0,0.0,0.0,3355.0,2045.6666666666667,0.0,2045.6666666666667,0.0,0.0,1.0,0
10005,50,"Paracetamol (Acetaminophen) 500mg, Tab",2020-10-01,3696,0,1987,1709,1.860090588827378,55.80271766482134,3355.0,-1368.0,2038.0,7051.0,2350.333333333333,0.0,3696.0,0.0,1
10005,50,"Paracetamol (Acetaminophen) 500mg, Tab",2020-11-01,1709,0,1709,0,1.0,30.0,1987.0,-278.0,1780.6666666666667,0.0,2350.333333333333,3696.0,1709.0,0.0,0
10005,50,"Paracetamol (Acetaminophen) 500mg, Tab",2020-12-01,0,11134,1818,9316,0.0,0.0,1709.0,109.0,2350.333333333333,0.0,2350.333333333333,1709.0,0.0,1.0,0
10005,50,"Paracetamol (Acetaminophen) 500mg, Tab",2021-01-01,9316,0,1453,7863,6.411562284927736,192.3468685478321,1818.0,-365.0,1838.0,11134.0,3711.3333333333335,0.0,9316.0,0.0,0
10005,50,"Paracetamol (Acetaminophen) 500mg, Tab",2021-02-01,7863,0,2667,5196,2.9482564679415075,88.44769403824523,1453.0,1214.0,1660.0,0.0,3711.3333333333335,9316.0,7863.0,0.0,0
10005,50,"Paracetamol (Acetaminophen) 500mg, Tab",2021-03-01,5196,0,2409,2787,2.156911581569116,64.70734744707347,2667.0,-258.0,1979.3333333333333,0.0,3711.3333333333335,7863.0,5196.0,0.0,0
10005,50,"Paracetamol (Acetaminophen) 500mg, Tab",2021-04-01,2787,7886,2374,8299,1.1739679865206405,35.21903959561921,2409.0,-35.0,2176.333333333333,0.0,0.0,5196.0,2787.0,0.0,0
10005,50,"Paracetamol (Acetaminophen) 500mg, Tab",2021-05-01,8299,0,2861,5438,2.9007340090877314,87.02202027263195,2374.0,487.0,2483.333333333333,7886.0,2628.6666666666665,2787.0,8299.0,0.0,0
10005,50,"Paracetamol (Acetaminophen) 500mg, Tab",2021-06-01,5438,0,2947,2491,1.845266372582287,55.35799117746861,2861.0,86.0,2548.0,0.0,2628.6666666666665,8299.0,5438.0,0.0,0
10005,50,"Paracetamol (Acetaminophen) 500mg, Tab",2021-07-01,2491,4191,3844,2838,0.6480228928199792,19.44068678459937,2947.0,897.0,2727.333333333333,0.0,2628.6666666666665,5438.0,2491.0,0.0,1
10005,50,"Paracetamol (Acetaminophen) 500mg, Tab",2021-08-01,2838,0,2838,0,1.0,30.0,3844.0,-1006.0,3217.333333333333,4191.0,1397.0,2491.0,2838.0,0.0,1
10005,50,"Paracetamol (Acetaminophen) 500mg, Tab",2021-10-01,0,0,0,0,,,2838.0,-2838.0,3209.6666666666665,0.0,1397.0,2838.0,0.0,1.0,1
10005,50,"Paracetamol (Acetaminophen) 500mg, Tab",2021-12-01,0,0,0,0,,,0.0,0.0,2227.333333333333,0.0,1397.0,0.0,0.0,1.0,0
10005,50,"Paracetamol (Acetaminophen) 500mg, Tab",2022-01-01,0,9097,1375,7722,0.0,0.0,0.0,1375.0,946.0,0.0,0.0,0.0,0.0,1.0,0
10005,50,"Paracetamol (Acetaminophen) 500mg, Tab",2022-02-01,7722,0,2171,5551,3.55688622754491,106.7065868263473,1375.0,796.0,458.3333333333333,9097.0,3032.333333333333,0.0,7722.0,0.0,0
10005,50,"Paracetamol (Acetaminophen) 500mg, Tab",2022-03-01,5551,0,1294,4257,4.289799072642968,128.69397217928903,2171.0,-877.0,1182.0,0.0,3032.333333333333,7722.0,5551.0,0.0,0
10005,50,"Paracetamol (Acetaminophen) 500mg, Tab",2022-04-01,4257,0,2791,1466,1.525259763525618,45.75779290576854,1294.0,1497.0,1613.3333333333333,0.0,3032.333333333333,5551.0,4257.0,0.0,0
10005,50,"Paracetamol (Acetaminophen) 500mg, Tab",2022-05-01,1466,4603,3197,2872,0.4585548952142633,13.7566468564279,2791.0,406.0,2085.333333333333,0.0,0.0,4257.0,1466.0,0.0,0
10005,50,"Paracetamol (Acetaminophen) 500mg, Tab",2022-06-01,2872,0,2645,227,1.085822306238185,32.57466918714556,3197.0,-552.0,2427.333333333333,4603.0,1534.3333333333333,1466.0,2872.0,0.0,1
10005,50,"Paracetamol (Acetaminophen) 500mg, Tab",2022-07-01,227,0,227,0,1.0,30.0,2645.0,-2418.0,2877.6666666666665,0.0,1534.3333333333333,2872.0,227.0,0.0,1
10005,50,"Paracetamol (Acetaminophen) 500mg, Tab",2022-10-01,0,0,0,0,,,227.0,-227.0,2023.0,0.0,1534.3333333333333,227.0,0.0,1.0,1
10005,50,"Paracetamol (Acetaminophen) 500mg, Tab",2022-11-01,0,0,0,0,,,0.0,0.0,957.3333333333334,0.0,0.0,0.0,0.0,1.0,1
10005,50,"Paracetamol (Acetaminophen) 500mg, Tab",2022-12-01,0,0,0,0,,,0.0,0.0,75.66666666666667,0.0,0.0,0.0,0.0,1.0,0
10005,50,"Paracetamol (Acetaminophen) 500mg, Tab",2023-01-01,0,4038,2762,1276,0.0,0.0,0.0,2762.0,0.0,0.0,0.0,0.0,0.0,1.0,1
10005,50,"Paracetamol (Acetaminophen) 500mg, Tab",2023-02-01,1276,0,1276,0,1.0,30.0,2762.0,-1486.0,920.6666666666666,4038.0,1346.0,0.0,1276.0,0.0,1
10005,50,"Paracetamol (Acetaminophen) 500mg, Tab",2023-03-01,0,0,0,0,,,1276.0,-1276.0,1346.0,0.0,1346.0,1276.0,0.0,1.0,1
10005,50,"Paracetamol (Acetaminophen) 500mg, Tab",2023-04-01,0,0,0,0,,,0.0,0.0,1346.0,0.0,1346.0,0.0,0.0,1.0,0
10005,50,"Paracetamol (Acetaminophen) 500mg, Tab",2023-05-01,0,12438,3716,8722,0.0,0.0,0.0,3716.0,425.3333333333333,0.0,0.0,0.0,0.0,1.0,0
10005,50,"Paracetamol (Acetaminophen) 500mg, Tab",2023-06-01,8722,0,3117,5605,2.7982034007058068,83.9461020211742,3716.0,-599.0,1238.6666666666667,12438.0,4146.0,0.0,8722.0,0.0,0
10005,50,"Paracetamol (Acetaminophen) 500mg, Tab",2023-07-01,5605,0,3514,2091,1.5950483779169038,47.85145133750712,3117.0,397.0,2277.6666666666665,0.0,4146.0,8722.0,5605.0,0.0,0
10005,50,"Paracetamol (Acetaminophen) 500mg, Tab",2023-09-01,2091,11517,1666,11942,1.2551020408163265,37.6530612244898,3514.0,-1848.0,3449.0,0.0,4146.0,5605.0,2091.0,0.0,0
10005,50,"Paracetamol (Acetaminophen) 500mg, Tab",2023-10-01,11942,0,3540,8402,3.373446327683616,101.20338983050848,1666.0,1874.0,2765.6666666666665,11517.0,3839.0,2091.0,11942.0,0.0,0
10005,52,"Povidone Iodine 10%, Solution, Bot",2019-10-01,3,0,2,1,1.5,45.0,,,,,,,,,1
10005,52,"Povidone Iodine 10%, Solution, Bot",2019-12-01,1,0,1,0,1.0,30.0,2.0,-1.0,2.0,0.0,0.0,3.0,1.0,0.0,1
10005,52,"Povidone Iodine 10%, Solution, Bot",2020-01-01,0,0,0,0,,,1.0,-1.0,1.5,0.0,0.0,1.0,0.0,1.0,0
10005,52,"Povidone Iodine 10%, Solution, Bot",2020-02-01,0,10,2,8,0.0,0.0,0.0,2.0,1.0,0.0,0.0,0.0,0.0,1.0,0
10005,52,"Povidone Iodine 10%, Solution, Bot",2020-03-01,8,0,5,3,1.6,48.0,2.0,3.0,1.0,10.0,3.333333333333333,0.0,8.0,0.0,0
10005,52,"Povidone Iodine 10%, Solution, Bot",2020-05-01,3,0,2,1,1.5,45.0,5.0,-3.0,2.333333333333333,0.0,3.333333333333333,8.0,3.0,0.0,0
10005,52,"Povidone Iodine 10%, Solution, Bot",2020-06-01,1,8,2,7,0.5,15.0,2.0,0.0,3.0,0.0,3.333333333333333,3.0,1.0,0.0,0
10005,52,"Povidone Iodine 10%, Solution, Bot",2020-07-01,7,0,3,4,2.333333333333333,70.0,2.0,1.0,3.0,8.0,2.6666666666666665,1.0,7.0,0.0,0
10005,52,"Povidone Iodine 10%, Solution, Bot",2020-09-01,4,0,3,1,1.3333333333333333,40.0,3.0,0.0,2.333333333333333,0.0,2.6666666666666665,7.0,4.0,0.0,0
10005,52,"Povidone Iodine 10%, Solution, Bot",2020-10-01,1,11,2,10,0.5,15.0,3.0,-1.0,2.6666666666666665,0.0,2.6666666666666665,4.0,1.0,0.0,0
10005,52,"Povidone Iodine 10%, Solution, Bot",2020-11-01,10,0,3,7,3.333333333333333,100.0,2.0,1.0,2.6666666666666665,11.0,3.6666666666666665,1.0,10.0,0.0,0
10005,52,"Povidone Iodine 10%, Solution, Bot",2020-12-01,7,0,2,5,3.5,105.0,3.0,-1.0,2.6666666666666665,0.0,3.6666666666666665,10.0,7.0,0.0,0
10005,52,"Povidone Iodine 10%, Solution, Bot",2021-01-01,5,0,4,1,1.25,37.5,2.0,2.0,2.333333333333333,0.0,3.6666666666666665,7.0,5.0,0.0,0
10005,52,"Povidone Iodine 10%, Solution, Bot",2021-02-01,1,7,2,6,0.5,15.0,4.0,-2.0,3.0,0.0,0.0,5.0,1.0,0.0,0
10005,52,"Povidone Iodine 10%, Solution, Bot",2021-03-01,6,0,5,1,1.2,36.0,2.0,3.0,2.6666666666666665,7.0,2.333333333333333,1.0,6.0,0.0,1
10005,52,"Povidone Iodine 10%, Solution, Bot",2021-04-01,1,0,1,0,1.0,30.0,5.0,-4.0,3.6666666666666665,0.0,2.333333333333333,6.0,1.0,0.0,0
10005,52,"Povidone Iodine 10%, Solution, Bot",2021-05-01,0,13,2,11,0.0,0.0,1.0,1.0,2.6666666666666665,0.0,2.333333333333333,1.0,0.0,1.0,0
10005,52,"Povidone Iodine 10%, Solution, Bot",2021-06-01,11,0,3,8,3.6666666666666665,110.0,2.0,1.0,2.6666666666666665,13.0,4.333333333333333,0.0,11.0,0.0,0
10005,52,"Povidone Iodine 10%, Solution, Bot",2021-07-01,8,0,0,8,,,3.0,-3.0,2.0,0.0,4.333333333333333,11.0,8.0,0.0,0
10005,52,"Povidone Iodine 10%, Solution, Bot",2021-08-01,8,0,2,6,4.0,120.0,0.0,2.0,1.6666666666666667,0.0,4.333333333333333,8.0,8.0,0.0,0
10005,52,"Povidone Iodine 10%, Solution, Bot",2021-09-01,6,0,0,6,,,2.0,-2.0,1.6666666666666667,0.0,0.0,8.0,6.0,0.0,0
10005,52,"Povidone Iodine 10%, Solution, Bot",2021-10-01,6,0,2,4,3.0,90.0,0.0,2.0,0.6666666666666666,0.0,0.0,6.0,6.0,0.0,0
10005,52,"Povidone Iodine 10%, Solution, Bot",2021-11-01,4,0,3,1,1.3333333333333333,40.0,2.0,1.0,1.3333333333333333,0.0,0.0,6.0,4.0,0.0,0
10005,52,"Povidone Iodine 10%, Solution, Bot",2021-12-01,1,9,1,9,1.0,30.0,3.0,-2.0,1.6666666666666667,0.0,0.0,4.0,1.0,0.0,0
10005,52,"Povidone Iodine 10%, Solution, Bot",2022-01-01,9,0,1,8,9.0,270.0,1.0,0.0,2.0,9.0,3.0,1.0,9.0,0.0,0
10005,52,"Povidone Iodine 10%, Solution, Bot",2022-02-01,8,0,1,7,8.0,240.0,1.0,0.0,1.6666666666666667,0.0,3.0,9.0,8.0,0.0,0
10005,52,"Povidone Iodine 10%, Solution, Bot",2022-04-01,7,0,4,3,1.75,52.5,1.0,3.0,1.0,0.0,3.0,8.0,7.0,0.0,0
10005,52,"Povidone Iodine 10%, Solution, Bot",2022-05-01,3,6,1,8,3.0,90.0,4.0,-3.0,2.0,0.0,0.0,7.0,3.0,0.0,0
10005,52,"Povidone Iodine 10%, Solution, Bot",2022-07-01,8,0,4,4,2.0,60.0,1.0,3.0,2.0,6.0,2.0,3.0,8.0,0.0,0
10005,52,"Povidone Iodine 10%, Solution, Bot",2022-08-01,4,0,2,2,2.0,60.0,4.0,-2.0,3.0,0.0,2.0,8.0,4.0,0.0,1
10005,52,"Povidone Iodine 10%, Solution, Bot",2022-09-01,2,4,6,0,0.3333333333333333,10.0,2.0,4.0,2.333333333333333,0.0,2.0,4.0,2.0,0.0,1
10005,52,"Povidone Iodine 10%, Solution, Bot",2022-10-01,0,0,0,0,,,6.0,-6.0,4.0,4.0,1.3333333333333333,2.0,0.0,1.0,1
10005,52,"Povidone Iodine 10%, Solution, Bot",2022-11-01,0,0,0,0,,,0.0,0.0,2.6666666666666665,0.0,1.3333333333333333,0.0,0.0,1.0,0
10005,52,"Povidone Iodine 10%, Solution, Bot",2022-12-01,0,9,2,7,0.0,0.0,0.0,2.0,2.0,0.0,1.3333333333333333,0.0,0.0,1.0,0
10005,52,"Povidone Iodine 10%, Solution, Bot",2023-01-01,7,0,3,4,2.333333333333333,70.0,2.0,1.0,0.6666666666666666,9.0,3.0,0.0,7.0,0.0,0
10005,52,"Povidone Iodine 10%, Solution, Bot",2023-05-01,4,0,2,2,2.0,60.0,3.0,-1.0,1.6666666666666667,0.0,3.0,7.0,4.0,0.0,0
10005,52,"Povidone Iodine 10%, Solution, Bot",2023-06-01,2,7,3,6,0.6666666666666666,20.0,2.0,1.0,2.333333333333333,0.0,3.0,4.0,2.0,0.0,0
10005,52,"Povidone Iodine 10%, Solution, Bot",2023-07-01,6,0,4,2,1.5,45.0,3.0,1.0,2.6666666666666665,7.0,2.333333333333333,2.0,6.0,0.0,1
10005,52,"Povidone Iodine 10%, Solution, Bot",2023-08-01,2,0,2,0,1.0,30.0,4.0,-2.0,3.0,0.0,2.333333333333333,6.0,2.0,0.0,0
10005,52,"Povidone Iodine 10%, Solution, Bot",2023-09-01,0,5,2,3,0.0,0.0,2.0,0.0,3.0,0.0,2.333333333333333,2.0,0.0,1.0,0
10005,52,"Povidone Iodine 10%, Solution, Bot",2023-10-01,3,0,2,1,1.5,45.0,2.0,0.0,2.6666666666666665,5.0,1.6666666666666667,0.0,3.0,0.0,0
10006,19,"Ferrous Sulphate 200mg, Tab",2019-11-01,970,0,756,214,1.283068783068783,38.49206349206349,,,,,,,,,1
10006,19,"Ferrous Sulphate 200mg, Tab",2019-12-01,214,0,214,0,1.0,30.0,756.0,-542.0,756.0,0.0,0.0,970.0,214.0,0.0,1
10006,19,"Ferrous Sulphate 200mg, Tab",2020-01-01,0,0,0,0,,,214.0,-214.0,485.0,0.0,0.0,214.0,0.0,1.0,1
10006,19,"Ferrous Sulphate 200mg, Tab",2020-02-01,0,0,0,0,,,0.0,0.0,323.3333333333333,0.0,0.0,0.0,0.0,1.0,0
10006,19,"Ferrous Sulphate 200mg, Tab",2020-06-01,0,3830,1243,2587,0.0,0.0,0.0,1243.0,71.33333333333333,0.0,0.0,0.0,0.0,1.0,0
10006,19,"Ferrous Sulphate 200mg, Tab",2020-07-01,2587,0,675,1912,3.8325925925925928,114.9777777777778,1243.0,-568.0,414.3333333333333,3830.0,1276.6666666666667,0.0,2587.0,0.0,0
10006,19,"Ferrous Sulphate 200mg, Tab",2020-08-01,1912,0,1547,365,1.2359405300581772,37.07821590174532,675.0,872.0,639.3333333333334,0.0,1276.6666666666667,2587.0,1912.0,0.0,0
10006,19,"Ferrous Sulphate 200mg, Tab",2020-09-01,365,1536,1395,506,0.2616487455197133,7.849462365591399,1547.0,-152.0,1155.0,0.0,1276.6666666666667,1912.0,365.0,0.0,1
10006,19,"Ferrous Sulphate 200mg, Tab",2020-10-01,506,0,506,0,1.0,30.0,1395.0,-889.0,1205.6666666666667,1536.0,512.0,365.0,506.0,0.0,0
10006,19,"Ferrous Sulphate 200mg, Tab",2020-11-01,0,3728,287,3441,0.0,0.0,506.0,-219.0,1149.3333333333333,0.0,512.0,506.0,0.0,1.0,0
10006,19,"Ferrous Sulphate 200mg, Tab",2020-12-01,3441,0,1316,2125,2.614741641337386,78.44224924012157,287.0,1029.0,729.3333333333334,3728.0,1754.6666666666667,0.0,3441.0,0.0,0
10006,19,"Ferrous Sulphate 200mg, Tab",2021-01-01,2125,0,552,1573,3.849637681159421,115.4891304347826,1316.0,-764.0,703.0,0.0,1242.6666666666667,3441.0,2125.0,0.0,0
10006,19,"Ferrous Sulphate 200mg, Tab",2021-02-01,1573,0,768,805,2.048177083333333,61.44531250000001,552.0,216.0,718.3333333333334,0.0,1242.6666666666667,2125.0,1573.0,0.0,0
10006,19,"Ferrous Sulphate 200mg, Tab",2021-03-01,805,3637,1475,2967,0.5457627118644067,16.3728813559322,768.0,707.0,878.6666666666666,0.0,0.0,1573.0,805.0,0.0,0
10006,19,"Ferrous Sulphate 200mg, Tab",2021-04-01,2967,0,1123,1844,2.6420302760463046,79.26090828138913,1475.0,-352.0,931.6666666666666,3637.0,1212.3333333333333,805.0,2967.0,0.0,0
10006,19,"Ferrous Sulphate 200mg, Tab",2021-05-01,1844,0,1199,645,1.5379482902418682,46.138448707256046,1123.0,76.0,1122.0,0.0,1212.3333333333333,2967.0,1844.0,0.0,0
10006,19,"Ferrous Sulphate 200mg, Tab",2021-07-01,645,0,326,319,1.978527607361963,59.355828220858896,1199.0,-873.0,1265.6666666666667,0.0,1212.3333333333333,1844.0,645.0,0.0,1
10006,19,"Ferrous Sulphate 200mg, Tab",2021-08-01,319,0,319,0,1.0,30.0,326.0,-7.0,882.6666666666666,0.0,0.0,645.0,319.0,0.0,0
10006,19,"Ferrous Sulphate 200mg, Tab",2021-09-01,0,4856,999,3857,0.0,0.0,319.0,680.0,614.6666666666666,0.0,0.0,319.0,0.0,1.0,0
10006,19,"Ferrous Sulphate 200mg, Tab",2021-10-01,3857,0,991,2866,3.8920282542885976,116.76084762865791,999.0,-8.0,548.0,4856.0,1618.6666666666667,0.0,3857.0,0.0,0
10006,19,"Ferrous Sulphate 200mg, Tab",2021-11-01,2866,0,821,2045,3.490864799025579,104.72594397076736,991.0,-170.0,769.6666666666666,0.0,1618.6666666666667,3857.0,2866.0,0.0,0
10006,19,"Ferrous Sulphate 200mg, Tab",2021-12-01,2045,0,1388,657,1.473342939481268,44.20028818443805,821.0,567.0,937.0,0.0,1618.6666666666667,2866.0,2045.0,0.0,0
10006,19,"Ferrous Sulphate 200mg, Tab",2022-01-01,657,1671,619,1709,1.061389337641357,31.84168012924071,1388.0,-769.0,1066.6666666666667,0.0,0.0,2045.0,657.0,0.0,0
10006,19,"Ferrous Sulphate 200mg, Tab",2022-02-01,1709,0,1136,573,1.5044014084507042,45.13204225352113,619.0,517.0,942.6666666666666,1671.0,557.0,657.0,1709.0,0.0,1
10006,19,"Ferrous Sulphate 200mg, Tab",2022-03-01,573,0,573,0,1.0,30.0,1136.0,-563.0,1047.6666666666667,0.0,557.0,1709.0,573.0,0.0,1
10006,19,"Ferrous Sulphate 200mg, Tab",2022-08-01,0,0,0,0,,,573.0,-573.0,776.0,0.0,557.0,573.0,0.0,1.0,1
10006,19,"Ferrous Sulphate 200mg, Tab",2022-11-01,0,0,0,0,,,0.0,0.0,569.6666666666666,0.0,0.0,0.0,0.0,1.0,0
10006,19,"Ferrous Sulphate 200mg, Tab",2023-01-01,0,4583,694,3889,0.0,0.0,0.0,694.0,191.0,0.0,0.0,0.0,0.0,1.0,0
10006,19,"Ferrous Sulphate 200mg, Tab",2023-02-01,3889,0,1357,2532,2.865880619012528,85.97641857037583,694.0,663.0,231.33333333333331,4583.0,1527.6666666666667,0.0,3889.0,0.0,0
10006,19,"Ferrous Sulphate 200mg, Tab",2023-03-01,2532,0,524,2008,4.8320610687022905,144.96183206106872,1357.0,-833.0,683.6666666666666,0.0,1527.6666666666667,3889.0,2532.0,0.0,0
10006,19,"Ferrous Sulphate 200mg, Tab",2023-04-01,2008,0,1317,691,1.524677296886864,45.74031890660592,524.0,793.0,858.3333333333334,0.0,1527.6666666666667,2532.0,2008.0,0.0,0
10006,19,"Ferrous Sulphate 200mg, Tab",2023-05-01,691,1611,1152,1150,0.5998263888888888,17.994791666666664,1317.0,-165.0,1066.0,0.0,0.0,2008.0,691.0,0.0,0
10006,19,"Ferrous Sulphate 200mg, Tab",2023-06-01,1150,0,682,468,1.686217008797654,50.58651026392962,1152.0,-470.0,997.6666666666666,1611.0,537.0,691.0,1150.0,0.0,1
10006,19,"Ferrous Sulphate 200mg, Tab",2023-07-01,468,0,468,0,1.0,30.0,682.0,-214.0,1050.3333333333333,0.0,537.0,1150.0,468.0,0.0,1
10006,19,"Ferrous Sulphate 200mg, Tab",2023-08-01,0,0,0,0,,,468.0,-468.0,767.3333333333334,0.0,537.0,468.0,0.0,1.0,0
10006,19,"Ferrous Sulphate 200mg, Tab",2023-09-01,0,2374,1506,868,0.0,0.0,0.0,1506.0,383.3333333333333,0.0,0.0,0.0,0.0,1.0,1
10006,19,"Ferrous Sulphate 200mg, Tab",2023-10-01,868,0,868,0,1.0,30.0,1506.0,-638.0,658.0,2374.0,791.3333333333334,0.0,868.0,0.0,1
10006,20,"Water for Injection 10ml, Inj, Amp",2019-10-01,73,0,73,0,1.0,30.0,,,,,,,,,0
10006,20,"Water for Injection 10ml, Inj, Amp",2019-11-01,0,144,92,52,0.0,0.0,73.0,19.0,73.0,0.0,0.0,73.0,0.0,1.0,0
10006,20,"Water for Injection 10ml, Inj, Amp",2020-02-01,52,0,24,28,2.1666666666666665,65.0,92.0,-68.0,82.5,144.0,72.0,0.0,52.0,0.0,0
10006,20,"Water for Injection 10ml, Inj, Amp",2020-03-01,28,76,56,48,0.5,15.0,24.0,32.0,63.0,0.0,48.0,52.0,28.0,0.0,0
10006,20,"Water for Injection 10ml, Inj, Amp",2020-05-01,48,0,35,13,1.3714285714285714,41.142857142857146,56.0,-21.0,57.333333333333336,76.0,73.33333333333333,28.0,48.0,0.0,0
10006,20,"Water for Injection 10ml, Inj, Amp",2020-06-01,13,148,70,91,0.1857142857142857,5.571428571428571,35.0,35.0,38.333333333333336,0.0,25.33333333333333,48.0,13.0,0.0,0
10006,20,"Water for Injection 10ml, Inj, Amp",2020-08-01,91,0,63,28,1.4444444444444444,43.333333333333336,70.0,-7.0,53.66666666666666,148.0,74.66666666666667,13.0,91.0,0.0,1
10006,20,"Water for Injection 10ml, Inj, Amp",2020-09-01,28,0,28,0,1.0,30.0,63.0,-35.0,56.0,0.0,49.333333333333336,91.0,28.0,0.0,0
10006,20,"Water for Injection 10ml, Inj, Amp",2020-10-01,0,209,35,174,0.0,0.0,28.0,7.0,53.66666666666666,0.0,49.333333333333336,28.0,0.0,1.0,0
10006,20,"Water for Injection 10ml, Inj, Amp",2021-02-01,174,0,29,145,6.0,180.0,35.0,-6.0,42.0,209.0,69.66666666666667,0.0,174.0,0.0,0
10006,20,"Water for Injection 10ml, Inj, Amp",2021-03-01,145,0,25,120,5.8,174.0,29.0,-4.0,30.666666666666668,0.0,69.66666666666667,174.0,145.0,0.0,0
10006,20,"Water for Injection 10ml, Inj, Amp",2021-06-01,120,0,68,52,1.7647058823529411,52.94117647058823,25.0,43.0,29.666666666666668,0.0,69.66666666666667,145.0,120.0,0.0,0
10006,20,"Water for Injection 10ml, Inj, Amp",2021-09-01,52,98,50,100,1.04,31.200000000000003,68.0,-18.0,40.66666666666666,0.0,0.0,120.0,52.0,0.0,0
10006,20,"Water for Injection 10ml, Inj, Amp",2021-11-01,100,0,61,39,1.639344262295082,49.18032786885246,50.0,11.0,47.66666666666666,98.0,32.666666666666664,52.0,100.0,0.0,1
10006,20,"Water for Injection 10ml, Inj, Amp",2021-12-01,39,0,39,0,1.0,30.0,61.0,-22.0,59.66666666666666,0.0,32.666666666666664,100.0,39.0,0.0,0
10006,20,"Water for Injection 10ml, Inj, Amp",2022-01-01,0,249,51,198,0.0,0.0,39.0,12.0,50.0,0.0,32.666666666666664,39.0,0.0,1.0,0
10006,20,"Water for Injection 10ml, Inj, Amp",2022-03-01,198,0,22,176,9.0,270.0,51.0,-29.0,50.333333333333336,249.0,83.0,0.0,198.0,0.0,0
10006,20,"Water for Injection 10ml, Inj, Amp",2022-04-01,176,0,63,113,2.793650793650793,83.80952380952381,22.0,41.0,37.333333333333336,0.0,83.0,198.0,176.0,0.0,0
10006,20,"Water for Injection 10ml, Inj, Amp",2022-05-01,113,0,40,73,2.825,84.75,63.0,-23.0,45.333333333333336,0.0,83.0,176.0,113.0,0.0,1
10006,20,"Water for Injection 10ml, Inj, Amp",2022-07-01,73,0,73,0,1.0,30.0,40.0,33.0,41.66666666666666,0.0,0.0,113.0,73.0,0.0,0
10006,20,"Water for Injection 10ml, Inj, Amp",2022-08-01,0,122,23,99,0.0,0.0,73.0,-50.0,58.66666666666666,0.0,0.0,73.0,0.0,1.0,0
10006,20,"Water for Injection 10ml, Inj, Amp",2022-10-01,99,0,67,32,1.4776119402985075,44.32835820895522,23.0,44.0,45.333333333333336,122.0,40.66666666666666,0.0,99.0,0.0,0
10006,20,"Water for Injection 10ml, Inj, Amp",2022-11-01,32,241,40,233,0.8,24.0,67.0,-27.0,54.333333333333336,0.0,40.66666666666666,99.0,32.0,0.0,0
10006,20,"Water for Injection 10ml, Inj, Amp",2022-12-01,233,0,22,211,10.590909090909092,317.72727272727275,40.0,-18.0,43.333333333333336,241.0,121.0,32.0,233.0,0.0,0
10006,20,"Water for Injection 10ml, Inj, Amp",2023-04-01,211,0,47,164,4.48936170212766,134.68085106382978,22.0,25.0,43.0,0.0,80.33333333333333,233.0,211.0,0.0,0
10006,20,"Water for Injection 10ml, Inj, Amp",2023-06-01,164,0,40,124,4.1,123.0,47.0,-7.0,36.333333333333336,0.0,80.33333333333333,211.0,164.0,0.0,0
10006,20,"Water for Injection 10ml, Inj, Amp",2023-07-01,124,0,53,71,2.339622641509434,70.18867924528301,40.0,13.0,36.333333333333336,0.0,0.0,164.0,124.0,0.0,1
10006,20,"Water for Injection 10ml, Inj, Amp",2023-10-01,71,0,71,0,1.0,30.0,53.0,18.0,46.66666666666666,0.0,0.0,124.0,71.0,0.0,1
10006,21,"Neomycin & Bacitracin 0.5% & 500IU/g, Ointment, 15g, Tube",2019-10-01,3,0,2,1,1.5,45.0,,,,,,,,,0
10006,21,"Neomycin & Bacitracin 0.5% & 500IU/g, Ointment, 15g, Tube",2019-11-01,1,10,2,9,0.5,15.0,2.0,0.0,2.0,0.0,0.0,3.0,1.0,0.0,0
10006,21,"Neomycin & Bacitracin 0.5% & 500IU/g, Ointment, 15g, Tube",2019-12-01,9,0,5,4,1.8,54.0,2.0,3.0,2.0,10.0,5.0,1.0,9.0,0.0,0
10006,21,"Neomycin & Bacitracin 0.5% & 500IU/g, Ointment, 15g, Tube",2020-01-01,4,0,2,2,2.0,60.0,5.0,-3.0,3.0,0.0,3.333333333333333,9.0,4.0,0.0,0
10006,21,"Neomycin & Bacitracin 0.5% & 500IU/g, Ointment, 15g, Tube",2020-03-01,2,10,4,8,0.5,15.0,2.0,2.0,3.0,0.0,3.333333333333333,4.0,2.0,0.0,0
10006,21,"Neomycin & Bacitracin 0.5% & 500IU/g, Ointment, 15g, Tube",2020-04-01,8,0,3,5,2.6666666666666665,80.0,4.0,-1.0,3.6666666666666665,10.0,3.333333333333333,2.0,8.0,0.0,0
10006,21,"Neomycin & Bacitracin 0.5% & 500IU/g, Ointment, 15g, Tube",2020-05-01,5,0,0,5,,,3.0,-3.0,3.0,0.0,3.333333333333333,8.0,5.0,0.0,0
10006,21,"Neomycin & Bacitracin 0.5% & 500IU/g, Ointment, 15g, Tube",2020-06-01,5,0,3,2,1.6666666666666667,50.0,0.0,3.0,2.333333333333333,0.0,3.333333333333333,5.0,5.0,0.0,1
10006,21,"Neomycin & Bacitracin 0.5% & 500IU/g, Ointment, 15g, Tube",2020-07-01,2,0,2,0,1.0,30.0,3.0,-1.0,2.0,0.0,0.0,5.0,2.0,0.0,0
10006,21,"Neomycin & Bacitracin 0.5% & 500IU/g, Ointment, 15g, Tube",2020-08-01,0,14,3,11,0.0,0.0,2.0,1.0,1.6666666666666667,0.0,0.0,2.0,0.0,1.0,0
10006,21,"Neomycin & Bacitracin 0.5% & 500IU/g, Ointment, 15g, Tube",2020-09-01,11,0,3,8,3.6666666666666665,110.0,3.0,0.0,2.6666666666666665,14.0,4.666666666666667,0.0,11.0,0.0,0
10006,21,"Neomycin & Bacitracin 0.5% & 500IU/g, Ointment, 15g, Tube",2020-10-01,8,0,4,4,2.0,60.0,3.0,1.0,2.6666666666666665,0.0,4.666666666666667,11.0,8.0,0.0,0
10006,21,"Neomycin & Bacitracin 0.5% & 500IU/g, Ointment, 15g, Tube",2020-12-01,4,0,0,4,,,4.0,-4.0,3.333333333333333,0.0,4.666666666666667,8.0,4.0,0.0,0
10006,21,"Neomycin & Bacitracin 0.5% & 500IU/g, Ointment, 15g, Tube",2021-01-01,4,9,5,8,0.8,24.0,0.0,5.0,2.333333333333333,0.0,0.0,4.0,4.0,0.0,0
10006,21,"Neomycin & Bacitracin 0.5% & 500IU/g, Ointment, 15g, Tube",2021-02-01,8,0,1,7,8.0,240.0,5.0,-4.0,3.0,9.0,3.0,4.0,8.0,0.0,0
10006,21,"Neomycin & Bacitracin 0.5% & 500IU/g, Ointment, 15g, Tube",2021-03-01,7,0,3,4,2.333333333333333,70.0,1.0,2.0,2.0,0.0,3.0,8.0,7.0,0.0,0
10006,21,"Neomycin & Bacitracin 0.5% & 500IU/g, Ointment, 15g, Tube",2021-04-01,4,0,2,2,2.0,60.0,3.0,-1.0,3.0,0.0,3.0,7.0,4.0,0.0,1
10006,21,"Neomycin & Bacitracin 0.5% & 500IU/g, Ointment, 15g, Tube",2021-05-01,2,0,2,0,1.0,30.0,2.0,0.0,2.0,0.0,0.0,4.0,2.0,0.0,0
10006,21,"Neomycin & Bacitracin 0.5% & 500IU/g, Ointment, 15g, Tube",2021-06-01,0,5,4,1,0.0,0.0,2.0,2.0,2.333333333333333,0.0,0.0,2.0,0.0,1.0,0
10006,21,"Neomycin & Bacitracin 0.5% & 500IU/g, Ointment, 15g, Tube",2021-08-01,1,9,1,9,1.0,30.0,4.0,-3.0,2.6666666666666665,5.0,1.6666666666666667,0.0,1.0,0.0,0
10006,21,"Neomycin & Bacitracin 0.5% & 500IU/g, Ointment, 15g, Tube",2021-09-01,9,0,3,6,3.0,90.0,1.0,2.0,2.333333333333333,9.0,4.666666666666667,1.0,9.0,0.0,0
10006,21,"Neomycin & Bacitracin 0.5% & 500IU/g, Ointment, 15g, Tube",2021-10-01,6,0,2,4,3.0,90.0,3.0,-1.0,2.6666666666666665,0.0,4.666666666666667,9.0,6.0,0.0,0
10006,21,"Neomycin & Bacitracin 0.5% & 500IU/g, Ointment, 15g, Tube",2021-11-01,4,9,2,11,2.0,60.0,2.0,0.0,2.0,0.0,3.0,6.0,4.0,0.0,0
10006,21,"Neomycin & Bacitracin 0.5% & 500IU/g, Ointment, 15g, Tube",2021-12-01,11,0,2,9,5.5,165.0,2.0,0.0,2.333333333333333,9.0,3.0,4.0,11.0,0.0,0
10006,21,"Neomycin & Bacitracin 0.5% & 500IU/g, Ointment, 15g, Tube",2022-01-01,9,0,6,3,1.5,45.0,2.0,4.0,2.0,0.0,3.0,11.0,9.0,0.0,1
10006,21,"Neomycin & Bacitracin 0.5% & 500IU/g, Ointment, 15g, Tube",2022-02-01,3,0,3,0,1.0,30.0,6.0,-3.0,3.333333333333333,0.0,3.0,9.0,3.0,0.0,0
10006,21,"Neomycin & Bacitracin 0.5% & 500IU/g, Ointment, 15g, Tube",2022-03-01,0,7,5,2,0.0,0.0,3.0,2.0,3.6666666666666665,0.0,0.0,3.0,0.0,1.0,0
10006,21,"Neomycin & Bacitracin 0.5% & 500IU/g, Ointment, 15g, Tube",2022-04-01,2,12,0,14,,,5.0,-5.0,4.666666666666667,7.0,2.333333333333333,0.0,2.0,0.0,0
10006,21,"Neomycin & Bacitracin 0.5% & 500IU/g, Ointment, 15g, Tube",2022-05-01,14,0,0,14,,,0.0,0.0,2.6666666666666665,12.0,6.333333333333333,2.0,14.0,0.0,0
10006,21,"Neomycin & Bacitracin 0.5% & 500IU/g, Ointment, 15g, Tube",2022-06-01,14,0,0,14,,,0.0,0.0,1.6666666666666667,0.0,6.333333333333333,14.0,14.0,0.0,0
10006,21,"Neomycin & Bacitracin 0.5% & 500IU/g, Ointment, 15g, Tube",2022-07-01,14,0,1,13,14.0,420.0,0.0,1.0,0.0,0.0,4.0,14.0,14.0,0.0,0
10006,21,"Neomycin & Bacitracin 0.5% & 500IU/g, Ointment, 15g, Tube",2022-08-01,13,0,5,8,2.6,78.0,1.0,4.0,0.3333333333333333,0.0,0.0,14.0,13.0,0.0,0
10006,21,"Neomycin & Bacitracin 0.5% & 500IU/g, Ointment, 15g, Tube",2022-09-01,8,0,5,3,1.6,48.0,5.0,0.0,2.0,0.0,0.0,13.0,8.0,0.0,0
10006,21,"Neomycin & Bacitracin 0.5% & 500IU/g, Ointment, 15g, Tube",2022-10-01,3,0,2,1,1.5,45.0,5.0,-3.0,3.6666666666666665,0.0,0.0,8.0,3.0,0.0,1
10006,21,"Neomycin & Bacitracin 0.5% & 500IU/g, Ointment, 15g, Tube",2022-11-01,1,0,1,0,1.0,30.0,2.0,-1.0,4.0,0.0,0.0,3.0,1.0,0.0,0
10006,21,"Neomycin & Bacitracin 0.5% & 500IU/g, Ointment, 15g, Tube",2022-12-01,0,15,4,11,0.0,0.0,1.0,3.0,2.6666666666666665,0.0,0.0,1.0,0.0,1.0,0
10006,21,"Neomycin & Bacitracin 0.5% & 500IU/g, Ointment, 15g, Tube",2023-01-01,11,0,3,8,3.6666666666666665,110.0,4.0,-1.0,2.333333333333333,15.0,5.0,0.0,11.0,0.0,0
10006,21,"Neomycin & Bacitracin 0.5% & 500IU/g, Ointment, 15g, Tube",2023-02-01,8,0,3,5,2.6666666666666665,80.0,3.0,0.0,2.6666666666666665,0.0,5.0,11.0,8.0,0.0,0
10006,21,"Neomycin & Bacitracin 0.5% & 500IU/g, Ointment, 15g, Tube",2023-04-01,5,0,4,1,1.25,37.5,3.0,1.0,3.333333333333333,0.0,5.0,8.0,5.0,0.0,1
10006,21,"Neomycin & Bacitracin 0.5% & 500IU/g, Ointment, 15g, Tube",2023-05-01,1,0,1,0,1.0,30.0,4.0,-3.0,3.333333333333333,0.0,0.0,5.0,1.0,0.0,0
10006,21,"Neomycin & Bacitracin 0.5% & 500IU/g, Ointment, 15g, Tube",2023-07-01,0,12,2,10,0.0,0.0,1.0,1.0,2.6666666666666665,0.0,0.0,1.0,0.0,1.0,0
10006,21,"Neomycin & Bacitracin 0.5% & 500IU/g, Ointment, 15g, Tube",2023-08-01,10,0,2,8,5.0,150.0,2.0,0.0,2.333333333333333,12.0,4.0,0.0,10.0,0.0,0
10006,22,"Salbutamol 100mcg/dose, Aerosol, Inhaler",2019-10-01,6,0,4,2,1.5,45.0,,,,,,,,,0
10006,22,"Salbutamol 100mcg/dose, Aerosol, Inhaler",2019-11-01,2,6,4,4,0.5,15.0,4.0,0.0,4.0,0.0,0.0,6.0,2.0,0.0,0
10006,22,"Salbutamol 100mcg/dose, Aerosol, Inhaler",2020-03-01,4,0,2,2,2.0,60.0,4.0,-2.0,4.0,6.0,3.0,2.0,4.0,0.0,0
10006,22,"Salbutamol 100mcg/dose, Aerosol, Inhaler",2020-04-01,2,9,3,8,0.6666666666666666,20.0,2.0,1.0,3.333333333333333,0.0,2.0,4.0,2.0,0.0,0
10006,22,"Salbutamol 100mcg/dose, Aerosol, Inhaler",2020-05-01,8,0,3,5,2.6666666666666665,80.0,3.0,0.0,3.0,9.0,5.0,2.0,8.0,0.0,1
10006,22,"Salbutamol 100mcg/dose, Aerosol, Inhaler",2020-10-01,5,0,5,0,1.0,30.0,3.0,2.0,2.6666666666666665,0.0,3.0,8.0,5.0,0.0,0
10006,22,"Salbutamol 100mcg/dose, Aerosol, Inhaler",2020-11-01,0,16,1,15,0.0,0.0,5.0,-4.0,3.6666666666666665,0.0,3.0,5.0,0.0,1.0,0
10006,22,"Salbutamol 100mcg/dose, Aerosol, Inhaler",2021-01-01,15,0,5,10,3.0,90.0,1.0,4.0,3.0,16.0,5.333333333333333,0.0,15.0,0.0,0
10006,22,"Salbutamol 100mcg/dose, Aerosol, Inhaler",2021-02-01,10,0,7,3,1.4285714285714286,42.85714285714286,5.0,2.0,3.6666666666666665,0.0,5.333333333333333,15.0,10.0,0.0,1
10006,22,"Salbutamol 100mcg/dose, Aerosol, Inhaler",2021-04-01,3,0,3,0,1.0,30.0,7.0,-4.0,4.333333333333333,0.0,5.333333333333333,10.0,3.0,0.0,0
10006,22,"Salbutamol 100mcg/dose, Aerosol, Inhaler",2021-05-01,0,7,3,4,0.0,0.0,3.0,0.0,5.0,0.0,0.0,3.0,0.0,1.0,0
10006,22,"Salbutamol 100mcg/dose, Aerosol, Inhaler",2021-06-01,4,0,2,2,2.0,60.0,3.0,-1.0,4.333333333333333,7.0,2.333333333333333,0.0,4.0,0.0,1
10006,22,"Salbutamol 100mcg/dose, Aerosol, Inhaler",2021-07-01,2,5,7,0,0.2857142857142857,8.571428571428571,2.0,5.0,2.6666666666666665,0.0,2.333333333333333,4.0,2.0,0.0,1
10006,22,"Salbutamol 100mcg/dose, Aerosol, Inhaler",2021-09-01,0,0,0,0,,,7.0,-7.0,4.0,5.0,4.0,2.0,0.0,1.0,0
10006,22,"Salbutamol 100mcg/dose, Aerosol, Inhaler",2021-10-01,0,13,3,10,0.0,0.0,0.0,3.0,3.0,0.0,1.6666666666666667,0.0,0.0,1.0,0
10006,22,"Salbutamol 100mcg/dose, Aerosol, Inhaler",2021-11-01,10,0,1,9,10.0,300.0,3.0,-2.0,3.333333333333333,13.0,6.0,0.0,10.0,0.0,0
10006,22,"Salbutamol 100mcg/dose, Aerosol, Inhaler",2021-12-01,9,0,3,6,3.0,90.0,1.0,2.0,1.3333333333333333,0.0,4.333333333333333,10.0,9.0,0.0,0
10006,22,"Salbutamol 100mcg/dose, Aerosol, Inhaler",2022-01-01,6,0,4,2,1.5,45.0,3.0,1.0,2.333333333333333,0.0,4.333333333333333,9.0,6.0,0.0,0
10006,22,"Salbutamol 100mcg/dose, Aerosol, Inhaler",2022-03-01,2,0,1,1,2.0,60.0,4.0,-3.0,2.6666666666666665,0.0,0.0,6.0,2.0,0.0,0
10006,22,"Salbutamol 100mcg/dose, Aerosol, Inhaler",2022-04-01,1,7,2,6,0.5,15.0,1.0,1.0,2.6666666666666665,0.0,0.0,2.0,1.0,0.0,0
10006,22,"Salbutamol 100mcg/dose, Aerosol, Inhaler",2022-05-01,6,0,4,2,1.5,45.0,2.0,2.0,2.333333333333333,7.0,2.333333333333333,1.0,6.0,0.0,0
10006,22,"Salbutamol 100mcg/dose, Aerosol, Inhaler",2022-07-01,2,11,4,9,0.5,15.0,4.0,0.0,2.333333333333333,0.0,2.333333333333333,6.0,2.0,0.0,0
10006,22,"Salbutamol 100mcg/dose, Aerosol, Inhaler",2022-08-01,9,0,2,7,4.5,135.0,4.0,-2.0,3.333333333333333,11.0,6.0,2.0,9.0,0.0,0
10006,22,"Salbutamol 100mcg/dose, Aerosol, Inhaler",2022-10-01,7,0,5,2,1.4,42.0,2.0,3.0,3.333333333333333,0.0,3.6666666666666665,9.0,7.0,0.0,0
10006,22,"Salbutamol 100mcg/dose, Aerosol, Inhaler",2022-11-01,2,7,4,5,0.5,15.0,5.0,-1.0,3.6666666666666665,0.0,3.6666666666666665,7.0,2.0,0.0,0
10006,22,"Salbutamol 100mcg/dose, Aerosol, Inhaler",2023-01-01,5,0,1,4,5.0,150.0,4.0,-3.0,3.6666666666666665,7.0,2.333333333333333,2.0,5.0,0.0,1
10006,22,"Salbutamol 100mcg/dose, Aerosol, Inhaler",2023-02-01,4,0,4,0,1.0,30.0,1.0,3.0,3.333333333333333,0.0,2.333333333333333,5.0,4.0,0.0,1
10006,22,"Salbutamol 100mcg/dose, Aerosol, Inhaler",2023-03-01,0,0,0,0,,,4.0,-4.0,3.0,0.0,2.333333333333333,4.0,0.0,1.0,1
10006,22,"Salbutamol 100mcg/dose, Aerosol, Inhaler",2023-04-01,0,0,0,0,,,0.0,0.0,1.6666666666666667,0.0,0.0,0.0,0.0,1.0,0
10006,22,"Salbutamol 100mcg/dose, Aerosol, Inhaler",2023-05-01,0,12,1,11,0.0,0.0,0.0,1.0,1.3333333333333333,0.0,0.0,0.0,0.0,1.0,0
10006,22,"Salbutamol 100mcg/dose, Aerosol, Inhaler",2023-06-01,11,0,4,7,2.75,82.5,1.0,3.0,0.3333333333333333,12.0,4.0,0.0,11.0,0.0,0
10006,22,"Salbutamol 100mcg/dose, Aerosol, Inhaler",2023-07-01,7,0,4,3,1.75,52.5,4.0,0.0,1.6666666666666667,0.0,4.0,11.0,7.0,0.0,1
10006,22,"Salbutamol 100mcg/dose, Aerosol, Inhaler",2023-10-01,3,0,3,0,1.0,30.0,4.0,-1.0,3.0,0.0,4.0,7.0,3.0,0.0,1
10006,28,"Benzyl Benzoate 25%, Emulsion, 100ml, Bot",2019-10-01,30,0,30,0,1.0,30.0,,,,,,,,,0
10006,28,"Benzyl Benzoate 25%, Emulsion, 100ml, Bot",2019-11-01,0,222,18,204,0.0,0.0,30.0,-12.0,30.0,0.0,0.0,30.0,0.0,1.0,0
10006,28,"Benzyl Benzoate 25%, Emulsion, 100ml, Bot",2019-12-01,204,0,44,160,4.636363636363637,139.0909090909091,18.0,26.0,24.0,222.0,111.0,0.0,204.0,0.0,0
10006,28,"Benzyl Benzoate 25%, Emulsion, 100ml, Bot",2020-01-01,160,0,14,146,11.428571428571429,342.8571428571429,44.0,-30.0,30.666666666666668,0.0,74.0,204.0,160.0,0.0,0
10006,28,"Benzyl Benzoate 25%, Emulsion, 100ml, Bot",2020-02-01,146,0,29,117,5.0344827586206895,151.0344827586207,14.0,15.0,25.33333333333333,0.0,74.0,160.0,146.0,0.0,0
10006,28,"Benzyl Benzoate 25%, Emulsion, 100ml, Bot",2020-03-01,117,0,37,80,3.1621621621621623,94.86486486486488,29.0,8.0,29.0,0.0,0.0,146.0,117.0,0.0,0
10006,28,"Benzyl Benzoate 25%, Emulsion, 100ml, Bot",2020-05-01,80,0,17,63,4.705882352941177,141.1764705882353,37.0,-20.0,26.666666666666668,0.0,0.0,117.0,80.0,0.0,0
10006,28,"Benzyl Benzoate 25%, Emulsion, 100ml, Bot",2020-07-01,63,0,40,23,1.575,47.25,17.0,23.0,27.666666666666668,0.0,0.0,80.0,63.0,0.0,0
10006,28,"Benzyl Benzoate 25%, Emulsion, 100ml, Bot",2020-08-01,23,116,50,89,0.46,13.8,40.0,10.0,31.33333333333333,0.0,0.0,63.0,23.0,0.0,0
10006,28,"Benzyl Benzoate 25%, Emulsion, 100ml, Bot",2020-09-01,89,0,42,47,2.119047619047619,63.57142857142857,50.0,-8.0,35.666666666666664,116.0,38.66666666666666,23.0,89.0,0.0,0
10006,28,"Benzyl Benzoate 25%, Emulsion, 100ml, Bot",2020-11-01,47,172,20,199,2.35,70.5,42.0,-22.0,44.0,0.0,38.66666666666666,89.0,47.0,0.0,0
10006,28,"Benzyl Benzoate 25%, Emulsion, 100ml, Bot",2020-12-01,199,0,83,116,2.397590361445783,71.92771084337349,20.0,63.0,37.333333333333336,172.0,96.0,47.0,199.0,0.0,0
10006,28,"Benzyl Benzoate 25%, Emulsion, 100ml, Bot",2021-02-01,116,0,69,47,1.681159420289855,50.43478260869565,83.0,-14.0,48.333333333333336,0.0,57.333333333333336,199.0,116.0,0.0,1
10006,28,"Benzyl Benzoate 25%, Emulsion, 100ml, Bot",2021-03-01,47,0,47,0,1.0,30.0,69.0,-22.0,57.333333333333336,0.0,57.333333333333336,116.0,47.0,0.0,1
10006,28,"Benzyl Benzoate 25%, Emulsion, 100ml, Bot",2021-05-01,0,0,0,0,,,47.0,-47.0,66.33333333333333,0.0,0.0,47.0,0.0,1.0,1
10006,28,"Benzyl Benzoate 25%, Emulsion, 100ml, Bot",2021-09-01,0,0,0,0,,,0.0,0.0,38.66666666666666,0.0,0.0,0.0,0.0,1.0,0
10006,28,"Benzyl Benzoate 25%, Emulsion, 100ml, Bot",2021-12-01,0,81,41,40,0.0,0.0,0.0,41.0,15.666666666666666,0.0,0.0,0.0,0.0,1.0,1
10006,28,"Benzyl Benzoate 25%, Emulsion, 100ml, Bot",2022-04-01,40,0,40,0,1.0,30.0,41.0,-1.0,13.666666666666666,81.0,27.0,0.0,40.0,0.0,1
10006,28,"Benzyl Benzoate 25%, Emulsion, 100ml, Bot",2022-05-01,0,0,0,0,,,40.0,-40.0,27.0,0.0,27.0,40.0,0.0,1.0,1
10006,28,"Benzyl Benzoate 25%, Emulsion, 100ml, Bot",2022-07-01,0,0,0,0,,,0.0,0.0,27.0,0.0,27.0,0.0,0.0,1.0,1
10006,28,"Benzyl Benzoate 25%, Emulsion, 100ml, Bot",2022-08-01,0,0,0,0,,,0.0,0.0,13.333333333333334,0.0,0.0,0.0,0.0,1.0,1
10006,28,"Benzyl Benzoate 25%, Emulsion, 100ml, Bot",2022-09-01,0,0,0,0,,,0.0,0.0,0.0,0.0,0.0,0.0,0.0,1.0,1
10006,28,"Benzyl Benzoate 25%, Emulsion, 100ml, Bot",2023-01-01,0,0,0,0,,,0.0,0.0,0.0,0.0,0.0,0.0,0.0,1.0,0
10006,28,"Benzyl Benzoate 25%, Emulsion, 100ml, Bot",2023-02-01,0,118,49,69,0.0,0.0,0.0,49.0,0.0,0.0,0.0,0.0,0.0,1.0,1
10006,28,"Benzyl Benzoate 25%, Emulsion, 100ml, Bot",2023-03-01,69,0,69,0,1.0,30.0,49.0,20.0,16.333333333333332,118.0,39.333333333333336,0.0,69.0,0.0,1
10006,28,"Benzyl Benzoate 25%, Emulsion, 100ml, Bot",2023-04-01,0,0,0,0,,,69.0,-69.0,39.333333333333336,0.0,39.333333333333336,69.0,0.0,1.0,1
10006,28,"Benzyl Benzoate 25%, Emulsion, 100ml, Bot",2023-05-01,0,0,0,0,,,0.0,0.0,39.333333333333336,0.0,39.333333333333336,0.0,0.0,1.0,1
10006,28,"Benzyl Benzoate 25%, Emulsion, 100ml, Bot",2023-06-01,0,0,0,0,,,0.0,0.0,23.0,0.0,0.0,0.0,0.0,1.0,1
10006,28,"Benzyl Benzoate 25%, Emulsion, 100ml, Bot",2023-07-01,0,0,0,0,,,0.0,0.0,0.0,0.0,0.0,0.0,0.0,1.0,1
10006,28,"Benzyl Benzoate 25%, Emulsion, 100ml, Bot",2023-10-01,0,0,0,0,,,0.0,0.0,0.0,0.0,0.0,0.0,0.0,1.0,1
10006,32,"Ampicillin 500mg, Pdr for IM/IV, Inj, Vial",2019-10-01,119,0,71,48,1.676056338028169,50.28169014084507,,,,,,,,,1
10006,32,"Ampicillin 500mg, Pdr for IM/IV, Inj, Vial",2019-11-01,48,0,48,0,1.0,30.0,71.0,-23.0,71.0,0.0,0.0,119.0,48.0,0.0,1
10006,32,"Ampicillin 500mg, Pdr for IM/IV, Inj, Vial",2019-12-01,0,0,0,0,,,48.0,-48.0,59.5,0.0,0.0,48.0,0.0,1.0,0
10006,32,"Ampicillin 500mg, Pdr for IM/IV, Inj, Vial",2020-01-01,0,156,80,76,0.0,0.0,0.0,80.0,39.66666666666666,0.0,0.0,0.0,0.0,1.0,1
10006,32,"Ampicillin 500mg, Pdr for IM/IV, Inj, Vial",2020-02-01,76,0,76,0,1.0,30.0,80.0,-4.0,42.66666666666666,156.0,52.0,0.0,76.0,0.0,1
10006,32,"Ampicillin 500mg, Pdr for IM/IV, Inj, Vial",2020-03-01,0,0,0,0,,,76.0,-76.0,52.0,0.0,52.0,76.0,0.0,1.0,1
10006,32,"Ampicillin 500mg, Pdr for IM/IV, Inj, Vial",2020-04-01,0,0,0,0,,,0.0,0.0,52.0,0.0,52.0,0.0,0.0,1.0,1
10006,32,"Ampicillin 500mg, Pdr for IM/IV, Inj, Vial",2020-05-01,0,0,0,0,,,0.0,0.0,25.33333333333333,0.0,0.0,0.0,0.0,1.0,1
10006,32,"Ampicillin 500mg, Pdr for IM/IV, Inj, Vial",2020-07-01,0,0,0,0,,,0.0,0.0,0.0,0.0,0.0,0.0,0.0,1.0,0
10006,32,"Ampicillin 500mg, Pdr for IM/IV, Inj, Vial",2020-08-01,0,311,49,262,0.0,0.0,0.0,49.0,0.0,0.0,0.0,0.0,0.0,1.0,0
10006,32,"Ampicillin 500mg, Pdr for IM/IV, Inj, Vial",2020-09-01,262,0,56,206,4.678571428571429,140.35714285714286,49.0,7.0,16.333333333333332,311.0,103.66666666666669,0.0,262.0,0.0,0
10006,32,"Ampicillin 500mg, Pdr for IM/IV, Inj, Vial",2020-10-01,206,0,83,123,2.4819277108433737,74.45783132530121,56.0,27.0,35.0,0.0,103.66666666666669,262.0,206.0,0.0,0
10006,32,"Ampicillin 500mg, Pdr for IM/IV, Inj, Vial",2020-11-01,123,0,65,58,1.892307692307692,56.76923076923077,83.0,-18.0,62.66666666666666,0.0,103.66666666666669,206.0,123.0,0.0,0
10006,32,"Ampicillin 500mg, Pdr for IM/IV, Inj, Vial",2020-12-01,58,242,53,247,1.0943396226415094,32.83018867924528,65.0,-12.0,68.0,0.0,0.0,123.0,58.0,0.0,0
10006,32,"Ampicillin 500mg, Pdr for IM/IV, Inj, Vial",2021-01-01,247,0,82,165,3.0121951219512195,90.36585365853658,53.0,29.0,67.0,242.0,80.66666666666667,58.0,247.0,0.0,0
10006,32,"Ampicillin 500mg, Pdr for IM/IV, Inj, Vial",2021-02-01,165,0,29,136,5.689655172413793,170.68965517241378,82.0,-53.0,66.66666666666667,0.0,80.66666666666667,247.0,165.0,0.0,0
10006,32,"Ampicillin 500mg, Pdr for IM/IV, Inj, Vial",2021-05-01,136,0,53,83,2.5660377358490565,76.98113207547169,29.0,24.0,54.66666666666666,0.0,80.66666666666667,165.0,136.0,0.0,0
10006,32,"Ampicillin 500mg, Pdr for IM/IV, Inj, Vial",2021-06-01,83,0,32,51,2.59375,77.8125,53.0,-21.0,54.66666666666666,0.0,0.0,136.0,83.0,0.0,1
10006,32,"Ampicillin 500mg, Pdr for IM/IV, Inj, Vial",2021-07-01,51,0,51,0,1.0,30.0,32.0,19.0,38.0,0.0,0.0,83.0,51.0,0.0,0
10006,32,"Ampicillin 500mg, Pdr for IM/IV, Inj, Vial",2021-08-01,0,247,79,168,0.0,0.0,51.0,28.0,45.333333333333336,0.0,0.0,51.0,0.0,1.0,0
10006,32,"Ampicillin 500mg, Pdr for IM/IV, Inj, Vial",2021-09-01,168,0,81,87,2.074074074074074,62.22222222222222,79.0,2.0,54.0,247.0,82.33333333333333,0.0,168.0,0.0,0
10006,32,"Ampicillin 500mg, Pdr for IM/IV, Inj, Vial",2021-10-01,87,0,63,24,1.380952380952381,41.42857142857143,81.0,-18.0,70.33333333333333,0.0,82.33333333333333,168.0,87.0,0.0,1
10006,32,"Ampicillin 500mg, Pdr for IM/IV, Inj, Vial",2022-01-01,24,0,24,0,1.0,30.0,63.0,-39.0,74.33333333333333,0.0,82.33333333333333,87.0,24.0,0.0,1
10006,32,"Ampicillin 500mg, Pdr for IM/IV, Inj, Vial",2022-02-01,0,0,0,0,,,24.0,-24.0,56.0,0.0,0.0,24.0,0.0,1.0,0
10006,32,"Ampicillin 500mg, Pdr for IM/IV, Inj, Vial",2022-03-01,0,325,128,197,0.0,0.0,0.0,128.0,29.0,0.0,0.0,0.0,0.0,1.0,0
10006,32,"Ampicillin 500mg, Pdr for IM/IV, Inj, Vial",2022-04-01,197,0,65,132,3.0307692307692307,90.92307692307692,128.0,-63.0,50.66666666666666,325.0,108.33333333333331,0.0,197.0,0.0,0
10006,32,"Ampicillin 500mg, Pdr for IM/IV, Inj, Vial",2022-05-01,132,0,64,68,2.0625,61.875,65.0,-1.0,64.33333333333333,0.0,108.33333333333331,197.0,132.0,0.0,0
10006,32,"Ampicillin 500mg, Pdr for IM/IV, Inj, Vial",2022-06-01,68,220,108,180,0.6296296296296297,18.88888888888889,64.0,44.0,85.66666666666667,0.0,108.33333333333331,132.0,68.0,0.0,0
10006,32,"Ampicillin 500mg, Pdr for IM/IV, Inj, Vial",2022-07-01,180,0,51,129,3.5294117647058822,105.88235294117646,108.0,-57.0,79.0,220.0,73.33333333333333,68.0,180.0,0.0,0
10006,32,"Ampicillin 500mg, Pdr for IM/IV, Inj, Vial",2022-08-01,129,0,93,36,1.3870967741935485,41.612903225806456,51.0,42.0,74.33333333333333,0.0,73.33333333333333,180.0,129.0,0.0,1
10006,32,"Ampicillin 500mg, Pdr for IM/IV, Inj, Vial",2022-09-01,36,0,36,0,1.0,30.0,93.0,-57.0,84.0,0.0,73.33333333333333,129.0,36.0,0.0,0
10006,32,"Ampicillin 500mg, Pdr for IM/IV, Inj, Vial",2022-10-01,0,261,73,188,0.0,0.0,36.0,37.0,60.0,0.0,0.0,36.0,0.0,1.0,0
10006,32,"Ampicillin 500mg, Pdr for IM/IV, Inj, Vial",2022-11-01,188,0,47,141,4.0,120.0,73.0,-26.0,67.33333333333333,261.0,87.0,0.0,188.0,0.0,0
10006,32,"Ampicillin 500mg, Pdr for IM/IV, Inj, Vial",2023-01-01,141,0,8,133,17.625,528.75,47.0,-39.0,52.0,0.0,87.0,188.0,141.0,0.0,0
10006,32,"Ampicillin 500mg, Pdr for IM/IV, Inj, Vial",2023-03-01,133,0,70,63,1.9,57.0,8.0,62.0,42.66666666666666,0.0,87.0,141.0,133.0,0.0,0
10006,32,"Ampicillin 500mg, Pdr for IM/IV, Inj, Vial",2023-04-01,63,265,59,269,1.0677966101694916,32.03389830508475,70.0,-11.0,41.66666666666666,0.0,0.0,133.0,63.0,0.0,0
10006,32,"Ampicillin 500mg, Pdr for IM/IV, Inj, Vial",2023-05-01,269,0,67,202,4.014925373134329,120.44776119402984,59.0,8.0,45.66666666666666,265.0,88.33333333333333,63.0,269.0,0.0,0
10006,32,"Ampicillin 500mg, Pdr for IM/IV, Inj, Vial",2023-07-01,202,0,75,127,2.6933333333333334,80.8,67.0,8.0,65.33333333333333,0.0,88.33333333333333,269.0,202.0,0.0,0
10006,32,"Ampicillin 500mg, Pdr for IM/IV, Inj, Vial",2023-09-01,127,0,54,73,2.351851851851852,70.55555555555554,75.0,-21.0,67.0,0.0,88.33333333333333,202.0,127.0,0.0,0
10006,32,"Ampicillin 500mg, Pdr for IM/IV, Inj, Vial",2023-10-01,73,239,104,208,0.7019230769230769,21.057692307692307,54.0,50.0,65.33333333333333,0.0,0.0,127.0,73.0,0.0,0
10006,34,"Folic Acid 5mg, Tab",2019-10-01,733,0,543,190,1.3499079189686924,40.49723756906077,,,,,,,,,1
10006,34,"Folic Acid 5mg, Tab",2019-11-01,190,0,190,0,1.0,30.0,543.0,-353.0,543.0,0.0,0.0,733.0,190.0,0.0,1
10006,34,"Folic Acid 5mg, Tab",2019-12-01,0,0,0,0,,,190.0,-190.0,366.5,0.0,0.0,190.0,0.0,1.0,1
10006,34,"Folic Acid 5mg, Tab",2020-01-01,0,0,0,0,,,0.0,0.0,244.33333333333331,0.0,0.0,0.0,0.0,1.0,0
10006,34,"Folic Acid 5mg, Tab",2020-02-01,0,1652,518,1134,0.0,0.0,0.0,518.0,63.333333333333336,0.0,0.0,0.0,0.0,1.0,0
10006,34,"Folic Acid 5mg, Tab",2020-03-01,1134,0,430,704,2.6372093023255814,79.11627906976744,518.0,-88.0,172.66666666666666,1652.0,550.6666666666666,0.0,1134.0,0.0,0
10006,34,"Folic Acid 5mg, Tab",2020-04-01,704,0,337,367,2.0890207715133533,62.6706231454006,430.0,-93.0,316.0,0.0,550.6666666666666,1134.0,704.0,0.0,0
10006,34,"Folic Acid 5mg, Tab",2020-05-01,367,2312,468,2211,0.7841880341880342,23.525641025641026,337.0,131.0,428.3333333333333,0.0,550.6666666666666,704.0,367.0,0.0,0
10006,34,"Folic Acid 5mg, Tab",2020-06-01,2211,0,687,1524,3.218340611353712,96.55021834061137,468.0,219.0,411.6666666666667,2312.0,770.6666666666666,367.0,2211.0,0.0,0
10006,34,"Folic Acid 5mg, Tab",2020-07-01,1524,0,709,815,2.14950634696756,64.4851904090268,687.0,22.0,497.3333333333333,0.0,770.6666666666666,2211.0,1524.0,0.0,0
10006,34,"Folic Acid 5mg, Tab",2020-08-01,815,0,235,580,3.4680851063829787,104.04255319148936,709.0,-474.0,621.3333333333334,0.0,770.6666666666666,1524.0,815.0,0.0,0
10006,34,"Folic Acid 5mg, Tab",2020-09-01,580,2195,545,2230,1.0642201834862386,31.92660550458716,235.0,310.0,543.6666666666666,0.0,0.0,815.0,580.0,0.0,0
10006,34,"Folic Acid 5mg, Tab",2020-10-01,2230,0,382,1848,5.837696335078534,175.13089005235602,545.0,-163.0,496.3333333333333,2195.0,731.6666666666666,580.0,2230.0,0.0,0
10006,34,"Folic Acid 5mg, Tab",2020-12-01,1848,0,747,1101,2.4738955823293174,74.21686746987952,382.0,365.0,387.3333333333333,0.0,731.6666666666666,2230.0,1848.0,0.0,0
10006,34,"Folic Acid 5mg, Tab",2021-01-01,1101,0,764,337,1.4410994764397906,43.23298429319372,747.0,17.0,558.0,0.0,731.6666666666666,1848.0,1101.0,0.0,1
10006,34,"Folic Acid 5mg, Tab",2021-02-01,337,0,337,0,1.0,30.0,764.0,-427.0,631.0,0.0,0.0,1101.0,337.0,0.0,0
10006,34,"Folic Acid 5mg, Tab",2021-03-01,0,1862,797,1065,0.0,0.0,337.0,460.0,616.0,0.0,0.0,337.0,0.0,1.0,0
10006,34,"Folic Acid 5mg, Tab",2021-04-01,1065,0,587,478,1.8143100511073251,54.42930153321976,797.0,-210.0,632.6666666666666,1862.0,620.6666666666666,0.0,1065.0,0.0,0
10006,34,"Folic Acid 5mg, Tab",2021-05-01,478,1617,799,1296,0.5982478097622027,17.94743429286608,587.0,212.0,573.6666666666666,0.0,620.6666666666666,1065.0,478.0,0.0,0
10006,34,"Folic Acid 5mg, Tab",2021-06-01,1296,0,528,768,2.4545454545454546,73.63636363636364,799.0,-271.0,727.6666666666666,1617.0,1159.6666666666667,478.0,1296.0,0.0,0
10006,34,"Folic Acid 5mg, Tab",2021-07-01,768,0,730,38,1.0520547945205478,31.56164383561644,528.0,202.0,638.0,0.0,539.0,1296.0,768.0,0.0,0
10006,34,"Folic Acid 5mg, Tab",2021-08-01,38,1591,344,1285,0.1104651162790697,3.313953488372093,730.0,-386.0,685.6666666666666,0.0,539.0,768.0,38.0,0.0,0
10006,34,"Folic Acid 5mg, Tab",2021-09-01,1285,0,826,459,1.555690072639225,46.67070217917675,344.0,482.0,534.0,1591.0,530.3333333333334,38.0,1285.0,0.0,0
10006,34,"Folic Acid 5mg, Tab",2021-10-01,459,2713,614,2558,0.747557003257329,22.42671009771987,826.0,-212.0,633.3333333333334,0.0,530.3333333333334,1285.0,459.0,0.0,0
10006,34,"Folic Acid 5mg, Tab",2021-12-01,2558,0,301,2257,8.498338870431894,254.9501661129568,614.0,-313.0,594.6666666666666,2713.0,1434.6666666666667,459.0,2558.0,0.0,0
10006,34,"Folic Acid 5mg, Tab",2022-01-01,2257,0,772,1485,2.923575129533679,87.70725388601036,301.0,471.0,580.3333333333334,0.0,904.3333333333334,2558.0,2257.0,0.0,0
10006,34,"Folic Acid 5mg, Tab",2022-02-01,1485,0,360,1125,4.125,123.75,772.0,-412.0,562.3333333333334,0.0,904.3333333333334,2257.0,1485.0,0.0,0
10006,34,"Folic Acid 5mg, Tab",2022-03-01,1125,0,508,617,2.2145669291338583,66.43700787401575,360.0,148.0,477.6666666666667,0.0,0.0,1485.0,1125.0,0.0,1
10006,34,"Folic Acid 5mg, Tab",2022-04-01,617,0,617,0,1.0,30.0,508.0,109.0,546.6666666666666,0.0,0.0,1125.0,617.0,0.0,0
10006,34,"Folic Acid 5mg, Tab",2022-05-01,0,2201,638,1563,0.0,0.0,617.0,21.0,495.0,0.0,0.0,617.0,0.0,1.0,0
10006,34,"Folic Acid 5mg, Tab",2022-06-01,1563,0,513,1050,3.046783625730994,91.40350877192982,638.0,-125.0,587.6666666666666,2201.0,733.6666666666666,0.0,1563.0,0.0,0
10006,34,"Folic Acid 5mg, Tab",2022-07-01,1050,0,682,368,1.5395894428152492,46.18768328445748,513.0,169.0,589.3333333333334,0.0,733.6666666666666,1563.0,1050.0,0.0,1
10006,34,"Folic Acid 5mg, Tab",2022-09-01,368,0,368,0,1.0,30.0,682.0,-314.0,611.0,0.0,733.6666666666666,1050.0,368.0,0.0,1
10006,34,"Folic Acid 5mg, Tab",2022-10-01,0,0,0,0,,,368.0,-368.0,521.0,0.0,0.0,368.0,0.0,1.0,1
10006,34,"Folic Acid 5mg, Tab",2022-11-01,0,0,0,0,,,0.0,0.0,350.0,0.0,0.0,0.0,0.0,1.0,0
10006,34,"Folic Acid 5mg, Tab",2022-12-01,0,1095,965,130,0.0,0.0,0.0,965.0,122.66666666666669,0.0,0.0,0.0,0.0,1.0,0
10006,34,"Folic Acid 5mg, Tab",2023-01-01,130,2469,581,2018,0.2237521514629948,6.712564543889846,965.0,-384.0,321.6666666666667,1095.0,365.0,0.0,130.0,0.0,0
10006,34,"Folic Acid 5mg, Tab",2023-02-01,2018,0,814,1204,2.479115479115479,74.37346437346437,581.0,233.0,515.3333333333334,2469.0,1188.0,130.0,2018.0,0.0,0
10006,34,"Folic Acid 5mg, Tab",2023-03-01,1204,0,493,711,2.4421906693711968,73.2657200811359,814.0,-321.0,786.6666666666666,0.0,1188.0,2018.0,1204.0,0.0,0
10006,34,"Folic Acid 5mg, Tab",2023-04-01,711,0,204,507,3.485294117647059,104.55882352941175,493.0,-289.0,629.3333333333334,0.0,823.0,1204.0,711.0,0.0,0
10006,34,"Folic Acid 5mg, Tab",2023-05-01,507,1066,967,606,0.5243019648397105,15.729058945191314,204.0,763.0,503.6666666666667,0.0,0.0,711.0,507.0,0.0,0
10006,34,"Folic Acid 5mg, Tab",2023-06-01,606,1521,514,1613,1.178988326848249,35.36964980544747,967.0,-453.0,554.6666666666666,1066.0,355.3333333333333,507.0,606.0,0.0,0
10006,34,"Folic Acid 5mg, Tab",2023-07-01,1613,0,721,892,2.2371705963938973,67.11511789181692,514.0,207.0,561.6666666666666,1521.0,862.3333333333334,606.0,1613.0,0.0,0
10006,34,"Folic Acid 5mg, Tab",2023-08-01,892,0,604,288,1.47682119205298,44.3046357615894,721.0,-117.0,734.0,0.0,862.3333333333334,1613.0,892.0,0.0,0
10006,34,"Folic Acid 5mg, Tab",2023-09-01,288,0,277,11,1.03971119133574,31.1913357400722,604.0,-327.0,613.0,0.0,507.0,892.0,288.0,0.0,1
10006,34,"Folic Acid 5mg, Tab",2023-10-01,11,0,11,0,1.0,30.0,277.0,-266.0,534.0,0.0,0.0,288.0,11.0,0.0,1
10006,39,"Oral Rehydration Salts (ORS), Sachet",2019-10-01,85,592,200,477,0.425,12.75,,,,,,,,,0
10006,39,"Oral Rehydration Salts (ORS), Sachet",2019-11-01,477,0,151,326,3.1589403973509933,94.7682119205298,200.0,-49.0,200.0,592.0,592.0,85.0,477.0,0.0,0
10006,39,"Oral Rehydration Salts (ORS), Sachet",2020-02-01,326,0,145,181,2.2482758620689656,67.44827586206897,151.0,-6.0,175.5,0.0,296.0,477.0,326.0,0.0,1
10006,39,"Oral Rehydration Salts (ORS), Sachet",2020-03-01,181,0,181,0,1.0,30.0,145.0,36.0,165.33333333333334,0.0,197.33333333333331,326.0,181.0,0.0,0
10006,39,"Oral Rehydration Salts (ORS), Sachet",2020-04-01,0,610,143,467,0.0,0.0,181.0,-38.0,159.0,0.0,0.0,181.0,0.0,1.0,0
10006,39,"Oral Rehydration Salts (ORS), Sachet",2020-05-01,467,0,184,283,2.5380434782608696,76.1413043478261,143.0,41.0,156.33333333333334,610.0,203.33333333333331,0.0,467.0,0.0,0
10006,39,"Oral Rehydration Salts (ORS), Sachet",2020-06-01,283,0,163,120,1.7361963190184049,52.08588957055215,184.0,-21.0,169.33333333333334,0.0,203.33333333333331,467.0,283.0,0.0,1
10006,39,"Oral Rehydration Salts (ORS), Sachet",2020-07-01,120,0,120,0,1.0,30.0,163.0,-43.0,163.33333333333334,0.0,203.33333333333331,283.0,120.0,0.0,0
10006,39,"Oral Rehydration Salts (ORS), Sachet",2020-08-01,0,425,265,160,0.0,0.0,120.0,145.0,155.66666666666666,0.0,0.0,120.0,0.0,1.0,0
10006,39,"Oral Rehydration Salts (ORS), Sachet",2020-09-01,160,0,95,65,1.6842105263157894,50.526315789473685,265.0,-170.0,182.66666666666663,425.0,141.66666666666666,0.0,160.0,0.0,0
10006,39,"Oral Rehydration Salts (ORS), Sachet",2020-10-01,65,623,233,455,0.278969957081545,8.369098712446352,95.0,138.0,160.0,0.0,141.66666666666666,160.0,65.0,0.0,0
10006,39,"Oral Rehydration Salts (ORS), Sachet",2020-12-01,455,0,253,202,1.798418972332016,53.95256916996048,233.0,20.0,197.66666666666663,623.0,349.3333333333333,65.0,455.0,0.0,0
10006,39,"Oral Rehydration Salts (ORS), Sachet",2021-01-01,202,0,160,42,1.2625,37.875,253.0,-93.0,193.66666666666663,0.0,207.66666666666663,455.0,202.0,0.0,1
10006,39,"Oral Rehydration Salts (ORS), Sachet",2021-02-01,42,0,42,0,1.0,30.0,160.0,-118.0,215.33333333333331,0.0,207.66666666666663,202.0,42.0,0.0,1
10006,39,"Oral Rehydration Salts (ORS), Sachet",2021-03-01,0,0,0,0,,,42.0,-42.0,151.66666666666666,0.0,0.0,42.0,0.0,1.0,1
10006,39,"Oral Rehydration Salts (ORS), Sachet",2021-04-01,0,0,0,0,,,0.0,0.0,67.33333333333333,0.0,0.0,0.0,0.0,1.0,0
10006,39,"Oral Rehydration Salts (ORS), Sachet",2021-06-01,0,715,158,557,0.0,0.0,0.0,158.0,14.0,0.0,0.0,0.0,0.0,1.0,0
10006,39,"Oral Rehydration Salts (ORS), Sachet",2021-07-01,557,0,148,409,3.7635135135135136,112.9054054054054,158.0,-10.0,52.66666666666666,715.0,238.33333333333331,0.0,557.0,0.0,0
10006,39,"Oral Rehydration Salts (ORS), Sachet",2021-08-01,409,0,104,305,3.932692307692308,117.98076923076924,148.0,-44.0,102.0,0.0,238.33333333333331,557.0,409.0,0.0,0
10006,39,"Oral Rehydration Salts (ORS), Sachet",2021-09-01,305,0,172,133,1.7732558139534884,53.19767441860465,104.0,68.0,136.66666666666666,0.0,238.33333333333331,409.0,305.0,0.0,0
10006,39,"Oral Rehydration Salts (ORS), Sachet",2021-11-01,133,710,37,806,3.5945945945945947,107.83783783783784,172.0,-135.0,141.33333333333334,0.0,0.0,305.0,133.0,0.0,0
10006,39,"Oral Rehydration Salts (ORS), Sachet",2021-12-01,806,0,242,564,3.330578512396694,99.91735537190084,37.0,205.0,104.33333333333331,710.0,236.66666666666663,133.0,806.0,0.0,0
10006,39,"Oral Rehydration Salts (ORS), Sachet",2022-01-01,564,0,40,524,14.1,423.0,242.0,-202.0,150.33333333333334,0.0,236.66666666666663,806.0,564.0,0.0,0
10006,39,"Oral Rehydration Salts (ORS), Sachet",2022-02-01,524,0,88,436,5.954545454545454,178.63636363636363,40.0,48.0,106.33333333333331,0.0,236.66666666666663,564.0,524.0,0.0,0
10006,39,"Oral Rehydration Salts (ORS), Sachet",2022-06-01,436,0,104,332,4.1923076923076925,125.76923076923076,88.0,16.0,123.33333333333331,0.0,0.0,524.0,436.0,0.0,0
10006,39,"Oral Rehydration Salts (ORS), Sachet",2022-07-01,332,0,15,317,22.133333333333333,664.0,104.0,-89.0,77.33333333333333,0.0,0.0,436.0,332.0,0.0,0
10006,39,"Oral Rehydration Salts (ORS), Sachet",2022-08-01,317,0,98,219,3.2346938775510203,97.0408163265306,15.0,83.0,69.0,0.0,0.0,332.0,317.0,0.0,0
10006,39,"Oral Rehydration Salts (ORS), Sachet",2022-09-01,219,0,134,85,1.6343283582089552,49.02985074626866,98.0,36.0,72.33333333333333,0.0,0.0,317.0,219.0,0.0,0
10006,39,"Oral Rehydration Salts (ORS), Sachet",2022-10-01,85,328,136,277,0.625,18.75,134.0,2.0,82.33333333333333,0.0,0.0,219.0,85.0,0.0,0
10006,39,"Oral Rehydration Salts (ORS), Sachet",2022-12-01,277,0,169,108,1.6390532544378698,49.171597633136095,136.0,33.0,122.66666666666669,328.0,109.33333333333331,85.0,277.0,0.0,0
10006,39,"Oral Rehydration Salts (ORS), Sachet",2023-06-01,108,0,67,41,1.611940298507463,48.35820895522388,169.0,-102.0,146.33333333333334,0.0,109.33333333333331,277.0,108.0,0.0,1
10006,39,"Oral Rehydration Salts (ORS), Sachet",2023-07-01,41,0,41,0,1.0,30.0,67.0,-26.0,124.0,0.0,109.33333333333331,108.0,41.0,0.0,1
10006,39,"Oral Rehydration Salts (ORS), Sachet",2023-10-01,0,0,0,0,,,41.0,-41.0,92.33333333333331,0.0,0.0,41.0,0.0,1.0,1
10006,42,"Methyldopa 250mg, Tab",2019-11-01,123,0,89,34,1.3820224719101124,41.46067415730337,,,,,,,,,0
10006,42,"Methyldopa 250mg, Tab",2019-12-01,34,235,88,181,0.3863636363636363,11.59090909090909,89.0,-1.0,89.0,0.0,0.0,123.0,34.0,0.0,0
10006,42,"Methyldopa 250mg, Tab",2020-01-01,181,0,105,76,1.723809523809524,51.71428571428572,88.0,17.0,88.5,235.0,117.5,34.0,181.0,0.0,0
10006,42,"Methyldopa 250mg, Tab",2020-02-01,76,265,107,234,0.7102803738317757,21.30841121495327,105.0,2.0,94.0,0.0,78.33333333333333,181.0,76.0,0.0,0
10006,42,"Methyldopa 250mg, Tab",2020-03-01,234,0,73,161,3.2054794520547945,96.16438356164385,107.0,-34.0,100.0,265.0,166.66666666666666,76.0,234.0,0.0,0
10006,42,"Methyldopa 250mg, Tab",2020-04-01,161,0,85,76,1.8941176470588237,56.8235294117647,73.0,12.0,95.0,0.0,88.33333333333333,234.0,161.0,0.0,0
10006,42,"Methyldopa 250mg, Tab",2020-05-01,76,0,47,29,1.6170212765957446,48.51063829787234,85.0,-38.0,88.33333333333333,0.0,88.33333333333333,161.0,76.0,0.0,1
10006,42,"Methyldopa 250mg, Tab",2020-06-01,29,0,29,0,1.0,30.0,47.0,-18.0,68.33333333333333,0.0,0.0,76.0,29.0,0.0,0
10006,42,"Methyldopa 250mg, Tab",2020-07-01,0,242,58,184,0.0,0.0,29.0,29.0,53.66666666666666,0.0,0.0,29.0,0.0,1.0,0
10006,42,"Methyldopa 250mg, Tab",2020-08-01,184,0,60,124,3.066666666666667,92.0,58.0,2.0,44.66666666666666,242.0,80.66666666666667,0.0,184.0,0.0,0
10006,42,"Methyldopa 250mg, Tab",2020-11-01,124,0,34,90,3.647058823529412,109.41176470588236,60.0,-26.0,49.0,0.0,80.66666666666667,184.0,124.0,0.0,0
10006,42,"Methyldopa 250mg, Tab",2020-12-01,90,0,71,19,1.267605633802817,38.02816901408451,34.0,37.0,50.66666666666666,0.0,80.66666666666667,124.0,90.0,0.0,0
10006,42,"Methyldopa 250mg, Tab",2021-02-01,19,122,84,57,0.2261904761904762,6.785714285714286,71.0,13.0,55.0,0.0,0.0,90.0,19.0,0.0,1
10006,42,"Methyldopa 250mg, Tab",2021-03-01,57,0,57,0,1.0,30.0,84.0,-27.0,63.0,122.0,40.66666666666666,19.0,57.0,0.0,1
10006,42,"Methyldopa 250mg, Tab",2021-04-01,0,0,0,0,,,57.0,-57.0,70.66666666666667,0.0,40.66666666666666,57.0,0.0,1.0,0
10006,42,"Methyldopa 250mg, Tab",2021-05-01,0,173,61,112,0.0,0.0,0.0,61.0,47.0,0.0,40.66666666666666,0.0,0.0,1.0,0
10006,42,"Methyldopa 250mg, Tab",2021-07-01,112,0,69,43,1.6231884057971016,48.69565217391305,61.0,8.0,39.333333333333336,173.0,57.66666666666666,0.0,112.0,0.0,1
10006,42,"Methyldopa 250mg, Tab",2021-08-01,43,0,43,0,1.0,30.0,69.0,-26.0,43.333333333333336,0.0,57.66666666666666,112.0,43.0,0.0,0
10006,42,"Methyldopa 250mg, Tab",2021-09-01,0,242,0,242,,,43.0,-43.0,57.66666666666666,0.0,57.66666666666666,43.0,0.0,1.0,0
10006,42,"Methyldopa 250mg, Tab",2021-10-01,242,0,71,171,3.408450704225352,102.25352112676056,0.0,71.0,37.333333333333336,242.0,80.66666666666667,0.0,242.0,0.0,0
10006,42,"Methyldopa 250mg, Tab",2021-11-01,171,0,105,66,1.6285714285714286,48.85714285714285,71.0,34.0,38.0,0.0,80.66666666666667,242.0,171.0,0.0,0
10006,42,"Methyldopa 250mg, Tab",2021-12-01,66,129,129,66,0.5116279069767442,15.348837209302326,105.0,24.0,58.66666666666666,0.0,80.66666666666667,171.0,66.0,0.0,0
10006,42,"Methyldopa 250mg, Tab",2022-01-01,66,0,57,9,1.1578947368421053,34.73684210526316,129.0,-72.0,101.66666666666669,129.0,43.0,66.0,66.0,0.0,0
10006,42,"Methyldopa 250mg, Tab",2022-02-01,9,314,41,282,0.2195121951219512,6.585365853658536,57.0,-16.0,97.0,0.0,43.0,66.0,9.0,0.0,0
10006,42,"Methyldopa 250mg, Tab",2022-03-01,282,0,89,193,3.168539325842697,95.05617977528092,41.0,48.0,75.66666666666667,314.0,147.66666666666666,9.0,282.0,0.0,0
10006,42,"Methyldopa 250mg, Tab",2022-05-01,193,0,58,135,3.327586206896552,99.82758620689654,89.0,-31.0,62.333333333333336,0.0,104.66666666666669,282.0,193.0,0.0,0
10006,42,"Methyldopa 250mg, Tab",2022-06-01,135,0,30,105,4.5,135.0,58.0,-28.0,62.66666666666666,0.0,104.66666666666669,193.0,135.0,0.0,0
10006,42,"Methyldopa 250mg, Tab",2022-07-01,105,0,34,71,3.088235294117647,92.64705882352942,30.0,4.0,59.0,0.0,0.0,135.0,105.0,0.0,0
10006,42,"Methyldopa 250mg, Tab",2022-08-01,71,203,100,174,0.71,21.3,34.0,66.0,40.66666666666666,0.0,0.0,105.0,71.0,0.0,0
10006,42,"Methyldopa 250mg, Tab",2022-09-01,174,0,83,91,2.0963855421686746,62.89156626506024,100.0,-17.0,54.66666666666666,203.0,67.66666666666667,71.0,174.0,0.0,0
10006,42,"Methyldopa 250mg, Tab",2022-10-01,91,0,53,38,1.7169811320754718,51.50943396226416,83.0,-30.0,72.33333333333333,0.0,67.66666666666667,174.0,91.0,0.0,1
10006,42,"Methyldopa 250mg, Tab",2022-11-01,38,0,38,0,1.0,30.0,53.0,-15.0,78.66666666666667,0.0,67.66666666666667,91.0,38.0,0.0,0
10006,42,"Methyldopa 250mg, Tab",2022-12-01,0,212,47,165,0.0,0.0,38.0,9.0,58.0,0.0,0.0,38.0,0.0,1.0,0
10006,42,"Methyldopa 250mg, Tab",2023-01-01,165,0,105,60,1.5714285714285714,47.14285714285714,47.0,58.0,46.0,212.0,70.66666666666667,0.0,165.0,0.0,0
10006,42,"Methyldopa 250mg, Tab",2023-02-01,60,0,27,33,2.2222222222222223,66.66666666666667,105.0,-78.0,63.333333333333336,0.0,70.66666666666667,165.0,60.0,0.0,1
10006,42,"Methyldopa 250mg, Tab",2023-03-01,33,0,33,0,1.0,30.0,27.0,6.0,59.66666666666666,0.0,70.66666666666667,60.0,33.0,0.0,0
10006,42,"Methyldopa 250mg, Tab",2023-04-01,0,105,102,3,0.0,0.0,33.0,69.0,55.0,0.0,0.0,33.0,0.0,1.0,1
10006,42,"Methyldopa 250mg, Tab",2023-05-01,3,0,3,0,1.0,30.0,102.0,-99.0,54.0,105.0,35.0,0.0,3.0,0.0,0
10006,42,"Methyldopa 250mg, Tab",2023-06-01,0,282,93,189,0.0,0.0,3.0,90.0,46.0,0.0,35.0,3.0,0.0,1.0,0
10006,42,"Methyldopa 250mg, Tab",2023-07-01,189,0,44,145,4.295454545454546,128.86363636363637,93.0,-49.0,66.0,282.0,129.0,0.0,189.0,0.0,0
10006,42,"Methyldopa 250mg, Tab",2023-08-01,145,0,107,38,1.355140186915888,40.65420560747664,44.0,63.0,46.66666666666666,0.0,94.0,189.0,145.0,0.0,0
10006,42,"Methyldopa 250mg, Tab",2023-09-01,38,219,82,175,0.4634146341463415,13.902439024390244,107.0,-25.0,81.33333333333333,0.0,94.0,145.0,38.0,0.0,0
10006,42,"Methyldopa 250mg, Tab",2023-10-01,175,0,32,143,5.46875,164.0625,82.0,-50.0,77.66666666666667,219.0,73.0,38.0,175.0,0.0,0
10006,43,"Zinc Sulphate 20mg, Dispersible, Tab",2019-10-01,131,0,122,9,1.0737704918032789,32.21311475409836,,,,,,,,,1
10006,43,"Zinc Sulphate 20mg, Dispersible, Tab",2019-11-01,9,0,9,0,1.0,30.0,122.0,-113.0,122.0,0.0,0.0,131.0,9.0,0.0,0
10006,43,"Zinc Sulphate 20mg, Dispersible, Tab",2019-12-01,0,345,221,124,0.0,0.0,9.0,212.0,65.5,0.0,0.0,9.0,0.0,1.0,1
10006,43,"Zinc Sulphate 20mg, Dispersible, Tab",2020-01-01,124,0,124,0,1.0,30.0,221.0,-97.0,117.33333333333331,345.0,115.0,0.0,124.0,0.0,1
10006,43,"Zinc Sulphate 20mg, Dispersible, Tab",2020-02-01,0,0,0,0,,,124.0,-124.0,118.0,0.0,115.0,124.0,0.0,1.0,0
10006,43,"Zinc Sulphate 20mg, Dispersible, Tab",2020-03-01,0,544,194,350,0.0,0.0,0.0,194.0,115.0,0.0,115.0,0.0,0.0,1.0,0
10006,43,"Zinc Sulphate 20mg, Dispersible, Tab",2020-04-01,350,0,193,157,1.8134715025906736,54.40414507772021,194.0,-1.0,106.0,544.0,181.33333333333331,0.0,350.0,0.0,0
10006,43,"Zinc Sulphate 20mg, Dispersible, Tab",2020-05-01,157,0,145,12,1.0827586206896551,32.48275862068965,193.0,-48.0,129.0,0.0,181.33333333333331,350.0,157.0,0.0,0
10006,43,"Zinc Sulphate 20mg, Dispersible, Tab",2020-07-01,12,432,123,321,0.0975609756097561,2.926829268292683,145.0,-22.0,177.33333333333334,0.0,181.33333333333331,157.0,12.0,0.0,0
10006,43,"Zinc Sulphate 20mg, Dispersible, Tab",2020-08-01,321,0,49,272,6.551020408163265,196.53061224489795,123.0,-74.0,153.66666666666666,432.0,144.0,12.0,321.0,0.0,0
10006,43,"Zinc Sulphate 20mg, Dispersible, Tab",2020-09-01,272,0,38,234,7.157894736842105,214.73684210526315,49.0,-11.0,105.66666666666669,0.0,144.0,321.0,272.0,0.0,0
10006,43,"Zinc Sulphate 20mg, Dispersible, Tab",2020-10-01,234,0,66,168,3.5454545454545454,106.36363636363636,38.0,28.0,70.0,0.0,144.0,272.0,234.0,0.0,0
10006,43,"Zinc Sulphate 20mg, Dispersible, Tab",2020-11-01,168,0,130,38,1.2923076923076924,38.76923076923077,66.0,64.0,51.0,0.0,0.0,234.0,168.0,0.0,0
10006,43,"Zinc Sulphate 20mg, Dispersible, Tab",2021-01-01,38,371,131,278,0.2900763358778626,8.702290076335878,130.0,1.0,78.0,0.0,0.0,168.0,38.0,0.0,0
10006,43,"Zinc Sulphate 20mg, Dispersible, Tab",2021-04-01,278,0,56,222,4.964285714285714,148.92857142857144,131.0,-75.0,109.0,371.0,123.66666666666669,38.0,278.0,0.0,0
10006,43,"Zinc Sulphate 20mg, Dispersible, Tab",2021-05-01,222,0,46,176,4.826086956521739,144.7826086956522,56.0,-10.0,105.66666666666669,0.0,123.66666666666669,278.0,222.0,0.0,0
10006,43,"Zinc Sulphate 20mg, Dispersible, Tab",2021-06-01,176,0,173,3,1.0173410404624277,30.52023121387283,46.0,127.0,77.66666666666667,0.0,123.66666666666669,222.0,176.0,0.0,1
10006,43,"Zinc Sulphate 20mg, Dispersible, Tab",2021-07-01,3,0,3,0,1.0,30.0,173.0,-170.0,91.66666666666669,0.0,0.0,176.0,3.0,0.0,1
10006,43,"Zinc Sulphate 20mg, Dispersible, Tab",2021-08-01,0,0,0,0,,,3.0,-3.0,74.0,0.0,0.0,3.0,0.0,1.0,1
10006,43,"Zinc Sulphate 20mg, Dispersible, Tab",2021-09-01,0,0,0,0,,,0.0,0.0,58.66666666666666,0.0,0.0,0.0,0.0,1.0,1
10006,43,"Zinc Sulphate 20mg, Dispersible, Tab",2021-11-01,0,0,0,0,,,0.0,0.0,1.0,0.0,0.0,0.0,0.0,1.0,1
10006,43,"Zinc Sulphate 20mg, Dispersible, Tab",2021-12-01,0,0,0,0,,,0.0,0.0,0.0,0.0,0.0,0.0,0.0,1.0,1
10006,43,"Zinc Sulphate 20mg, Dispersible, Tab",2022-01-01,0,0,0,0,,,0.0,0.0,0.0,0.0,0.0,0.0,0.0,1.0,0
10006,43,"Zinc Sulphate 20mg, Dispersible, Tab",2022-03-01,0,515,210,305,0.0,0.0,0.0,210.0,0.0,0.0,0.0,0.0,0.0,1.0,0
10006,43,"Zinc Sulphate 20mg, Dispersible, Tab",2022-05-01,305,0,50,255,6.1,183.0,210.0,-160.0,70.0,515.0,171.66666666666666,0.0,305.0,0.0,0
10006,43,"Zinc Sulphate 20mg, Dispersible, Tab",2022-06-01,255,0,144,111,1.7708333333333333,53.125,50.0,94.0,86.66666666666667,0.0,171.66666666666666,305.0,255.0,0.0,0
10006,43,"Zinc Sulphate 20mg, Dispersible, Tab",2022-07-01,111,310,118,303,0.940677966101695,28.220338983050848,144.0,-26.0,134.66666666666666,0.0,171.66666666666666,255.0,111.0,0.0,0
10006,43,"Zinc Sulphate 20mg, Dispersible, Tab",2022-09-01,303,0,35,268,8.657142857142857,259.7142857142857,118.0,-83.0,104.0,310.0,103.33333333333331,111.0,303.0,0.0,0
10006,43,"Zinc Sulphate 20mg, Dispersible, Tab",2022-10-01,268,0,40,228,6.7,201.0,35.0,5.0,99.0,0.0,103.33333333333331,303.0,268.0,0.0,0
10006,43,"Zinc Sulphate 20mg, Dispersible, Tab",2022-11-01,228,0,66,162,3.4545454545454546,103.63636363636364,40.0,26.0,64.33333333333333,0.0,103.33333333333331,268.0,228.0,0.0,0
10006,43,"Zinc Sulphate 20mg, Dispersible, Tab",2022-12-01,162,0,66,96,2.4545454545454546,73.63636363636364,66.0,0.0,47.0,0.0,0.0,228.0,162.0,0.0,0
10006,43,"Zinc Sulphate 20mg, Dispersible, Tab",2023-01-01,96,615,130,581,0.7384615384615385,22.153846153846157,66.0,64.0,57.333333333333336,0.0,0.0,162.0,96.0,0.0,0
10006,43,"Zinc Sulphate 20mg, Dispersible, Tab",2023-02-01,581,0,25,556,23.24,697.1999999999999,130.0,-105.0,87.33333333333333,615.0,205.0,96.0,581.0,0.0,0
10006,43,"Zinc Sulphate 20mg, Dispersible, Tab",2023-03-01,556,0,95,461,5.852631578947369,175.57894736842107,25.0,70.0,73.66666666666667,0.0,205.0,581.0,556.0,0.0,0
10006,43,"Zinc Sulphate 20mg, Dispersible, Tab",2023-04-01,461,0,187,274,2.46524064171123,73.9572192513369,95.0,92.0,83.33333333333333,0.0,205.0,556.0,461.0,0.0,0
10006,43,"Zinc Sulphate 20mg, Dispersible, Tab",2023-06-01,274,0,3,271,91.33333333333331,2740.0,187.0,-184.0,102.33333333333331,0.0,0.0,461.0,274.0,0.0,0
10006,43,"Zinc Sulphate 20mg, Dispersible, Tab",2023-07-01,271,0,196,75,1.3826530612244898,41.4795918367347,3.0,193.0,95.0,0.0,0.0,274.0,271.0,0.0,0
10006,43,"Zinc Sulphate 20mg, Dispersible, Tab",2023-10-01,75,447,97,425,0.7731958762886598,23.195876288659797,196.0,-99.0,128.66666666666666,0.0,0.0,271.0,75.0,0.0,0
10006,46,"Paracetamol (Acetaminophen) 250mg, Dispersible, Tab",2019-10-01,706,0,599,107,1.1786310517529217,35.35893155258764,,,,,,,,,1
10006,46,"Paracetamol (Acetaminophen) 250mg, Dispersible, Tab",2019-11-01,107,0,107,0,1.0,30.0,599.0,-492.0,599.0,0.0,0.0,706.0,107.0,0.0,1
10006,46,"Paracetamol (Acetaminophen) 250mg, Dispersible, Tab",2020-01-01,0,0,0,0,,,107.0,-107.0,353.0,0.0,0.0,107.0,0.0,1.0,0
10006,46,"Paracetamol (Acetaminophen) 250mg, Dispersible, Tab",2020-02-01,0,1399,402,997,0.0,0.0,0.0,402.0,235.33333333333331,0.0,0.0,0.0,0.0,1.0,0
10006,46,"Paracetamol (Acetaminophen) 250mg, Dispersible, Tab",2020-03-01,997,0,617,380,1.6158833063209077,48.47649918962723,402.0,215.0,169.66666666666666,1399.0,466.3333333333333,0.0,997.0,0.0,0
10006,46,"Paracetamol (Acetaminophen) 250mg, Dispersible, Tab",2020-04-01,380,0,297,83,1.2794612794612794,38.38383838383838,617.0,-320.0,339.6666666666667,0.0,466.3333333333333,997.0,380.0,0.0,0
10006,46,"Paracetamol (Acetaminophen) 250mg, Dispersible, Tab",2020-05-01,83,1512,233,1362,0.3562231759656652,10.686695278969957,297.0,-64.0,438.6666666666667,0.0,466.3333333333333,380.0,83.0,0.0,0
10006,46,"Paracetamol (Acetaminophen) 250mg, Dispersible, Tab",2020-06-01,1362,0,492,870,2.768292682926829,83.04878048780488,233.0,259.0,382.3333333333333,1512.0,504.0,83.0,1362.0,0.0,0
10006,46,"Paracetamol (Acetaminophen) 250mg, Dispersible, Tab",2020-07-01,870,0,825,45,1.0545454545454545,31.636363636363637,492.0,333.0,340.6666666666667,0.0,504.0,1362.0,870.0,0.0,0
10006,46,"Paracetamol (Acetaminophen) 250mg, Dispersible, Tab",2020-08-01,45,1746,870,921,0.0517241379310344,1.5517241379310345,825.0,45.0,516.6666666666666,0.0,504.0,870.0,45.0,0.0,0
10006,46,"Paracetamol (Acetaminophen) 250mg, Dispersible, Tab",2020-10-01,921,0,470,451,1.9595744680851064,58.7872340425532,870.0,-400.0,729.0,1746.0,582.0,45.0,921.0,0.0,0
10006,46,"Paracetamol (Acetaminophen) 250mg, Dispersible, Tab",2020-11-01,451,0,255,196,1.768627450980392,53.05882352941176,470.0,-215.0,721.6666666666666,0.0,582.0,921.0,451.0,0.0,1
10006,46,"Paracetamol (Acetaminophen) 250mg, Dispersible, Tab",2021-02-01,196,0,196,0,1.0,30.0,255.0,-59.0,531.6666666666666,0.0,582.0,451.0,196.0,0.0,0
10006,46,"Paracetamol (Acetaminophen) 250mg, Dispersible, Tab",2021-03-01,0,1642,331,1311,0.0,0.0,196.0,135.0,307.0,0.0,0.0,196.0,0.0,1.0,0
10006,46,"Paracetamol (Acetaminophen) 250mg, Dispersible, Tab",2021-04-01,1311,0,621,690,2.111111111111111,63.333333333333336,331.0,290.0,260.6666666666667,1642.0,547.3333333333334,0.0,1311.0,0.0,1
10006,46,"Paracetamol (Acetaminophen) 250mg, Dispersible, Tab",2021-06-01,690,0,690,0,1.0,30.0,621.0,69.0,382.6666666666667,0.0,547.3333333333334,1311.0,690.0,0.0,1
10006,46,"Paracetamol (Acetaminophen) 250mg, Dispersible, Tab",2021-07-01,0,0,0,0,,,690.0,-690.0,547.3333333333334,0.0,547.3333333333334,690.0,0.0,1.0,1
10006,46,"Paracetamol (Acetaminophen) 250mg, Dispersible, Tab",2021-10-01,0,0,0,0,,,0.0,0.0,437.0,0.0,0.0,0.0,0.0,1.0,0
10006,46,"Paracetamol (Acetaminophen) 250mg, Dispersible, Tab",2021-11-01,0,1911,622,1289,0.0,0.0,0.0,622.0,230.0,0.0,0.0,0.0,0.0,1.0,0
10006,46,"Paracetamol (Acetaminophen) 250mg, Dispersible, Tab",2021-12-01,1289,0,621,668,2.075684380032206,62.27053140096618,622.0,-1.0,207.33333333333331,1911.0,637.0,0.0,1289.0,0.0,1
10006,46,"Paracetamol (Acetaminophen) 250mg, Dispersible, Tab",2022-01-01,668,0,668,0,1.0,30.0,621.0,47.0,414.3333333333333,0.0,637.0,1289.0,668.0,0.0,0
10006,46,"Paracetamol (Acetaminophen) 250mg, Dispersible, Tab",2022-02-01,0,1868,269,1599,0.0,0.0,668.0,-399.0,637.0,0.0,637.0,668.0,0.0,1.0,0
10006,46,"Paracetamol (Acetaminophen) 250mg, Dispersible, Tab",2022-03-01,1599,0,446,1153,3.585201793721973,107.5560538116592,269.0,177.0,519.3333333333334,1868.0,622.6666666666666,0.0,1599.0,0.0,0
10006,46,"Paracetamol (Acetaminophen) 250mg, Dispersible, Tab",2022-04-01,1153,0,686,467,1.6807580174927117,50.42274052478135,446.0,240.0,461.0,0.0,622.6666666666666,1599.0,1153.0,0.0,0
10006,46,"Paracetamol (Acetaminophen) 250mg, Dispersible, Tab",2022-05-01,467,2032,305,2194,1.5311475409836066,45.9344262295082,686.0,-381.0,467.0,0.0,622.6666666666666,1153.0,467.0,0.0,0
10006,46,"Paracetamol (Acetaminophen) 250mg, Dispersible, Tab",2022-06-01,2194,0,174,2020,12.60919540229885,378.2758620689655,305.0,-131.0,479.0,2032.0,677.3333333333334,467.0,2194.0,0.0,0
10006,46,"Paracetamol (Acetaminophen) 250mg, Dispersible, Tab",2022-07-01,2020,0,779,1241,2.593068035943517,77.79204107830552,174.0,605.0,388.3333333333333,0.0,677.3333333333334,2194.0,2020.0,0.0,0
10006,46,"Paracetamol (Acetaminophen) 250mg, Dispersible, Tab",2022-08-01,1241,0,0,1241,,,779.0,-779.0,419.3333333333333,0.0,677.3333333333334,2020.0,1241.0,0.0,0
10006,46,"Paracetamol (Acetaminophen) 250mg, Dispersible, Tab",2022-09-01,1241,0,733,508,1.6930422919508867,50.7912687585266,0.0,733.0,317.6666666666667,0.0,0.0,1241.0,1241.0,0.0,0
10006,46,"Paracetamol (Acetaminophen) 250mg, Dispersible, Tab",2022-10-01,508,950,330,1128,1.539393939393939,46.18181818181818,733.0,-403.0,504.0,0.0,0.0,1241.0,508.0,0.0,0
10006,46,"Paracetamol (Acetaminophen) 250mg, Dispersible, Tab",2022-11-01,1128,0,422,706,2.6729857819905214,80.18957345971565,330.0,92.0,354.3333333333333,950.0,316.6666666666667,508.0,1128.0,0.0,1
10006,46,"Paracetamol (Acetaminophen) 250mg, Dispersible, Tab",2022-12-01,706,0,706,0,1.0,30.0,422.0,284.0,495.0,0.0,316.6666666666667,1128.0,706.0,0.0,0
10006,46,"Paracetamol (Acetaminophen) 250mg, Dispersible, Tab",2023-01-01,0,1464,232,1232,0.0,0.0,706.0,-474.0,486.0,0.0,316.6666666666667,706.0,0.0,1.0,0
10006,46,"Paracetamol (Acetaminophen) 250mg, Dispersible, Tab",2023-02-01,1232,0,87,1145,14.160919540229886,424.82758620689657,232.0,-145.0,453.3333333333333,1464.0,488.0,0.0,1232.0,0.0,0
10006,46,"Paracetamol (Acetaminophen) 250mg, Dispersible, Tab",2023-03-01,1145,0,470,675,2.436170212765957,73.08510638297872,87.0,383.0,341.6666666666667,0.0,488.0,1232.0,1145.0,0.0,0
10006,46,"Paracetamol (Acetaminophen) 250mg, Dispersible, Tab",2023-04-01,675,0,464,211,1.4547413793103448,43.64224137931034,470.0,-6.0,263.0,0.0,488.0,1145.0,675.0,0.0,1
10006,46,"Paracetamol (Acetaminophen) 250mg, Dispersible, Tab",2023-05-01,211,0,211,0,1.0,30.0,464.0,-253.0,340.3333333333333,0.0,0.0,675.0,211.0,0.0,1
10006,46,"Paracetamol (Acetaminophen) 250mg, Dispersible, Tab",2023-06-01,0,0,0,0,,,211.0,-211.0,381.6666666666667,0.0,0.0,211.0,0.0,1.0,0
10006,46,"Paracetamol (Acetaminophen) 250mg, Dispersible, Tab",2023-07-01,0,1470,579,891,0.0,0.0,0.0,579.0,225.0,0.0,0.0,0.0,0.0,1.0,0
10006,47,"Chlorhexidine Gluconate 7.1%, Gel",2019-10-01,5,0,0,5,,,,,,,,,,,0
10006,47,"Chlorhexidine Gluconate 7.1%, Gel",2019-11-01,5,0,4,1,1.25,37.5,0.0,4.0,0.0,0.0,0.0,5.0,5.0,0.0,0
10006,47,"Chlorhexidine Gluconate 7.1%, Gel",2019-12-01,1,11,0,12,,,4.0,-4.0,2.0,0.0,0.0,5.0,1.0,0.0,0
10006,47,"Chlorhexidine Gluconate 7.1%, Gel",2020-01-01,12,0,2,10,6.0,180.0,0.0,2.0,1.3333333333333333,11.0,3.6666666666666665,1.0,12.0,0.0,0
10006,47,"Chlorhexidine Gluconate 7.1%, Gel",2020-02-01,10,0,1,9,10.0,300.0,2.0,-1.0,2.0,0.0,3.6666666666666665,12.0,10.0,0.0,0
10006,47,"Chlorhexidine Gluconate 7.1%, Gel",2020-04-01,9,0,0,9,,,1.0,-1.0,1.0,0.0,3.6666666666666665,10.0,9.0,0.0,0
10006,47,"Chlorhexidine Gluconate 7.1%, Gel",2020-05-01,9,0,5,4,1.8,54.0,0.0,5.0,1.0,0.0,0.0,9.0,9.0,0.0,0
10006,47,"Chlorhexidine Gluconate 7.1%, Gel",2020-06-01,4,13,4,13,1.0,30.0,5.0,-1.0,2.0,0.0,0.0,9.0,4.0,0.0,0
10006,47,"Chlorhexidine Gluconate 7.1%, Gel",2020-08-01,13,0,3,10,4.333333333333333,130.0,4.0,-1.0,3.0,13.0,4.333333333333333,4.0,13.0,0.0,0
10006,47,"Chlorhexidine Gluconate 7.1%, Gel",2020-09-01,10,0,3,7,3.333333333333333,100.0,3.0,0.0,4.0,0.0,4.333333333333333,13.0,10.0,0.0,0
10006,47,"Chlorhexidine Gluconate 7.1%, Gel",2020-10-01,7,0,5,2,1.4,42.0,3.0,2.0,3.333333333333333,0.0,4.333333333333333,10.0,7.0,0.0,1
10006,47,"Chlorhexidine Gluconate 7.1%, Gel",2020-12-01,2,0,2,0,1.0,30.0,5.0,-3.0,3.6666666666666665,0.0,0.0,7.0,2.0,0.0,1
10006,47,"Chlorhexidine Gluconate 7.1%, Gel",2021-01-01,0,0,0,0,,,2.0,-2.0,3.333333333333333,0.0,0.0,2.0,0.0,1.0,1
10006,47,"Chlorhexidine Gluconate 7.1%, Gel",2021-02-01,0,0,0,0,,,0.0,0.0,2.333333333333333,0.0,0.0,0.0,0.0,1.0,0
10006,47,"Chlorhexidine Gluconate 7.1%, Gel",2021-03-01,0,5,2,3,0.0,0.0,0.0,2.0,0.6666666666666666,0.0,0.0,0.0,0.0,1.0,1
10006,47,"Chlorhexidine Gluconate 7.1%, Gel",2021-04-01,3,0,3,0,1.0,30.0,2.0,1.0,0.6666666666666666,5.0,1.6666666666666667,0.0,3.0,0.0,1
10006,47,"Chlorhexidine Gluconate 7.1%, Gel",2021-06-01,0,0,0,0,,,3.0,-3.0,1.6666666666666667,0.0,1.6666666666666667,3.0,0.0,1.0,1
10006,47,"Chlorhexidine Gluconate 7.1%, Gel",2021-07-01,0,0,0,0,,,0.0,0.0,1.6666666666666667,0.0,1.6666666666666667,0.0,0.0,1.0,0
10006,47,"Chlorhexidine Gluconate 7.1%, Gel",2021-09-01,0,8,4,4,0.0,0.0,0.0,4.0,1.0,0.0,0.0,0.0,0.0,1.0,1
10006,47,"Chlorhexidine Gluconate 7.1%, Gel",2021-10-01,4,0,4,0,1.0,30.0,4.0,0.0,1.3333333333333333,8.0,2.6666666666666665,0.0,4.0,0.0,1
10006,47,"Chlorhexidine Gluconate 7.1%, Gel",2021-11-01,0,0,0,0,,,4.0,-4.0,2.6666666666666665,0.0,2.6666666666666665,4.0,0.0,1.0,0
10006,47,"Chlorhexidine Gluconate 7.1%, Gel",2021-12-01,0,9,0,9,,,0.0,0.0,2.6666666666666665,0.0,2.6666666666666665,0.0,0.0,1.0,0
10006,47,"Chlorhexidine Gluconate 7.1%, Gel",2022-01-01,9,0,4,5,2.25,67.5,0.0,4.0,1.3333333333333333,9.0,3.0,0.0,9.0,0.0,0
10006,47,"Chlorhexidine Gluconate 7.1%, Gel",2022-02-01,5,0,1,4,5.0,150.0,4.0,-3.0,1.3333333333333333,0.0,3.0,9.0,5.0,0.0,0
10006,47,"Chlorhexidine Gluconate 7.1%, Gel",2022-03-01,4,10,3,11,1.3333333333333333,40.0,1.0,2.0,1.6666666666666667,0.0,3.0,5.0,4.0,0.0,0
10006,47,"Chlorhexidine Gluconate 7.1%, Gel",2022-05-01,11,0,2,9,5.5,165.0,3.0,-1.0,2.6666666666666665,10.0,3.333333333333333,4.0,11.0,0.0,0
10006,47,"Chlorhexidine Gluconate 7.1%, Gel",2022-06-01,9,0,2,7,4.5,135.0,2.0,0.0,2.0,0.0,3.333333333333333,11.0,9.0,0.0,0
10006,47,"Chlorhexidine Gluconate 7.1%, Gel",2022-07-01,7,0,4,3,1.75,52.5,2.0,2.0,2.333333333333333,0.0,3.333333333333333,9.0,7.0,0.0,1
10006,47,"Chlorhexidine Gluconate 7.1%, Gel",2022-11-01,3,0,3,0,1.0,30.0,4.0,-1.0,2.6666666666666665,0.0,0.0,7.0,3.0,0.0,0
10006,47,"Chlorhexidine Gluconate 7.1%, Gel",2022-12-01,0,15,5,10,0.0,0.0,3.0,2.0,3.0,0.0,0.0,3.0,0.0,1.0,0
10006,47,"Chlorhexidine Gluconate 7.1%, Gel",2023-01-01,10,0,4,6,2.5,75.0,5.0,-1.0,4.0,15.0,5.0,0.0,10.0,0.0,0
10006,47,"Chlorhexidine Gluconate 7.1%, Gel",2023-05-01,6,0,4,2,1.5,45.0,4.0,0.0,4.0,0.0,5.0,10.0,6.0,0.0,1
10006,47,"Chlorhexidine Gluconate 7.1%, Gel",2023-06-01,2,0,2,0,1.0,30.0,4.0,-2.0,4.333333333333333,0.0,5.0,6.0,2.0,0.0,0
10006,47,"Chlorhexidine Gluconate 7.1%, Gel",2023-07-01,0,9,2,7,0.0,0.0,2.0,0.0,3.333333333333333,0.0,0.0,2.0,0.0,1.0,0
10006,47,"Chlorhexidine Gluconate 7.1%, Gel",2023-09-01,7,0,2,5,3.5,105.0,2.0,0.0,2.6666666666666665,9.0,3.0,0.0,7.0,0.0,0
10006,47,"Chlorhexidine Gluconate 7.1%, Gel",2023-10-01,5,0,2,3,2.5,75.0,2.0,0.0,2.0,0.0,3.0,7.0,5.0,0.0,0
10006,52,"Povidone Iodine 10%, Solution, Bot",2019-10-01,3,0,0,3,,,,,,,,,,,0
10006,52,"Povidone Iodine 10%, Solution, Bot",2019-11-01,3,0,2,1,1.5,45.0,0.0,2.0,0.0,0.0,0.0,3.0,3.0,0.0,0
10006,52,"Povidone Iodine 10%, Solution, Bot",2019-12-01,1,0,0,1,,,2.0,-2.0,1.0,0.0,0.0,3.0,1.0,0.0,0
10006,52,"Povidone Iodine 10%, Solution, Bot",2020-01-01,1,7,1,7,1.0,30.0,0.0,1.0,0.6666666666666666,0.0,0.0,1.0,1.0,0.0,0
10006,52,"Povidone Iodine 10%, Solution, Bot",2020-02-01,7,0,3,4,2.333333333333333,70.0,1.0,2.0,1.0,7.0,2.333333333333333,1.0,7.0,0.0,0
10006,52,"Povidone Iodine 10%, Solution, Bot",2020-03-01,4,0,1,3,4.0,120.0,3.0,-2.0,1.3333333333333333,0.0,2.333333333333333,7.0,4.0,0.0,0
10006,52,"Povidone Iodine 10%, Solution, Bot",2020-05-01,3,0,2,1,1.5,45.0,1.0,1.0,1.6666666666666667,0.0,2.333333333333333,4.0,3.0,0.0,0
10006,52,"Povidone Iodine 10%, Solution, Bot",2020-06-01,1,4,0,5,,,2.0,-2.0,2.0,0.0,0.0,3.0,1.0,0.0,0
10006,52,"Povidone Iodine 10%, Solution, Bot",2020-07-01,5,0,3,2,1.6666666666666667,50.0,0.0,3.0,1.0,4.0,1.3333333333333333,1.0,5.0,0.0,0
10006,52,"Povidone Iodine 10%, Solution, Bot",2020-08-01,2,3,1,4,2.0,60.0,3.0,-2.0,1.6666666666666667,0.0,1.3333333333333333,5.0,2.0,0.0,0
10006,52,"Povidone Iodine 10%, Solution, Bot",2020-09-01,4,0,0,4,,,1.0,-1.0,1.3333333333333333,3.0,2.333333333333333,2.0,4.0,0.0,0
10006,52,"Povidone Iodine 10%, Solution, Bot",2020-10-01,4,0,1,3,4.0,120.0,0.0,1.0,1.3333333333333333,0.0,1.0,4.0,4.0,0.0,0
10006,52,"Povidone Iodine 10%, Solution, Bot",2020-11-01,3,0,0,3,,,1.0,-1.0,0.6666666666666666,0.0,1.0,4.0,3.0,0.0,0
10006,52,"Povidone Iodine 10%, Solution, Bot",2020-12-01,3,0,2,1,1.5,45.0,0.0,2.0,0.3333333333333333,0.0,0.0,3.0,3.0,0.0,0
10006,52,"Povidone Iodine 10%, Solution, Bot",2021-01-01,1,3,2,2,0.5,15.0,2.0,0.0,1.0,0.0,0.0,3.0,1.0,0.0,1
10006,52,"Povidone Iodine 10%, Solution, Bot",2021-02-01,2,0,2,0,1.0,30.0,2.0,0.0,1.3333333333333333,3.0,1.0,1.0,2.0,0.0,0
10006,52,"Povidone Iodine 10%, Solution, Bot",2021-03-01,0,9,1,8,0.0,0.0,2.0,-1.0,2.0,0.0,1.0,2.0,0.0,1.0,0
10006,52,"Povidone Iodine 10%, Solution, Bot",2021-04-01,8,0,2,6,4.0,120.0,1.0,1.0,1.6666666666666667,9.0,4.0,0.0,8.0,0.0,0
10006,52,"Povidone Iodine 10%, Solution, Bot",2021-05-01,6,0,2,4,3.0,90.0,2.0,0.0,1.6666666666666667,0.0,3.0,8.0,6.0,0.0,0
10006,52,"Povidone Iodine 10%, Solution, Bot",2021-06-01,4,0,0,4,,,2.0,-2.0,1.6666666666666667,0.0,3.0,6.0,4.0,0.0,0
10006,52,"Povidone Iodine 10%, Solution, Bot",2021-07-01,4,0,3,1,1.3333333333333333,40.0,0.0,3.0,1.3333333333333333,0.0,0.0,4.0,4.0,0.0,0
10006,52,"Povidone Iodine 10%, Solution, Bot",2021-09-01,1,5,3,3,0.3333333333333333,10.0,3.0,0.0,1.6666666666666667,0.0,0.0,4.0,1.0,0.0,0
10006,52,"Povidone Iodine 10%, Solution, Bot",2021-10-01,3,0,2,1,1.5,45.0,3.0,-1.0,2.0,5.0,1.6666666666666667,1.0,3.0,0.0,0
10006,52,"Povidone Iodine 10%, Solution, Bot",2021-11-01,1,8,2,7,0.5,15.0,2.0,0.0,2.6666666666666665,0.0,1.6666666666666667,3.0,1.0,0.0,0
10006,52,"Povidone Iodine 10%, Solution, Bot",2021-12-01,7,0,2,5,3.5,105.0,2.0,0.0,2.333333333333333,8.0,4.333333333333333,1.0,7.0,0.0,0
10006,52,"Povidone Iodine 10%, Solution, Bot",2022-01-01,5,0,2,3,2.5,75.0,2.0,0.0,2.0,0.0,2.6666666666666665,7.0,5.0,0.0,0
10006,52,"Povidone Iodine 10%, Solution, Bot",2022-02-01,3,0,1,2,3.0,90.0,2.0,-1.0,2.0,0.0,2.6666666666666665,5.0,3.0,0.0,1
10006,52,"Povidone Iodine 10%, Solution, Bot",2022-04-01,2,0,2,0,1.0,30.0,1.0,1.0,1.6666666666666667,0.0,0.0,3.0,2.0,0.0,0
10006,52,"Povidone Iodine 10%, Solution, Bot",2022-05-01,0,7,4,3,0.0,0.0,2.0,2.0,1.6666666666666667,0.0,0.0,2.0,0.0,1.0,1
10006,52,"Povidone Iodine 10%, Solution, Bot",2022-06-01,3,0,3,0,1.0,30.0,4.0,-1.0,2.333333333333333,7.0,2.333333333333333,0.0,3.0,0.0,1
10006,52,"Povidone Iodine 10%, Solution, Bot",2022-08-01,0,0,0,0,,,3.0,-3.0,3.0,0.0,2.333333333333333,3.0,0.0,1.0,0
10006,52,"Povidone Iodine 10%, Solution, Bot",2022-09-01,0,8,4,4,0.0,0.0,0.0,4.0,2.333333333333333,0.0,2.333333333333333,0.0,0.0,1.0,0
10006,52,"Povidone Iodine 10%, Solution, Bot",2022-10-01,4,0,1,3,4.0,120.0,4.0,-3.0,2.333333333333333,8.0,2.6666666666666665,0.0,4.0,0.0,0
10006,52,"Povidone Iodine 10%, Solution, Bot",2022-11-01,3,0,0,3,,,1.0,-1.0,1.6666666666666667,0.0,2.6666666666666665,4.0,3.0,0.0,1
10006,52,"Povidone Iodine 10%, Solution, Bot",2022-12-01,3,0,3,0,1.0,30.0,0.0,3.0,1.6666666666666667,0.0,2.6666666666666665,3.0,3.0,0.0,1
10006,52,"Povidone Iodine 10%, Solution, Bot",2023-01-01,0,0,0,0,,,3.0,-3.0,1.3333333333333333,0.0,0.0,3.0,0.0,1.0,0
10006,52,"Povidone Iodine 10%, Solution, Bot",2023-02-01,0,7,1,6,0.0,0.0,0.0,1.0,1.0,0.0,0.0,0.0,0.0,1.0,0
10006,52,"Povidone Iodine 10%, Solution, Bot",2023-03-01,6,0,0,6,,,1.0,-1.0,1.3333333333333333,7.0,2.333333333333333,0.0,6.0,0.0,0
10006,52,"Povidone Iodine 10%, Solution, Bot",2023-04-01,6,0,2,4,3.0,90.0,0.0,2.0,0.3333333333333333,0.0,2.333333333333333,6.0,6.0,0.0,0
10006,52,"Povidone Iodine 10%, Solution, Bot",2023-05-01,4,0,1,3,4.0,120.0,2.0,-1.0,1.0,0.0,2.333333333333333,6.0,4.0,0.0,1
10006,52,"Povidone Iodine 10%, Solution, Bot",2023-06-01,3,0,3,0,1.0,30.0,1.0,2.0,1.0,0.0,0.0,4.0,3.0,0.0,0
10006,52,"Povidone Iodine 10%, Solution, Bot",2023-07-01,0,9,1,8,0.0,0.0,3.0,-2.0,2.0,0.0,0.0,3.0,0.0,1.0,0
10006,52,"Povidone Iodine 10%, Solution, Bot",2023-08-01,8,0,4,4,2.0,60.0,1.0,3.0,1.6666666666666667,9.0,3.0,0.0,8.0,0.0,0
10006,52,"Povidone Iodine 10%, Solution, Bot",2023-09-01,4,0,1,3,4.0,120.0,4.0,-3.0,2.6666666666666665,0.0,3.0,8.0,4.0,0.0,1
10006,52,"Povidone Iodine 10%, Solution, Bot",2023-10-01,3,0,3,0,1.0,30.0,1.0,2.0,2.0,0.0,3.0,4.0,3.0,0.0,1
10007,19,"Ferrous Sulphate 200mg, Tab",2019-11-01,1195,3181,1783,2593,0.6702187324733595,20.106561974200787,,,,,,,,,0
10007,19,"Ferrous Sulphate 200mg, Tab",2019-12-01,2593,0,847,1746,3.061393152302243,91.84179456906728,1783.0,-936.0,1783.0,3181.0,3181.0,1195.0,2593.0,0.0,0
10007,19,"Ferrous Sulphate 200mg, Tab",2020-01-01,1746,0,1017,729,1.7168141592920354,51.50442477876106,847.0,170.0,1315.0,0.0,1590.5,2593.0,1746.0,0.0,0
10007,19,"Ferrous Sulphate 200mg, Tab",2020-02-01,729,4961,697,4993,1.0459110473457676,31.377331420373025,1017.0,-320.0,1215.6666666666667,0.0,1060.3333333333333,1746.0,729.0,0.0,0
10007,19,"Ferrous Sulphate 200mg, Tab",2020-03-01,4993,0,734,4259,6.802452316076295,204.07356948228883,697.0,37.0,853.6666666666666,4961.0,1653.6666666666667,729.0,4993.0,0.0,0
10007,19,"Ferrous Sulphate 200mg, Tab",2020-04-01,4259,0,878,3381,4.850797266514807,145.5239179954442,734.0,144.0,816.0,0.0,1653.6666666666667,4993.0,4259.0,0.0,0
10007,19,"Ferrous Sulphate 200mg, Tab",2020-05-01,3381,0,1072,2309,3.153917910447761,94.61753731343283,878.0,194.0,769.6666666666666,0.0,1653.6666666666667,4259.0,3381.0,0.0,0
10007,19,"Ferrous Sulphate 200mg, Tab",2020-06-01,2309,0,233,2076,9.909871244635193,297.2961373390558,1072.0,-839.0,894.6666666666666,0.0,0.0,3381.0,2309.0,0.0,0
10007,19,"Ferrous Sulphate 200mg, Tab",2020-08-01,2076,0,1323,753,1.5691609977324263,47.07482993197279,233.0,1090.0,727.6666666666666,0.0,0.0,2309.0,2076.0,0.0,0
10007,19,"Ferrous Sulphate 200mg, Tab",2020-09-01,753,2281,970,2064,0.7762886597938145,23.288659793814432,1323.0,-353.0,876.0,0.0,0.0,2076.0,753.0,0.0,0
10007,19,"Ferrous Sulphate 200mg, Tab",2020-10-01,2064,0,352,1712,5.863636363636363,175.9090909090909,970.0,-618.0,842.0,2281.0,760.3333333333334,753.0,2064.0,0.0,0
10007,19,"Ferrous Sulphate 200mg, Tab",2021-01-01,1712,0,945,767,1.811640211640212,54.34920634920636,352.0,593.0,881.6666666666666,0.0,760.3333333333334,2064.0,1712.0,0.0,0
10007,19,"Ferrous Sulphate 200mg, Tab",2021-02-01,767,2269,1496,1540,0.5127005347593583,15.381016042780749,945.0,551.0,755.6666666666666,0.0,760.3333333333334,1712.0,767.0,0.0,0
10007,19,"Ferrous Sulphate 200mg, Tab",2021-03-01,1540,0,1256,284,1.2261146496815287,36.783439490445865,1496.0,-240.0,931.0,2269.0,756.3333333333334,767.0,1540.0,0.0,0
10007,19,"Ferrous Sulphate 200mg, Tab",2021-04-01,284,1614,696,1202,0.4080459770114942,12.241379310344827,1256.0,-560.0,1232.3333333333333,0.0,756.3333333333334,1540.0,284.0,0.0,0
10007,19,"Ferrous Sulphate 200mg, Tab",2021-05-01,1202,0,448,754,2.6830357142857144,80.49107142857143,696.0,-248.0,1149.3333333333333,1614.0,1294.3333333333333,284.0,1202.0,0.0,0
10007,19,"Ferrous Sulphate 200mg, Tab",2021-06-01,754,4136,1044,3846,0.7222222222222222,21.666666666666668,448.0,596.0,800.0,0.0,538.0,1202.0,754.0,0.0,0
10007,19,"Ferrous Sulphate 200mg, Tab",2021-08-01,3846,0,298,3548,12.906040268456376,387.1812080536913,1044.0,-746.0,729.3333333333334,4136.0,1916.6666666666667,754.0,3846.0,0.0,0
10007,19,"Ferrous Sulphate 200mg, Tab",2021-09-01,3548,0,620,2928,5.72258064516129,171.67741935483872,298.0,322.0,596.6666666666666,0.0,1378.6666666666667,3846.0,3548.0,0.0,0
10007,19,"Ferrous Sulphate 200mg, Tab",2021-10-01,2928,0,1002,1926,2.9221556886227544,87.66467065868264,620.0,382.0,654.0,0.0,1378.6666666666667,3548.0,2928.0,0.0,0
10007,19,"Ferrous Sulphate 200mg, Tab",2021-11-01,1926,0,725,1201,2.656551724137931,79.69655172413792,1002.0,-277.0,640.0,0.0,0.0,2928.0,1926.0,0.0,1
10007,19,"Ferrous Sulphate 200mg, Tab",2022-01-01,1201,0,1201,0,1.0,30.0,725.0,476.0,782.3333333333334,0.0,0.0,1926.0,1201.0,0.0,0
10007,19,"Ferrous Sulphate 200mg, Tab",2022-02-01,0,1821,421,1400,0.0,0.0,1201.0,-780.0,976.0,0.0,0.0,1201.0,0.0,1.0,0
10007,19,"Ferrous Sulphate 200mg, Tab",2022-03-01,1400,0,1219,181,1.1484823625922889,34.454470877768664,421.0,798.0,782.3333333333334,1821.0,607.0,0.0,1400.0,0.0,0
10007,19,"Ferrous Sulphate 200mg, Tab",2022-04-01,181,3818,1538,2461,0.1176853055916775,3.530559167750325,1219.0,319.0,947.0,0.0,607.0,1400.0,181.0,0.0,0
10007,19,"Ferrous Sulphate 200mg, Tab",2022-05-01,2461,0,1304,1157,1.887269938650307,56.6180981595092,1538.0,-234.0,1059.3333333333333,3818.0,1879.6666666666667,181.0,2461.0,0.0,0
10007,19,"Ferrous Sulphate 200mg, Tab",2022-06-01,1157,4149,782,4524,1.479539641943734,44.38618925831202,1304.0,-522.0,1353.6666666666667,0.0,1272.6666666666667,2461.0,1157.0,0.0,0
10007,19,"Ferrous Sulphate 200mg, Tab",2022-07-01,4524,0,625,3899,7.2384,217.152,782.0,-157.0,1208.0,4149.0,2655.6666666666665,1157.0,4524.0,0.0,0
10007,19,"Ferrous Sulphate 200mg, Tab",2022-08-01,3899,0,1028,2871,3.792801556420233,113.784046692607,625.0,403.0,903.6666666666666,0.0,1383.0,4524.0,3899.0,0.0,0
10007,19,"Ferrous Sulphate 200mg, Tab",2022-09-01,2871,0,697,2174,4.119081779053085,123.57245337159254,1028.0,-331.0,811.6666666666666,0.0,1383.0,3899.0,2871.0,0.0,0
10007,19,"Ferrous Sulphate 200mg, Tab",2022-12-01,2174,0,1168,1006,1.8613013698630136,55.83904109589041,697.0,471.0,783.3333333333334,0.0,0.0,2871.0,2174.0,0.0,0
10007,19,"Ferrous Sulphate 200mg, Tab",2023-01-01,1006,1658,802,1862,1.254364089775561,37.63092269326683,1168.0,-366.0,964.3333333333334,0.0,0.0,2174.0,1006.0,0.0,0
10007,19,"Ferrous Sulphate 200mg, Tab",2023-02-01,1862,0,880,982,2.1159090909090907,63.47727272727272,802.0,78.0,889.0,1658.0,552.6666666666666,1006.0,1862.0,0.0,0
10007,19,"Ferrous Sulphate 200mg, Tab",2023-03-01,982,4483,1056,4409,0.9299242424242424,27.897727272727277,880.0,176.0,950.0,0.0,552.6666666666666,1862.0,982.0,0.0,0
10007,19,"Ferrous Sulphate 200mg, Tab",2023-04-01,4409,0,1293,3116,3.4098994586233564,102.29698375870068,1056.0,237.0,912.6666666666666,4483.0,2047.0,982.0,4409.0,0.0,0
10007,19,"Ferrous Sulphate 200mg, Tab",2023-05-01,3116,0,838,2278,3.7183770883054894,111.55131264916469,1293.0,-455.0,1076.3333333333333,0.0,1494.3333333333333,4409.0,3116.0,0.0,0
10007,19,"Ferrous Sulphate 200mg, Tab",2023-06-01,2278,0,1258,1020,1.8108108108108107,54.32432432432432,838.0,420.0,1062.3333333333333,0.0,1494.3333333333333,3116.0,2278.0,0.0,0
10007,19,"Ferrous Sulphate 200mg, Tab",2023-07-01,1020,4093,1316,3797,0.7750759878419453,23.25227963525836,1258.0,58.0,1129.6666666666667,0.0,0.0,2278.0,1020.0,0.0,0
10007,19,"Ferrous Sulphate 200mg, Tab",2023-08-01,3797,0,1811,1986,2.096631695196024,62.89895085588073,1316.0,495.0,1137.3333333333333,4093.0,1364.3333333333333,1020.0,3797.0,0.0,0
10007,19,"Ferrous Sulphate 200mg, Tab",2023-10-01,1986,0,1157,829,1.7165082108902334,51.49524632670701,1811.0,-654.0,1461.6666666666667,0.0,1364.3333333333333,3797.0,1986.0,0.0,0
10007,20,"Water for Injection 10ml, Inj, Amp",2019-10-01,47,0,41,6,1.146341463414634,34.390243902439025,,,,,,,,,0
10007,20,"Water for Injection 10ml, Inj, Amp",2019-11-01,6,103,53,56,0.1132075471698113,3.39622641509434,41.0,12.0,41.0,0.0,0.0,47.0,6.0,0.0,0
10007,20,"Water for Injection 10ml, Inj, Amp",2019-12-01,56,171,28,199,2.0,60.0,53.0,-25.0,47.0,103.0,51.5,6.0,56.0,0.0,0
10007,20,"Water for Injection 10ml, Inj, Amp",2020-01-01,199,0,41,158,4.853658536585366,145.60975609756096,28.0,13.0,40.66666666666666,171.0,91.33333333333331,56.0,199.0,0.0,0
10007,20,"Water for Injection 10ml, Inj, Amp",2020-02-01,158,0,35,123,4.514285714285714,135.42857142857142,41.0,-6.0,40.66666666666666,0.0,91.33333333333331,199.0,158.0,0.0,0
10007,20,"Water for Injection 10ml, Inj, Amp",2020-03-01,123,0,45,78,2.7333333333333334,82.0,35.0,10.0,34.666666666666664,0.0,57.0,158.0,123.0,0.0,1
10007,20,"Water for Injection 10ml, Inj, Amp",2020-04-01,78,0,78,0,1.0,30.0,45.0,33.0,40.333333333333336,0.0,0.0,123.0,78.0,0.0,0
10007,20,"Water for Injection 10ml, Inj, Amp",2020-05-01,0,98,43,55,0.0,0.0,78.0,-35.0,52.66666666666666,0.0,0.0,78.0,0.0,1.0,0
10007,20,"Water for Injection 10ml, Inj, Amp",2020-06-01,55,86,44,97,1.25,37.5,43.0,1.0,55.333333333333336,98.0,32.666666666666664,0.0,55.0,0.0,0
10007,20,"Water for Injection 10ml, Inj, Amp",2020-07-01,97,0,44,53,2.2045454545454546,66.13636363636364,44.0,0.0,55.0,86.0,61.333333333333336,55.0,97.0,0.0,0
10007,20,"Water for Injection 10ml, Inj, Amp",2020-08-01,53,205,112,146,0.4732142857142857,14.196428571428571,44.0,68.0,43.66666666666666,0.0,61.333333333333336,97.0,53.0,0.0,0
10007,20,"Water for Injection 10ml, Inj, Amp",2020-09-01,146,0,67,79,2.1791044776119404,65.3731343283582,112.0,-45.0,66.66666666666667,205.0,97.0,53.0,146.0,0.0,0
10007,20,"Water for Injection 10ml, Inj, Amp",2020-10-01,79,0,37,42,2.135135135135135,64.05405405405405,67.0,-30.0,74.33333333333333,0.0,68.33333333333333,146.0,79.0,0.0,0
10007,20,"Water for Injection 10ml, Inj, Amp",2020-12-01,42,101,47,96,0.8936170212765957,26.80851063829787,37.0,10.0,72.0,0.0,68.33333333333333,79.0,42.0,0.0,0
10007,20,"Water for Injection 10ml, Inj, Amp",2021-01-01,96,0,59,37,1.6271186440677967,48.8135593220339,47.0,12.0,50.333333333333336,101.0,33.666666666666664,42.0,96.0,0.0,0
10007,20,"Water for Injection 10ml, Inj, Amp",2021-03-01,37,109,92,54,0.4021739130434782,12.065217391304348,59.0,33.0,47.66666666666666,0.0,33.666666666666664,96.0,37.0,0.0,0
10007,20,"Water for Injection 10ml, Inj, Amp",2021-04-01,54,172,62,164,0.8709677419354839,26.12903225806452,92.0,-30.0,66.0,109.0,70.0,37.0,54.0,0.0,0
10007,20,"Water for Injection 10ml, Inj, Amp",2021-05-01,164,0,66,98,2.484848484848485,74.54545454545455,62.0,4.0,71.0,172.0,93.66666666666669,54.0,164.0,0.0,0
10007,20,"Water for Injection 10ml, Inj, Amp",2021-06-01,98,0,37,61,2.6486486486486487,79.45945945945947,66.0,-29.0,73.33333333333333,0.0,93.66666666666669,164.0,98.0,0.0,0
10007,20,"Water for Injection 10ml, Inj, Amp",2021-08-01,61,0,45,16,1.3555555555555556,40.66666666666667,37.0,8.0,55.0,0.0,57.333333333333336,98.0,61.0,0.0,0
10007,20,"Water for Injection 10ml, Inj, Amp",2021-09-01,16,191,71,136,0.2253521126760563,6.76056338028169,45.0,26.0,49.333333333333336,0.0,0.0,61.0,16.0,0.0,0
10007,20,"Water for Injection 10ml, Inj, Amp",2021-10-01,136,0,31,105,4.387096774193548,131.61290322580643,71.0,-40.0,51.0,191.0,63.66666666666666,16.0,136.0,0.0,0
10007,20,"Water for Injection 10ml, Inj, Amp",2021-11-01,105,0,51,54,2.0588235294117645,61.764705882352935,31.0,20.0,49.0,0.0,63.66666666666666,136.0,105.0,0.0,0
10007,20,"Water for Injection 10ml, Inj, Amp",2021-12-01,54,209,69,194,0.782608695652174,23.47826086956522,51.0,18.0,51.0,0.0,63.66666666666666,105.0,54.0,0.0,0
10007,20,"Water for Injection 10ml, Inj, Amp",2022-02-01,194,0,46,148,4.217391304347826,126.52173913043478,69.0,-23.0,50.333333333333336,209.0,69.66666666666667,54.0,194.0,0.0,0
10007,20,"Water for Injection 10ml, Inj, Amp",2022-03-01,148,0,82,66,1.804878048780488,54.14634146341464,46.0,36.0,55.333333333333336,0.0,69.66666666666667,194.0,148.0,0.0,0
10007,20,"Water for Injection 10ml, Inj, Amp",2022-04-01,66,0,30,36,2.2,66.0,82.0,-52.0,65.66666666666667,0.0,69.66666666666667,148.0,66.0,0.0,1
10007,20,"Water for Injection 10ml, Inj, Amp",2022-05-01,36,0,36,0,1.0,30.0,30.0,6.0,52.66666666666666,0.0,0.0,66.0,36.0,0.0,0
10007,20,"Water for Injection 10ml, Inj, Amp",2022-06-01,0,81,30,51,0.0,0.0,36.0,-6.0,49.333333333333336,0.0,0.0,36.0,0.0,1.0,0
10007,20,"Water for Injection 10ml, Inj, Amp",2022-07-01,51,130,73,108,0.6986301369863014,20.95890410958904,30.0,43.0,32.0,81.0,27.0,0.0,51.0,0.0,0
10007,20,"Water for Injection 10ml, Inj, Amp",2022-08-01,108,0,44,64,2.4545454545454546,73.63636363636364,73.0,-29.0,46.333333333333336,130.0,70.33333333333333,51.0,108.0,0.0,0
10007,20,"Water for Injection 10ml, Inj, Amp",2022-10-01,64,0,27,37,2.3703703703703702,71.11111111111111,44.0,-17.0,49.0,0.0,70.33333333333333,108.0,64.0,0.0,0
10007,20,"Water for Injection 10ml, Inj, Amp",2022-11-01,37,113,35,115,1.0571428571428572,31.714285714285715,27.0,8.0,48.0,0.0,43.333333333333336,64.0,37.0,0.0,0
10007,20,"Water for Injection 10ml, Inj, Amp",2022-12-01,115,0,33,82,3.484848484848485,104.54545454545456,35.0,-2.0,35.333333333333336,113.0,37.66666666666666,37.0,115.0,0.0,0
10007,20,"Water for Injection 10ml, Inj, Amp",2023-01-01,82,0,42,40,1.9523809523809523,58.57142857142857,33.0,9.0,31.666666666666668,0.0,37.66666666666666,115.0,82.0,0.0,0
10007,20,"Water for Injection 10ml, Inj, Amp",2023-02-01,40,153,27,166,1.4814814814814814,44.44444444444444,42.0,-15.0,36.66666666666666,0.0,37.66666666666666,82.0,40.0,0.0,0
10007,20,"Water for Injection 10ml, Inj, Amp",2023-03-01,166,0,33,133,5.03030303030303,150.9090909090909,27.0,6.0,34.0,153.0,51.0,40.0,166.0,0.0,0
10007,20,"Water for Injection 10ml, Inj, Amp",2023-04-01,133,0,71,62,1.8732394366197185,56.197183098591545,33.0,38.0,34.0,0.0,51.0,166.0,133.0,0.0,0
10007,20,"Water for Injection 10ml, Inj, Amp",2023-05-01,62,0,49,13,1.2653061224489797,37.95918367346939,71.0,-22.0,43.66666666666666,0.0,51.0,133.0,62.0,0.0,1
10007,20,"Water for Injection 10ml, Inj, Amp",2023-07-01,13,0,13,0,1.0,30.0,49.0,-36.0,51.0,0.0,0.0,62.0,13.0,0.0,1
10007,21,"Neomycin & Bacitracin 0.5% & 500IU/g, Ointment, 15g, Tube",2019-10-01,7,0,2,5,3.5,105.0,,,,,,,,,1
10007,21,"Neomycin & Bacitracin 0.5% & 500IU/g, Ointment, 15g, Tube",2019-11-01,5,0,5,0,1.0,30.0,2.0,3.0,2.0,0.0,0.0,7.0,5.0,0.0,0
10007,21,"Neomycin & Bacitracin 0.5% & 500IU/g, Ointment, 15g, Tube",2019-12-01,0,12,4,8,0.0,0.0,5.0,-1.0,3.5,0.0,0.0,5.0,0.0,1.0,0
10007,21,"Neomycin & Bacitracin 0.5% & 500IU/g, Ointment, 15g, Tube",2020-01-01,8,0,6,2,1.3333333333333333,40.0,4.0,2.0,3.6666666666666665,12.0,4.0,0.0,8.0,0.0,1
10007,21,"Neomycin & Bacitracin 0.5% & 500IU/g, Ointment, 15g, Tube",2020-02-01,2,0,2,0,1.0,30.0,6.0,-4.0,5.0,0.0,4.0,8.0,2.0,0.0,1
10007,21,"Neomycin & Bacitracin 0.5% & 500IU/g, Ointment, 15g, Tube",2020-03-01,0,0,0,0,,,2.0,-2.0,4.0,0.0,4.0,2.0,0.0,1.0,0
10007,21,"Neomycin & Bacitracin 0.5% & 500IU/g, Ointment, 15g, Tube",2020-04-01,0,7,3,4,0.0,0.0,0.0,3.0,2.6666666666666665,0.0,0.0,0.0,0.0,1.0,1
10007,21,"Neomycin & Bacitracin 0.5% & 500IU/g, Ointment, 15g, Tube",2020-05-01,4,0,4,0,1.0,30.0,3.0,1.0,1.6666666666666667,7.0,2.333333333333333,0.0,4.0,0.0,1
10007,21,"Neomycin & Bacitracin 0.5% & 500IU/g, Ointment, 15g, Tube",2020-06-01,0,0,0,0,,,4.0,-4.0,2.333333333333333,0.0,2.333333333333333,4.0,0.0,1.0,0
10007,21,"Neomycin & Bacitracin 0.5% & 500IU/g, Ointment, 15g, Tube",2020-07-01,0,7,2,5,0.0,0.0,0.0,2.0,2.333333333333333,0.0,2.333333333333333,0.0,0.0,1.0,1
10007,21,"Neomycin & Bacitracin 0.5% & 500IU/g, Ointment, 15g, Tube",2020-08-01,5,0,5,0,1.0,30.0,2.0,3.0,2.0,7.0,2.333333333333333,0.0,5.0,0.0,1
10007,21,"Neomycin & Bacitracin 0.5% & 500IU/g, Ointment, 15g, Tube",2020-10-01,0,0,0,0,,,5.0,-5.0,2.333333333333333,0.0,2.333333333333333,5.0,0.0,1.0,1
10007,21,"Neomycin & Bacitracin 0.5% & 500IU/g, Ointment, 15g, Tube",2020-11-01,0,0,0,0,,,0.0,0.0,2.333333333333333,0.0,2.333333333333333,0.0,0.0,1.0,0
10007,21,"Neomycin & Bacitracin 0.5% & 500IU/g, Ointment, 15g, Tube",2020-12-01,0,10,1,9,0.0,0.0,0.0,1.0,1.6666666666666667,0.0,0.0,0.0,0.0,1.0,0
10007,21,"Neomycin & Bacitracin 0.5% & 500IU/g, Ointment, 15g, Tube",2021-01-01,9,0,4,5,2.25,67.5,1.0,3.0,0.3333333333333333,10.0,3.333333333333333,0.0,9.0,0.0,0
10007,21,"Neomycin & Bacitracin 0.5% & 500IU/g, Ointment, 15g, Tube",2021-02-01,5,0,0,5,,,4.0,-4.0,1.6666666666666667,0.0,3.333333333333333,9.0,5.0,0.0,0
10007,21,"Neomycin & Bacitracin 0.5% & 500IU/g, Ointment, 15g, Tube",2021-03-01,5,0,0,5,,,0.0,0.0,1.6666666666666667,0.0,3.333333333333333,5.0,5.0,0.0,0
10007,21,"Neomycin & Bacitracin 0.5% & 500IU/g, Ointment, 15g, Tube",2021-04-01,5,0,3,2,1.6666666666666667,50.0,0.0,3.0,1.3333333333333333,0.0,0.0,5.0,5.0,0.0,0
10007,21,"Neomycin & Bacitracin 0.5% & 500IU/g, Ointment, 15g, Tube",2021-05-01,2,9,5,6,0.4,12.0,3.0,2.0,1.0,0.0,0.0,5.0,2.0,0.0,0
10007,21,"Neomycin & Bacitracin 0.5% & 500IU/g, Ointment, 15g, Tube",2021-06-01,6,0,1,5,6.0,180.0,5.0,-4.0,2.6666666666666665,9.0,3.0,2.0,6.0,0.0,0
10007,21,"Neomycin & Bacitracin 0.5% & 500IU/g, Ointment, 15g, Tube",2021-07-01,5,0,3,2,1.6666666666666667,50.0,1.0,2.0,3.0,0.0,3.0,6.0,5.0,0.0,0
10007,21,"Neomycin & Bacitracin 0.5% & 500IU/g, Ointment, 15g, Tube",2021-08-01,2,9,2,9,1.0,30.0,3.0,-1.0,3.0,0.0,3.0,5.0,2.0,0.0,0
10007,21,"Neomycin & Bacitracin 0.5% & 500IU/g, Ointment, 15g, Tube",2021-10-01,9,0,1,8,9.0,270.0,2.0,-1.0,2.0,9.0,3.0,2.0,9.0,0.0,0
10007,21,"Neomycin & Bacitracin 0.5% & 500IU/g, Ointment, 15g, Tube",2021-11-01,8,0,2,6,4.0,120.0,1.0,1.0,2.0,0.0,3.0,9.0,8.0,0.0,0
10007,21,"Neomycin & Bacitracin 0.5% & 500IU/g, Ointment, 15g, Tube",2021-12-01,6,0,0,6,,,2.0,-2.0,1.6666666666666667,0.0,3.0,8.0,6.0,0.0,0
10007,21,"Neomycin & Bacitracin 0.5% & 500IU/g, Ointment, 15g, Tube",2022-01-01,6,0,3,3,2.0,60.0,0.0,3.0,1.0,0.0,0.0,6.0,6.0,0.0,0
10007,21,"Neomycin & Bacitracin 0.5% & 500IU/g, Ointment, 15g, Tube",2022-02-01,3,14,2,15,1.5,45.0,3.0,-1.0,1.6666666666666667,0.0,0.0,6.0,3.0,0.0,0
10007,21,"Neomycin & Bacitracin 0.5% & 500IU/g, Ointment, 15g, Tube",2022-03-01,15,0,4,11,3.75,112.5,2.0,2.0,1.6666666666666667,14.0,4.666666666666667,3.0,15.0,0.0,0
10007,21,"Neomycin & Bacitracin 0.5% & 500IU/g, Ointment, 15g, Tube",2022-04-01,11,0,5,6,2.2,66.0,4.0,1.0,3.0,0.0,4.666666666666667,15.0,11.0,0.0,0
10007,21,"Neomycin & Bacitracin 0.5% & 500IU/g, Ointment, 15g, Tube",2022-05-01,6,0,2,4,3.0,90.0,5.0,-3.0,3.6666666666666665,0.0,4.666666666666667,11.0,6.0,0.0,0
10007,21,"Neomycin & Bacitracin 0.5% & 500IU/g, Ointment, 15g, Tube",2022-06-01,4,12,1,15,4.0,120.0,2.0,-1.0,3.6666666666666665,0.0,0.0,6.0,4.0,0.0,0
10007,21,"Neomycin & Bacitracin 0.5% & 500IU/g, Ointment, 15g, Tube",2022-07-01,15,0,0,15,,,1.0,-1.0,2.6666666666666665,12.0,4.0,4.0,15.0,0.0,0
10007,21,"Neomycin & Bacitracin 0.5% & 500IU/g, Ointment, 15g, Tube",2022-08-01,15,0,6,9,2.5,75.0,0.0,6.0,1.0,0.0,4.0,15.0,15.0,0.0,0
10007,21,"Neomycin & Bacitracin 0.5% & 500IU/g, Ointment, 15g, Tube",2022-09-01,9,0,4,5,2.25,67.5,6.0,-2.0,2.333333333333333,0.0,4.0,15.0,9.0,0.0,0
10007,21,"Neomycin & Bacitracin 0.5% & 500IU/g, Ointment, 15g, Tube",2022-10-01,5,0,4,1,1.25,37.5,4.0,0.0,3.333333333333333,0.0,0.0,9.0,5.0,0.0,0
10007,21,"Neomycin & Bacitracin 0.5% & 500IU/g, Ointment, 15g, Tube",2022-11-01,1,12,2,11,0.5,15.0,4.0,-2.0,4.666666666666667,0.0,0.0,5.0,1.0,0.0,0
10007,21,"Neomycin & Bacitracin 0.5% & 500IU/g, Ointment, 15g, Tube",2022-12-01,11,0,5,6,2.2,66.0,2.0,3.0,3.333333333333333,12.0,4.0,1.0,11.0,0.0,0
10007,21,"Neomycin & Bacitracin 0.5% & 500IU/g, Ointment, 15g, Tube",2023-01-01,6,0,0,6,,,5.0,-5.0,3.6666666666666665,0.0,4.0,11.0,6.0,0.0,0
10007,21,"Neomycin & Bacitracin 0.5% & 500IU/g, Ointment, 15g, Tube",2023-02-01,6,0,2,4,3.0,90.0,0.0,2.0,2.333333333333333,0.0,4.0,6.0,6.0,0.0,0
10007,21,"Neomycin & Bacitracin 0.5% & 500IU/g, Ointment, 15g, Tube",2023-03-01,4,13,5,12,0.8,24.0,2.0,3.0,2.333333333333333,0.0,0.0,6.0,4.0,0.0,0
10007,21,"Neomycin & Bacitracin 0.5% & 500IU/g, Ointment, 15g, Tube",2023-04-01,12,0,4,8,3.0,90.0,5.0,-1.0,2.333333333333333,13.0,4.333333333333333,4.0,12.0,0.0,0
10007,21,"Neomycin & Bacitracin 0.5% & 500IU/g, Ointment, 15g, Tube",2023-05-01,8,0,3,5,2.6666666666666665,80.0,4.0,-1.0,3.6666666666666665,0.0,4.333333333333333,12.0,8.0,0.0,0
10007,21,"Neomycin & Bacitracin 0.5% & 500IU/g, Ointment, 15g, Tube",2023-06-01,5,0,0,5,,,3.0,-3.0,4.0,0.0,4.333333333333333,8.0,5.0,0.0,0
10007,21,"Neomycin & Bacitracin 0.5% & 500IU/g, Ointment, 15g, Tube",2023-07-01,5,0,3,2,1.6666666666666667,50.0,0.0,3.0,2.333333333333333,0.0,0.0,5.0,5.0,0.0,0
10007,21,"Neomycin & Bacitracin 0.5% & 500IU/g, Ointment, 15g, Tube",2023-08-01,2,15,3,14,0.6666666666666666,20.0,3.0,0.0,2.0,0.0,0.0,5.0,2.0,0.0,0
10007,21,"Neomycin & Bacitracin 0.5% & 500IU/g, Ointment, 15g, Tube",2023-09-01,14,0,1,13,14.0,420.0,3.0,-2.0,2.0,15.0,5.0,2.0,14.0,0.0,0
10007,21,"Neomycin & Bacitracin 0.5% & 500IU/g, Ointment, 15g, Tube",2023-10-01,13,0,3,10,4.333333333333333,130.0,1.0,2.0,2.333333333333333,0.0,5.0,14.0,13.0,0.0,0
10007,22,"Salbutamol 100mcg/dose, Aerosol, Inhaler",2019-10-01,5,0,4,1,1.25,37.5,,,,,,,,,1
10007,22,"Salbutamol 100mcg/dose, Aerosol, Inhaler",2019-11-01,1,0,1,0,1.0,30.0,4.0,-3.0,4.0,0.0,0.0,5.0,1.0,0.0,0
10007,22,"Salbutamol 100mcg/dose, Aerosol, Inhaler",2020-02-01,0,5,1,4,0.0,0.0,1.0,0.0,2.5,0.0,0.0,1.0,0.0,1.0,0
10007,22,"Salbutamol 100mcg/dose, Aerosol, Inhaler",2020-03-01,4,0,3,1,1.3333333333333333,40.0,1.0,2.0,2.0,5.0,1.6666666666666667,0.0,4.0,0.0,1
10007,22,"Salbutamol 100mcg/dose, Aerosol, Inhaler",2020-04-01,1,0,1,0,1.0,30.0,3.0,-2.0,1.6666666666666667,0.0,1.6666666666666667,4.0,1.0,0.0,1
10007,22,"Salbutamol 100mcg/dose, Aerosol, Inhaler",2020-05-01,0,0,0,0,,,1.0,-1.0,1.6666666666666667,0.0,1.6666666666666667,1.0,0.0,1.0,0
10007,22,"Salbutamol 100mcg/dose, Aerosol, Inhaler",2020-06-01,0,9,4,5,0.0,0.0,0.0,4.0,1.3333333333333333,0.0,0.0,0.0,0.0,1.0,0
10007,22,"Salbutamol 100mcg/dose, Aerosol, Inhaler",2020-10-01,5,0,0,5,,,4.0,-4.0,1.6666666666666667,9.0,3.0,0.0,5.0,0.0,0
10007,22,"Salbutamol 100mcg/dose, Aerosol, Inhaler",2020-11-01,5,0,4,1,1.25,37.5,0.0,4.0,1.3333333333333333,0.0,3.0,5.0,5.0,0.0,0
10007,22,"Salbutamol 100mcg/dose, Aerosol, Inhaler",2021-01-01,1,14,6,9,0.1666666666666666,5.0,4.0,2.0,2.6666666666666665,0.0,3.0,5.0,1.0,0.0,0
10007,22,"Salbutamol 100mcg/dose, Aerosol, Inhaler",2021-02-01,9,0,5,4,1.8,54.0,6.0,-1.0,3.333333333333333,14.0,4.666666666666667,1.0,9.0,0.0,0
10007,22,"Salbutamol 100mcg/dose, Aerosol, Inhaler",2021-05-01,4,0,1,3,4.0,120.0,5.0,-4.0,5.0,0.0,4.666666666666667,9.0,4.0,0.0,1
10007,22,"Salbutamol 100mcg/dose, Aerosol, Inhaler",2021-06-01,3,0,3,0,1.0,30.0,1.0,2.0,4.0,0.0,4.666666666666667,4.0,3.0,0.0,0
10007,22,"Salbutamol 100mcg/dose, Aerosol, Inhaler",2021-07-01,0,12,6,6,0.0,0.0,3.0,3.0,3.0,0.0,0.0,3.0,0.0,1.0,0
10007,22,"Salbutamol 100mcg/dose, Aerosol, Inhaler",2021-08-01,6,0,3,3,2.0,60.0,6.0,-3.0,3.333333333333333,12.0,4.0,0.0,6.0,0.0,1
10007,22,"Salbutamol 100mcg/dose, Aerosol, Inhaler",2021-10-01,3,0,3,0,1.0,30.0,3.0,0.0,4.0,0.0,4.0,6.0,3.0,0.0,0
10007,22,"Salbutamol 100mcg/dose, Aerosol, Inhaler",2021-11-01,0,9,3,6,0.0,0.0,3.0,0.0,4.0,0.0,4.0,3.0,0.0,1.0,0
10007,22,"Salbutamol 100mcg/dose, Aerosol, Inhaler",2021-12-01,6,0,5,1,1.2,36.0,3.0,2.0,3.0,9.0,3.0,0.0,6.0,0.0,1
10007,22,"Salbutamol 100mcg/dose, Aerosol, Inhaler",2022-01-01,1,0,1,0,1.0,30.0,5.0,-4.0,3.6666666666666665,0.0,3.0,6.0,1.0,0.0,0
10007,22,"Salbutamol 100mcg/dose, Aerosol, Inhaler",2022-02-01,0,6,3,3,0.0,0.0,1.0,2.0,3.0,0.0,3.0,1.0,0.0,1.0,0
10007,22,"Salbutamol 100mcg/dose, Aerosol, Inhaler",2022-03-01,3,0,2,1,1.5,45.0,3.0,-1.0,3.0,6.0,2.0,0.0,3.0,0.0,1
10007,22,"Salbutamol 100mcg/dose, Aerosol, Inhaler",2022-05-01,1,0,1,0,1.0,30.0,2.0,-1.0,2.0,0.0,2.0,3.0,1.0,0.0,0
10007,22,"Salbutamol 100mcg/dose, Aerosol, Inhaler",2022-06-01,0,16,2,14,0.0,0.0,1.0,1.0,2.0,0.0,2.0,1.0,0.0,1.0,0
10007,22,"Salbutamol 100mcg/dose, Aerosol, Inhaler",2022-07-01,14,0,4,10,3.5,105.0,2.0,2.0,1.6666666666666667,16.0,5.333333333333333,0.0,14.0,0.0,0
10007,22,"Salbutamol 100mcg/dose, Aerosol, Inhaler",2022-08-01,10,0,1,9,10.0,300.0,4.0,-3.0,2.333333333333333,0.0,5.333333333333333,14.0,10.0,0.0,0
10007,22,"Salbutamol 100mcg/dose, Aerosol, Inhaler",2022-09-01,9,0,5,4,1.8,54.0,1.0,4.0,2.333333333333333,0.0,5.333333333333333,10.0,9.0,0.0,0
10007,22,"Salbutamol 100mcg/dose, Aerosol, Inhaler",2022-11-01,4,6,6,4,0.6666666666666666,20.0,5.0,1.0,3.333333333333333,0.0,0.0,9.0,4.0,0.0,1
10007,22,"Salbutamol 100mcg/dose, Aerosol, Inhaler",2022-12-01,4,0,4,0,1.0,30.0,6.0,-2.0,4.0,6.0,2.0,4.0,4.0,0.0,1
10007,22,"Salbutamol 100mcg/dose, Aerosol, Inhaler",2023-01-01,0,0,0,0,,,4.0,-4.0,5.0,0.0,2.0,4.0,0.0,1.0,0
10007,22,"Salbutamol 100mcg/dose, Aerosol, Inhaler",2023-04-01,0,11,2,9,0.0,0.0,0.0,2.0,3.333333333333333,0.0,2.0,0.0,0.0,1.0,0
10007,22,"Salbutamol 100mcg/dose, Aerosol, Inhaler",2023-05-01,9,0,2,7,4.5,135.0,2.0,0.0,2.0,11.0,3.6666666666666665,0.0,9.0,0.0,0
10007,22,"Salbutamol 100mcg/dose, Aerosol, Inhaler",2023-06-01,7,0,2,5,3.5,105.0,2.0,0.0,1.3333333333333333,0.0,3.6666666666666665,9.0,7.0,0.0,0
10007,22,"Salbutamol 100mcg/dose, Aerosol, Inhaler",2023-07-01,5,0,2,3,2.5,75.0,2.0,0.0,2.0,0.0,3.6666666666666665,7.0,5.0,0.0,0
10007,22,"Salbutamol 100mcg/dose, Aerosol, Inhaler",2023-10-01,3,11,1,13,3.0,90.0,2.0,-1.0,2.0,0.0,0.0,5.0,3.0,0.0,0
10007,28,"Benzyl Benzoate 25%, Emulsion, 100ml, Bot",2019-11-01,72,0,14,58,5.142857142857143,154.2857142857143,,,,,,,,,0
10007,28,"Benzyl Benzoate 25%, Emulsion, 100ml, Bot",2019-12-01,58,0,41,17,1.4146341463414631,42.4390243902439,14.0,27.0,14.0,0.0,0.0,72.0,58.0,0.0,0
10007,28,"Benzyl Benzoate 25%, Emulsion, 100ml, Bot",2020-02-01,17,158,71,104,0.2394366197183098,7.183098591549295,41.0,30.0,27.5,0.0,0.0,58.0,17.0,0.0,0
10007,28,"Benzyl Benzoate 25%, Emulsion, 100ml, Bot",2020-03-01,104,0,0,104,,,71.0,-71.0,42.0,158.0,52.66666666666666,17.0,104.0,0.0,0
10007,28,"Benzyl Benzoate 25%, Emulsion, 100ml, Bot",2020-05-01,104,0,59,45,1.7627118644067796,52.88135593220339,0.0,59.0,37.333333333333336,0.0,52.66666666666666,104.0,104.0,0.0,0
10007,28,"Benzyl Benzoate 25%, Emulsion, 100ml, Bot",2020-06-01,45,224,59,210,0.7627118644067796,22.881355932203387,59.0,0.0,43.333333333333336,0.0,52.66666666666666,104.0,45.0,0.0,0
10007,28,"Benzyl Benzoate 25%, Emulsion, 100ml, Bot",2020-07-01,210,0,35,175,6.0,180.0,59.0,-24.0,39.333333333333336,224.0,74.66666666666667,45.0,210.0,0.0,0
10007,28,"Benzyl Benzoate 25%, Emulsion, 100ml, Bot",2020-09-01,175,0,85,90,2.0588235294117645,61.764705882352935,35.0,50.0,51.0,0.0,74.66666666666667,210.0,175.0,0.0,0
10007,28,"Benzyl Benzoate 25%, Emulsion, 100ml, Bot",2020-10-01,90,0,77,13,1.1688311688311688,35.064935064935064,85.0,-8.0,59.66666666666666,0.0,74.66666666666667,175.0,90.0,0.0,0
10007,28,"Benzyl Benzoate 25%, Emulsion, 100ml, Bot",2020-11-01,13,114,45,82,0.2888888888888888,8.666666666666666,77.0,-32.0,65.66666666666667,0.0,0.0,90.0,13.0,0.0,0
10007,28,"Benzyl Benzoate 25%, Emulsion, 100ml, Bot",2020-12-01,82,0,41,41,2.0,60.0,45.0,-4.0,69.0,114.0,38.0,13.0,82.0,0.0,0
10007,28,"Benzyl Benzoate 25%, Emulsion, 100ml, Bot",2021-01-01,41,194,38,197,1.0789473684210529,32.36842105263158,41.0,-3.0,54.333333333333336,0.0,38.0,82.0,41.0,0.0,0
10007,28,"Benzyl Benzoate 25%, Emulsion, 100ml, Bot",2021-02-01,197,0,40,157,4.925,147.75,38.0,2.0,41.333333333333336,194.0,102.66666666666669,41.0,197.0,0.0,0
10007,28,"Benzyl Benzoate 25%, Emulsion, 100ml, Bot",2021-03-01,157,0,64,93,2.453125,73.59375,40.0,24.0,39.66666666666666,0.0,64.66666666666667,197.0,157.0,0.0,0
10007,28,"Benzyl Benzoate 25%, Emulsion, 100ml, Bot",2021-04-01,93,0,43,50,2.1627906976744184,64.88372093023256,64.0,-21.0,47.333333333333336,0.0,64.66666666666667,157.0,93.0,0.0,0
10007,28,"Benzyl Benzoate 25%, Emulsion, 100ml, Bot",2021-05-01,50,0,46,4,1.0869565217391304,32.608695652173914,43.0,3.0,49.0,0.0,0.0,93.0,50.0,0.0,0
10007,28,"Benzyl Benzoate 25%, Emulsion, 100ml, Bot",2021-07-01,4,187,64,127,0.0625,1.875,46.0,18.0,51.0,0.0,0.0,50.0,4.0,0.0,0
10007,28,"Benzyl Benzoate 25%, Emulsion, 100ml, Bot",2021-08-01,127,0,73,54,1.7397260273972603,52.19178082191781,64.0,9.0,51.0,187.0,62.333333333333336,4.0,127.0,0.0,0
10007,28,"Benzyl Benzoate 25%, Emulsion, 100ml, Bot",2021-09-01,54,91,99,46,0.5454545454545454,16.363636363636363,73.0,26.0,61.0,0.0,62.333333333333336,127.0,54.0,0.0,0
10007,28,"Benzyl Benzoate 25%, Emulsion, 100ml, Bot",2021-11-01,46,167,42,171,1.0952380952380951,32.85714285714286,99.0,-57.0,78.66666666666667,91.0,92.66666666666669,54.0,46.0,0.0,0
10007,28,"Benzyl Benzoate 25%, Emulsion, 100ml, Bot",2021-12-01,171,0,34,137,5.029411764705882,150.88235294117646,42.0,-8.0,71.33333333333333,167.0,86.0,46.0,171.0,0.0,0
10007,28,"Benzyl Benzoate 25%, Emulsion, 100ml, Bot",2022-01-01,137,0,87,50,1.5747126436781609,47.241379310344826,34.0,53.0,58.333333333333336,0.0,86.0,171.0,137.0,0.0,0
10007,28,"Benzyl Benzoate 25%, Emulsion, 100ml, Bot",2022-03-01,50,182,50,182,1.0,30.0,87.0,-37.0,54.333333333333336,0.0,55.66666666666666,137.0,50.0,0.0,0
10007,28,"Benzyl Benzoate 25%, Emulsion, 100ml, Bot",2022-05-01,182,0,45,137,4.044444444444444,121.33333333333331,50.0,-5.0,57.0,182.0,60.66666666666666,50.0,182.0,0.0,0
10007,28,"Benzyl Benzoate 25%, Emulsion, 100ml, Bot",2022-06-01,137,0,39,98,3.5128205128205128,105.3846153846154,45.0,-6.0,60.66666666666666,0.0,60.66666666666666,182.0,137.0,0.0,0
10007,28,"Benzyl Benzoate 25%, Emulsion, 100ml, Bot",2022-08-01,98,0,60,38,1.6333333333333333,49.0,39.0,21.0,44.66666666666666,0.0,60.66666666666666,137.0,98.0,0.0,0
10007,28,"Benzyl Benzoate 25%, Emulsion, 100ml, Bot",2022-12-01,38,124,92,70,0.4130434782608695,12.391304347826088,60.0,32.0,48.0,0.0,0.0,98.0,38.0,0.0,0
10007,28,"Benzyl Benzoate 25%, Emulsion, 100ml, Bot",2023-01-01,70,0,41,29,1.7073170731707317,51.21951219512195,92.0,-51.0,63.66666666666666,124.0,41.333333333333336,38.0,70.0,0.0,0
10007,28,"Benzyl Benzoate 25%, Emulsion, 100ml, Bot",2023-02-01,29,95,66,58,0.4393939393939394,13.181818181818182,41.0,25.0,64.33333333333333,0.0,41.333333333333336,70.0,29.0,0.0,0
10007,28,"Benzyl Benzoate 25%, Emulsion, 100ml, Bot",2023-03-01,58,0,55,3,1.0545454545454545,31.636363636363637,66.0,-11.0,66.33333333333333,95.0,73.0,29.0,58.0,0.0,0
10007,28,"Benzyl Benzoate 25%, Emulsion, 100ml, Bot",2023-04-01,3,74,71,6,0.0422535211267605,1.267605633802817,55.0,16.0,54.0,0.0,31.666666666666668,58.0,3.0,0.0,0
10007,28,"Benzyl Benzoate 25%, Emulsion, 100ml, Bot",2023-05-01,6,225,40,191,0.15,4.5,71.0,-31.0,64.0,74.0,56.333333333333336,3.0,6.0,0.0,0
10007,28,"Benzyl Benzoate 25%, Emulsion, 100ml, Bot",2023-06-01,191,0,8,183,23.875,716.25,40.0,-32.0,55.333333333333336,225.0,99.66666666666669,6.0,191.0,0.0,0
10007,28,"Benzyl Benzoate 25%, Emulsion, 100ml, Bot",2023-07-01,183,0,42,141,4.357142857142857,130.7142857142857,8.0,34.0,39.66666666666666,0.0,99.66666666666669,191.0,183.0,0.0,0
10007,28,"Benzyl Benzoate 25%, Emulsion, 100ml, Bot",2023-08-01,141,0,51,90,2.764705882352941,82.94117647058823,42.0,9.0,30.0,0.0,75.0,183.0,141.0,0.0,0
10007,28,"Benzyl Benzoate 25%, Emulsion, 100ml, Bot",2023-10-01,90,0,49,41,1.836734693877551,55.10204081632653,51.0,-2.0,33.666666666666664,0.0,0.0,141.0,90.0,0.0,0
10007,32,"Ampicillin 500mg, Pdr for IM/IV, Inj, Vial",2019-10-01,62,0,62,0,1.0,30.0,,,,,,,,,1
10007,32,"Ampicillin 500mg, Pdr for IM/IV, Inj, Vial",2019-12-01,0,0,0,0,,,62.0,-62.0,62.0,0.0,0.0,62.0,0.0,1.0,0
10007,32,"Ampicillin 500mg, Pdr for IM/IV, Inj, Vial",2020-01-01,0,241,69,172,0.0,0.0,0.0,69.0,31.0,0.0,0.0,0.0,0.0,1.0,0
10007,32,"Ampicillin 500mg, Pdr for IM/IV, Inj, Vial",2020-04-01,172,0,17,155,10.117647058823527,303.52941176470586,69.0,-52.0,43.66666666666666,241.0,80.33333333333333,0.0,172.0,0.0,0
10007,32,"Ampicillin 500mg, Pdr for IM/IV, Inj, Vial",2020-07-01,155,0,93,62,1.6666666666666667,50.0,17.0,76.0,28.666666666666668,0.0,80.33333333333333,172.0,155.0,0.0,0
10007,32,"Ampicillin 500mg, Pdr for IM/IV, Inj, Vial",2020-08-01,62,182,23,221,2.6956521739130435,80.8695652173913,93.0,-70.0,59.66666666666666,0.0,80.33333333333333,155.0,62.0,0.0,0
10007,32,"Ampicillin 500mg, Pdr for IM/IV, Inj, Vial",2020-09-01,221,0,71,150,3.112676056338028,93.38028169014083,23.0,48.0,44.333333333333336,182.0,60.66666666666666,62.0,221.0,0.0,0
10007,32,"Ampicillin 500mg, Pdr for IM/IV, Inj, Vial",2020-10-01,150,0,80,70,1.875,56.25,71.0,9.0,62.333333333333336,0.0,60.66666666666666,221.0,150.0,0.0,0
10007,32,"Ampicillin 500mg, Pdr for IM/IV, Inj, Vial",2020-12-01,70,202,61,211,1.147540983606557,34.42622950819672,80.0,-19.0,58.0,0.0,60.66666666666666,150.0,70.0,0.0,0
10007,32,"Ampicillin 500mg, Pdr for IM/IV, Inj, Vial",2021-02-01,211,0,71,140,2.971830985915493,89.15492957746478,61.0,10.0,70.66666666666667,202.0,67.33333333333333,70.0,211.0,0.0,1
10007,32,"Ampicillin 500mg, Pdr for IM/IV, Inj, Vial",2021-03-01,140,0,140,0,1.0,30.0,71.0,69.0,70.66666666666667,0.0,67.33333333333333,211.0,140.0,0.0,0
10007,32,"Ampicillin 500mg, Pdr for IM/IV, Inj, Vial",2021-06-01,0,240,57,183,0.0,0.0,140.0,-83.0,90.66666666666669,0.0,67.33333333333333,140.0,0.0,1.0,0
10007,32,"Ampicillin 500mg, Pdr for IM/IV, Inj, Vial",2021-08-01,183,0,56,127,3.267857142857143,98.03571428571428,57.0,-1.0,89.33333333333333,240.0,80.0,0.0,183.0,0.0,0
10007,32,"Ampicillin 500mg, Pdr for IM/IV, Inj, Vial",2021-09-01,127,0,50,77,2.54,76.2,56.0,-6.0,84.33333333333333,0.0,80.0,183.0,127.0,0.0,0
10007,32,"Ampicillin 500mg, Pdr for IM/IV, Inj, Vial",2021-10-01,77,295,70,302,1.1,33.0,50.0,20.0,54.333333333333336,0.0,80.0,127.0,77.0,0.0,0
10007,32,"Ampicillin 500mg, Pdr for IM/IV, Inj, Vial",2021-11-01,302,0,21,281,14.38095238095238,431.4285714285714,70.0,-49.0,58.66666666666666,295.0,98.33333333333331,77.0,302.0,0.0,0
10007,32,"Ampicillin 500mg, Pdr for IM/IV, Inj, Vial",2021-12-01,281,0,49,232,5.73469387755102,172.0408163265306,21.0,28.0,47.0,0.0,98.33333333333331,302.0,281.0,0.0,0
10007,32,"Ampicillin 500mg, Pdr for IM/IV, Inj, Vial",2022-03-01,232,0,40,192,5.8,174.0,49.0,-9.0,46.66666666666666,0.0,98.33333333333331,281.0,232.0,0.0,0
10007,32,"Ampicillin 500mg, Pdr for IM/IV, Inj, Vial",2022-04-01,192,0,78,114,2.4615384615384617,73.84615384615385,40.0,38.0,36.66666666666666,0.0,0.0,232.0,192.0,0.0,0
10007,32,"Ampicillin 500mg, Pdr for IM/IV, Inj, Vial",2022-09-01,114,0,23,91,4.956521739130435,148.69565217391303,78.0,-55.0,55.66666666666666,0.0,0.0,192.0,114.0,0.0,0
10007,32,"Ampicillin 500mg, Pdr for IM/IV, Inj, Vial",2022-11-01,91,0,74,17,1.2297297297297298,36.891891891891895,23.0,51.0,47.0,0.0,0.0,114.0,91.0,0.0,0
10007,32,"Ampicillin 500mg, Pdr for IM/IV, Inj, Vial",2023-03-01,17,158,86,89,0.1976744186046511,5.930232558139535,74.0,12.0,58.333333333333336,0.0,0.0,91.0,17.0,0.0,0
10007,32,"Ampicillin 500mg, Pdr for IM/IV, Inj, Vial",2023-09-01,89,0,55,34,1.6181818181818182,48.54545454545455,86.0,-31.0,61.0,158.0,52.66666666666666,17.0,89.0,0.0,0
10007,34,"Folic Acid 5mg, Tab",2019-10-01,594,0,594,0,1.0,30.0,,,,,,,,,1
10007,34,"Folic Acid 5mg, Tab",2019-12-01,0,0,0,0,,,594.0,-594.0,594.0,0.0,0.0,594.0,0.0,1.0,0
10007,34,"Folic Acid 5mg, Tab",2020-02-01,0,1005,259,746,0.0,0.0,0.0,259.0,297.0,0.0,0.0,0.0,0.0,1.0,0
10007,34,"Folic Acid 5mg, Tab",2020-03-01,746,0,421,325,1.7719714964370543,53.15914489311164,259.0,162.0,284.3333333333333,1005.0,335.0,0.0,746.0,0.0,1
10007,34,"Folic Acid 5mg, Tab",2020-04-01,325,0,325,0,1.0,30.0,421.0,-96.0,226.66666666666663,0.0,335.0,746.0,325.0,0.0,1
10007,34,"Folic Acid 5mg, Tab",2020-05-01,0,0,0,0,,,325.0,-325.0,335.0,0.0,335.0,325.0,0.0,1.0,1
10007,34,"Folic Acid 5mg, Tab",2020-06-01,0,0,0,0,,,0.0,0.0,248.66666666666663,0.0,0.0,0.0,0.0,1.0,0
10007,34,"Folic Acid 5mg, Tab",2020-07-01,0,1972,462,1510,0.0,0.0,0.0,462.0,108.33333333333331,0.0,0.0,0.0,0.0,1.0,0
10007,34,"Folic Acid 5mg, Tab",2020-08-01,1510,0,644,866,2.3447204968944098,70.34161490683229,462.0,182.0,154.0,1972.0,657.3333333333334,0.0,1510.0,0.0,1
10007,34,"Folic Acid 5mg, Tab",2020-09-01,866,0,866,0,1.0,30.0,644.0,222.0,368.6666666666667,0.0,657.3333333333334,1510.0,866.0,0.0,0
10007,34,"Folic Acid 5mg, Tab",2020-10-01,0,1501,560,941,0.0,0.0,866.0,-306.0,657.3333333333334,0.0,657.3333333333334,866.0,0.0,1.0,0
10007,34,"Folic Acid 5mg, Tab",2020-11-01,941,0,494,447,1.9048582995951415,57.145748987854255,560.0,-66.0,690.0,1501.0,500.3333333333333,0.0,941.0,0.0,1
10007,34,"Folic Acid 5mg, Tab",2021-01-01,447,0,447,0,1.0,30.0,494.0,-47.0,640.0,0.0,500.3333333333333,941.0,447.0,0.0,0
10007,34,"Folic Acid 5mg, Tab",2021-02-01,0,2654,376,2278,0.0,0.0,447.0,-71.0,500.3333333333333,0.0,500.3333333333333,447.0,0.0,1.0,0
10007,34,"Folic Acid 5mg, Tab",2021-03-01,2278,0,939,1339,2.425985090521832,72.77955271565494,376.0,563.0,439.0,2654.0,884.6666666666666,0.0,2278.0,0.0,0
10007,34,"Folic Acid 5mg, Tab",2021-04-01,1339,0,970,369,1.3804123711340206,41.41237113402062,939.0,31.0,587.3333333333334,0.0,884.6666666666666,2278.0,1339.0,0.0,0
10007,34,"Folic Acid 5mg, Tab",2021-05-01,369,2348,685,2032,0.5386861313868613,16.16058394160584,970.0,-285.0,761.6666666666666,0.0,884.6666666666666,1339.0,369.0,0.0,0
10007,34,"Folic Acid 5mg, Tab",2021-06-01,2032,0,827,1205,2.457073760580411,73.71221281741232,685.0,142.0,864.6666666666666,2348.0,782.6666666666666,369.0,2032.0,0.0,0
10007,34,"Folic Acid 5mg, Tab",2021-07-01,1205,0,597,608,2.018425460636516,60.55276381909548,827.0,-230.0,827.3333333333334,0.0,782.6666666666666,2032.0,1205.0,0.0,1
10007,34,"Folic Acid 5mg, Tab",2021-08-01,608,0,608,0,1.0,30.0,597.0,11.0,703.0,0.0,782.6666666666666,1205.0,608.0,0.0,0
10007,34,"Folic Acid 5mg, Tab",2021-11-01,0,2634,562,2072,0.0,0.0,608.0,-46.0,677.3333333333334,0.0,0.0,608.0,0.0,1.0,0
10007,34,"Folic Acid 5mg, Tab",2021-12-01,2072,0,685,1387,3.024817518248175,90.74452554744524,562.0,123.0,589.0,2634.0,878.0,0.0,2072.0,0.0,0
10007,34,"Folic Acid 5mg, Tab",2022-01-01,1387,0,306,1081,4.532679738562091,135.9803921568627,685.0,-379.0,618.3333333333334,0.0,878.0,2072.0,1387.0,0.0,0
10007,34,"Folic Acid 5mg, Tab",2022-03-01,1081,0,552,529,1.9583333333333333,58.75,306.0,246.0,517.6666666666666,0.0,878.0,1387.0,1081.0,0.0,0
10007,34,"Folic Acid 5mg, Tab",2022-05-01,529,947,805,671,0.6571428571428571,19.714285714285715,552.0,253.0,514.3333333333334,0.0,0.0,1081.0,529.0,0.0,1
10007,34,"Folic Acid 5mg, Tab",2022-06-01,671,0,671,0,1.0,30.0,805.0,-134.0,554.3333333333334,947.0,315.6666666666667,529.0,671.0,0.0,1
10007,34,"Folic Acid 5mg, Tab",2022-07-01,0,0,0,0,,,671.0,-671.0,676.0,0.0,315.6666666666667,671.0,0.0,1.0,0
10007,34,"Folic Acid 5mg, Tab",2022-08-01,0,1468,699,769,0.0,0.0,0.0,699.0,492.0,0.0,315.6666666666667,0.0,0.0,1.0,0
10007,34,"Folic Acid 5mg, Tab",2022-09-01,769,0,573,196,1.3420593368237348,40.261780104712045,699.0,-126.0,456.6666666666667,1468.0,489.3333333333333,0.0,769.0,0.0,1
10007,34,"Folic Acid 5mg, Tab",2022-11-01,196,0,196,0,1.0,30.0,573.0,-377.0,424.0,0.0,489.3333333333333,769.0,196.0,0.0,0
10007,34,"Folic Acid 5mg, Tab",2022-12-01,0,2398,523,1875,0.0,0.0,196.0,327.0,489.3333333333333,0.0,489.3333333333333,196.0,0.0,1.0,0
10007,34,"Folic Acid 5mg, Tab",2023-01-01,1875,0,779,1096,2.406931964056483,72.20795892169448,523.0,256.0,430.6666666666667,2398.0,799.3333333333334,0.0,1875.0,0.0,0
10007,34,"Folic Acid 5mg, Tab",2023-03-01,1096,0,538,558,2.037174721189591,61.11524163568773,779.0,-241.0,499.3333333333333,0.0,799.3333333333334,1875.0,1096.0,0.0,0
10007,34,"Folic Acid 5mg, Tab",2023-04-01,558,876,542,892,1.029520295202952,30.885608856088563,538.0,4.0,613.3333333333334,0.0,799.3333333333334,1096.0,558.0,0.0,0
10007,34,"Folic Acid 5mg, Tab",2023-05-01,892,0,567,325,1.5731922398589064,47.1957671957672,542.0,25.0,619.6666666666666,876.0,292.0,558.0,892.0,0.0,0
10007,34,"Folic Acid 5mg, Tab",2023-06-01,325,0,315,10,1.031746031746032,30.95238095238096,567.0,-252.0,549.0,0.0,292.0,892.0,325.0,0.0,0
10007,34,"Folic Acid 5mg, Tab",2023-07-01,10,976,377,609,0.026525198938992,0.7957559681697614,315.0,62.0,474.6666666666667,0.0,292.0,325.0,10.0,0.0,1
10007,34,"Folic Acid 5mg, Tab",2023-08-01,609,0,609,0,1.0,30.0,377.0,232.0,419.6666666666667,976.0,325.3333333333333,10.0,609.0,0.0,1
10007,34,"Folic Acid 5mg, Tab",2023-10-01,0,0,0,0,,,609.0,-609.0,433.6666666666667,0.0,325.3333333333333,609.0,0.0,1.0,1
10007,35,"Oxytocin 10IU, Inj, Amp",2019-10-01,18,0,18,0,1.0,30.0,,,,,,,,,1
10007,35,"Oxytocin 10IU, Inj, Amp",2019-11-01,0,0,0,0,,,18.0,-18.0,18.0,0.0,0.0,18.0,0.0,1.0,0
10007,35,"Oxytocin 10IU, Inj, Amp",2019-12-01,0,27,10,17,0.0,0.0,0.0,10.0,9.0,0.0,0.0,0.0,0.0,1.0,0
10007,35,"Oxytocin 10IU, Inj, Amp",2020-02-01,17,0,3,14,5.666666666666667,170.0,10.0,-7.0,9.333333333333334,27.0,9.0,0.0,17.0,0.0,1
10007,35,"Oxytocin 10IU, Inj, Amp",2020-03-01,14,0,14,0,1.0,30.0,3.0,11.0,4.333333333333333,0.0,9.0,17.0,14.0,0.0,0
10007,35,"Oxytocin 10IU, Inj, Amp",2020-04-01,0,29,18,11,0.0,0.0,14.0,4.0,9.0,0.0,9.0,14.0,0.0,1.0,0
10007,35,"Oxytocin 10IU, Inj, Amp",2020-06-01,11,0,10,1,1.1,33.0,18.0,-8.0,11.666666666666666,29.0,9.666666666666666,0.0,11.0,0.0,1
10007,35,"Oxytocin 10IU, Inj, Amp",2020-07-01,1,0,1,0,1.0,30.0,10.0,-9.0,14.0,0.0,9.666666666666666,11.0,1.0,0.0,0
10007,35,"Oxytocin 10IU, Inj, Amp",2020-11-01,0,52,5,47,0.0,0.0,1.0,4.0,9.666666666666666,0.0,9.666666666666666,1.0,0.0,1.0,0
10007,35,"Oxytocin 10IU, Inj, Amp",2020-12-01,47,0,11,36,4.2727272727272725,128.1818181818182,5.0,6.0,5.333333333333333,52.0,17.333333333333332,0.0,47.0,0.0,0
10007,35,"Oxytocin 10IU, Inj, Amp",2021-04-01,36,0,3,33,12.0,360.0,11.0,-8.0,5.666666666666667,0.0,17.333333333333332,47.0,36.0,0.0,0
10007,35,"Oxytocin 10IU, Inj, Amp",2021-05-01,33,0,14,19,2.357142857142857,70.71428571428572,3.0,11.0,6.333333333333333,0.0,17.333333333333332,36.0,33.0,0.0,0
10007,35,"Oxytocin 10IU, Inj, Amp",2021-06-01,19,0,14,5,1.3571428571428572,40.71428571428572,14.0,0.0,9.333333333333334,0.0,0.0,33.0,19.0,0.0,0
10007,35,"Oxytocin 10IU, Inj, Amp",2021-08-01,5,41,7,39,0.7142857142857143,21.42857142857143,14.0,-7.0,10.333333333333334,0.0,0.0,19.0,5.0,0.0,0
10007,35,"Oxytocin 10IU, Inj, Amp",2021-09-01,39,0,6,33,6.5,195.0,7.0,-1.0,11.666666666666666,41.0,13.666666666666666,5.0,39.0,0.0,0
10007,35,"Oxytocin 10IU, Inj, Amp",2021-10-01,33,0,17,16,1.9411764705882355,58.23529411764706,6.0,11.0,9.0,0.0,13.666666666666666,39.0,33.0,0.0,0
10007,35,"Oxytocin 10IU, Inj, Amp",2021-11-01,16,0,14,2,1.1428571428571428,34.285714285714285,17.0,-3.0,10.0,0.0,13.666666666666666,33.0,16.0,0.0,0
10007,35,"Oxytocin 10IU, Inj, Amp",2022-03-01,2,24,1,25,2.0,60.0,14.0,-13.0,12.333333333333334,0.0,0.0,16.0,2.0,0.0,0
10007,35,"Oxytocin 10IU, Inj, Amp",2022-06-01,25,0,11,14,2.272727272727273,68.18181818181819,1.0,10.0,10.666666666666666,24.0,8.0,2.0,25.0,0.0,0
10007,35,"Oxytocin 10IU, Inj, Amp",2022-07-01,14,0,11,3,1.2727272727272727,38.18181818181818,11.0,0.0,8.666666666666666,0.0,8.0,25.0,14.0,0.0,0
10007,35,"Oxytocin 10IU, Inj, Amp",2022-09-01,3,46,7,42,0.4285714285714285,12.857142857142856,11.0,-4.0,7.666666666666667,0.0,8.0,14.0,3.0,0.0,0
10007,35,"Oxytocin 10IU, Inj, Amp",2022-10-01,42,0,7,35,6.0,180.0,7.0,0.0,9.666666666666666,46.0,15.333333333333334,3.0,42.0,0.0,0
10007,35,"Oxytocin 10IU, Inj, Amp",2022-12-01,35,0,4,31,8.75,262.5,7.0,-3.0,8.333333333333334,0.0,15.333333333333334,42.0,35.0,0.0,0
10007,35,"Oxytocin 10IU, Inj, Amp",2023-02-01,31,0,7,24,4.428571428571429,132.85714285714286,4.0,3.0,6.0,0.0,15.333333333333334,35.0,31.0,0.0,0
10007,35,"Oxytocin 10IU, Inj, Amp",2023-04-01,24,0,23,1,1.0434782608695652,31.30434782608696,7.0,16.0,6.0,0.0,0.0,31.0,24.0,0.0,0
10007,35,"Oxytocin 10IU, Inj, Amp",2023-06-01,1,40,13,28,0.0769230769230769,2.307692307692308,23.0,-10.0,11.333333333333334,0.0,0.0,24.0,1.0,0.0,0
10007,35,"Oxytocin 10IU, Inj, Amp",2023-10-01,28,0,12,16,2.333333333333333,70.0,13.0,-1.0,14.333333333333334,40.0,13.333333333333334,1.0,28.0,0.0,0
10007,38,"Albendazole 400mg, Tab",2019-10-01,155,0,106,49,1.4622641509433962,43.86792452830189,,,,,,,,,1
10007,38,"Albendazole 400mg, Tab",2019-11-01,49,0,49,0,1.0,30.0,106.0,-57.0,106.0,0.0,0.0,155.0,49.0,0.0,0
10007,38,"Albendazole 400mg, Tab",2019-12-01,0,384,40,344,0.0,0.0,49.0,-9.0,77.5,0.0,0.0,49.0,0.0,1.0,0
10007,38,"Albendazole 400mg, Tab",2020-02-01,344,0,109,235,3.1559633027522938,94.67889908256882,40.0,69.0,65.0,384.0,128.0,0.0,344.0,0.0,0
10007,38,"Albendazole 400mg, Tab",2020-03-01,235,0,141,94,1.6666666666666667,50.0,109.0,32.0,66.0,0.0,128.0,344.0,235.0,0.0,0
10007,38,"Albendazole 400mg, Tab",2020-04-01,94,652,117,629,0.8034188034188035,24.102564102564106,141.0,-24.0,96.66666666666669,0.0,128.0,235.0,94.0,0.0,0
10007,38,"Albendazole 400mg, Tab",2020-05-01,629,0,80,549,7.8625,235.875,117.0,-37.0,122.33333333333331,652.0,217.33333333333331,94.0,629.0,0.0,0
10007,38,"Albendazole 400mg, Tab",2020-06-01,549,0,42,507,13.071428571428571,392.1428571428571,80.0,-38.0,112.66666666666669,0.0,217.33333333333331,629.0,549.0,0.0,0
10007,38,"Albendazole 400mg, Tab",2020-07-01,507,0,32,475,15.84375,475.3125,42.0,-10.0,79.66666666666667,0.0,217.33333333333331,549.0,507.0,0.0,0
10007,38,"Albendazole 400mg, Tab",2020-08-01,475,0,63,412,7.5396825396825395,226.19047619047615,32.0,31.0,51.333333333333336,0.0,0.0,507.0,475.0,0.0,0
10007,38,"Albendazole 400mg, Tab",2020-09-01,412,0,170,242,2.4235294117647057,72.70588235294117,63.0,107.0,45.66666666666666,0.0,0.0,475.0,412.0,0.0,0
10007,38,"Albendazole 400mg, Tab",2020-10-01,242,0,78,164,3.102564102564102,93.07692307692308,170.0,-92.0,88.33333333333333,0.0,0.0,412.0,242.0,0.0,0
10007,38,"Albendazole 400mg, Tab",2020-11-01,164,562,97,629,1.690721649484536,50.72164948453608,78.0,19.0,103.66666666666669,0.0,0.0,242.0,164.0,0.0,0
10007,38,"Albendazole 400mg, Tab",2020-12-01,629,0,110,519,5.718181818181818,171.54545454545453,97.0,13.0,115.0,562.0,187.33333333333331,164.0,629.0,0.0,0
10007,38,"Albendazole 400mg, Tab",2021-01-01,519,0,160,359,3.24375,97.3125,110.0,50.0,95.0,0.0,187.33333333333331,629.0,519.0,0.0,0
10007,38,"Albendazole 400mg, Tab",2021-02-01,359,0,117,242,3.068376068376069,92.05128205128206,160.0,-43.0,122.33333333333331,0.0,187.33333333333331,519.0,359.0,0.0,0
10007,38,"Albendazole 400mg, Tab",2021-03-01,242,0,181,61,1.3370165745856353,40.11049723756906,117.0,64.0,129.0,0.0,0.0,359.0,242.0,0.0,0
10007,38,"Albendazole 400mg, Tab",2021-04-01,61,414,63,412,0.9682539682539684,29.047619047619047,181.0,-118.0,152.66666666666666,0.0,0.0,242.0,61.0,0.0,0
10007,38,"Albendazole 400mg, Tab",2021-05-01,412,0,213,199,1.9342723004694835,58.0281690140845,63.0,150.0,120.33333333333331,414.0,138.0,61.0,412.0,0.0,0
10007,38,"Albendazole 400mg, Tab",2021-06-01,199,0,132,67,1.5075757575757576,45.22727272727273,213.0,-81.0,152.33333333333334,0.0,138.0,412.0,199.0,0.0,0
10007,38,"Albendazole 400mg, Tab",2021-07-01,67,578,74,571,0.9054054054054054,27.16216216216216,132.0,-58.0,136.0,0.0,138.0,199.0,67.0,0.0,0
10007,38,"Albendazole 400mg, Tab",2021-08-01,571,0,133,438,4.293233082706767,128.796992481203,74.0,59.0,139.66666666666666,578.0,192.66666666666663,67.0,571.0,0.0,0
10007,38,"Albendazole 400mg, Tab",2021-09-01,438,0,150,288,2.92,87.6,133.0,17.0,113.0,0.0,192.66666666666663,571.0,438.0,0.0,0
10007,38,"Albendazole 400mg, Tab",2021-10-01,288,0,182,106,1.5824175824175823,47.47252747252747,150.0,32.0,119.0,0.0,192.66666666666663,438.0,288.0,0.0,0
10007,38,"Albendazole 400mg, Tab",2021-11-01,106,353,112,347,0.9464285714285714,28.392857142857142,182.0,-70.0,155.0,0.0,0.0,288.0,106.0,0.0,0
10007,38,"Albendazole 400mg, Tab",2021-12-01,347,0,281,66,1.2348754448398576,37.046263345195726,112.0,169.0,148.0,353.0,117.66666666666669,106.0,347.0,0.0,1
10007,38,"Albendazole 400mg, Tab",2022-01-01,66,0,66,0,1.0,30.0,281.0,-215.0,191.66666666666663,0.0,117.66666666666669,347.0,66.0,0.0,0
10007,38,"Albendazole 400mg, Tab",2022-02-01,0,478,193,285,0.0,0.0,66.0,127.0,153.0,0.0,117.66666666666669,66.0,0.0,1.0,0
10007,38,"Albendazole 400mg, Tab",2022-03-01,285,0,194,91,1.4690721649484535,44.07216494845361,193.0,1.0,180.0,478.0,159.33333333333334,0.0,285.0,0.0,1
10007,38,"Albendazole 400mg, Tab",2022-04-01,91,0,91,0,1.0,30.0,194.0,-103.0,151.0,0.0,159.33333333333334,285.0,91.0,0.0,0
10007,38,"Albendazole 400mg, Tab",2022-06-01,0,448,87,361,0.0,0.0,91.0,-4.0,159.33333333333334,0.0,159.33333333333334,91.0,0.0,1.0,0
10007,38,"Albendazole 400mg, Tab",2022-07-01,361,0,182,179,1.983516483516484,59.50549450549451,87.0,95.0,124.0,448.0,149.33333333333334,0.0,361.0,0.0,0
10007,38,"Albendazole 400mg, Tab",2022-08-01,179,0,110,69,1.6272727272727272,48.81818181818181,182.0,-72.0,120.0,0.0,149.33333333333334,361.0,179.0,0.0,0
10007,38,"Albendazole 400mg, Tab",2022-09-01,69,449,111,407,0.6216216216216216,18.64864864864865,110.0,1.0,126.33333333333331,0.0,149.33333333333334,179.0,69.0,0.0,0
10007,38,"Albendazole 400mg, Tab",2022-10-01,407,0,133,274,3.0601503759398496,91.80451127819548,111.0,22.0,134.33333333333334,449.0,149.66666666666666,69.0,407.0,0.0,0
10007,38,"Albendazole 400mg, Tab",2022-11-01,274,0,112,162,2.446428571428572,73.39285714285715,133.0,-21.0,118.0,0.0,149.66666666666666,407.0,274.0,0.0,0
10007,38,"Albendazole 400mg, Tab",2023-01-01,162,554,21,695,7.714285714285714,231.42857142857144,112.0,-91.0,118.66666666666669,0.0,149.66666666666666,274.0,162.0,0.0,0
10007,38,"Albendazole 400mg, Tab",2023-02-01,695,0,57,638,12.192982456140353,365.7894736842105,21.0,36.0,88.66666666666667,554.0,184.66666666666663,162.0,695.0,0.0,0
10007,38,"Albendazole 400mg, Tab",2023-03-01,638,0,131,507,4.870229007633588,146.10687022900763,57.0,74.0,63.333333333333336,0.0,184.66666666666663,695.0,638.0,0.0,0
10007,38,"Albendazole 400mg, Tab",2023-04-01,507,0,155,352,3.270967741935484,98.12903225806453,131.0,24.0,69.66666666666667,0.0,184.66666666666663,638.0,507.0,0.0,0
10007,38,"Albendazole 400mg, Tab",2023-05-01,352,0,110,242,3.2,96.0,155.0,-45.0,114.33333333333331,0.0,0.0,507.0,352.0,0.0,0
10007,38,"Albendazole 400mg, Tab",2023-06-01,242,0,71,171,3.408450704225352,102.25352112676056,110.0,-39.0,132.0,0.0,0.0,352.0,242.0,0.0,0
10007,38,"Albendazole 400mg, Tab",2023-07-01,171,0,136,35,1.2573529411764706,37.72058823529412,71.0,65.0,112.0,0.0,0.0,242.0,171.0,0.0,0
10007,38,"Albendazole 400mg, Tab",2023-08-01,35,684,285,434,0.1228070175438596,3.684210526315789,136.0,149.0,105.66666666666669,0.0,0.0,171.0,35.0,0.0,0
10007,38,"Albendazole 400mg, Tab",2023-09-01,434,0,95,339,4.568421052631579,137.05263157894737,285.0,-190.0,164.0,684.0,228.0,35.0,434.0,0.0,0
10007,39,"Oral Rehydration Salts (ORS), Sachet",2019-10-01,142,0,142,0,1.0,30.0,,,,,,,,,0
10007,39,"Oral Rehydration Salts (ORS), Sachet",2019-11-01,0,247,5,242,0.0,0.0,142.0,-137.0,142.0,0.0,0.0,142.0,0.0,1.0,1
10007,39,"Oral Rehydration Salts (ORS), Sachet",2019-12-01,242,0,242,0,1.0,30.0,5.0,237.0,73.5,247.0,123.5,0.0,242.0,0.0,0
10007,39,"Oral Rehydration Salts (ORS), Sachet",2020-01-01,0,416,138,278,0.0,0.0,242.0,-104.0,129.66666666666666,0.0,82.33333333333333,242.0,0.0,1.0,0
10007,39,"Oral Rehydration Salts (ORS), Sachet",2020-02-01,278,0,170,108,1.6352941176470588,49.05882352941176,138.0,32.0,128.33333333333334,416.0,221.0,0.0,278.0,0.0,0
10007,39,"Oral Rehydration Salts (ORS), Sachet",2020-03-01,108,729,120,717,0.9,27.0,170.0,-50.0,183.33333333333331,0.0,138.66666666666666,278.0,108.0,0.0,0
10007,39,"Oral Rehydration Salts (ORS), Sachet",2020-04-01,717,0,158,559,4.537974683544304,136.13924050632912,120.0,38.0,142.66666666666666,729.0,381.6666666666667,108.0,717.0,0.0,0
10007,39,"Oral Rehydration Salts (ORS), Sachet",2020-05-01,559,0,149,410,3.751677852348993,112.5503355704698,158.0,-9.0,149.33333333333334,0.0,243.0,717.0,559.0,0.0,0
10007,39,"Oral Rehydration Salts (ORS), Sachet",2020-06-01,410,0,145,265,2.827586206896552,84.82758620689654,149.0,-4.0,142.33333333333334,0.0,243.0,559.0,410.0,0.0,0
10007,39,"Oral Rehydration Salts (ORS), Sachet",2020-07-01,265,0,174,91,1.5229885057471264,45.689655172413794,145.0,29.0,150.66666666666666,0.0,0.0,410.0,265.0,0.0,0
10007,39,"Oral Rehydration Salts (ORS), Sachet",2020-08-01,91,622,73,640,1.2465753424657535,37.397260273972606,174.0,-101.0,156.0,0.0,0.0,265.0,91.0,0.0,0
10007,39,"Oral Rehydration Salts (ORS), Sachet",2020-09-01,640,0,153,487,4.183006535947713,125.49019607843138,73.0,80.0,130.66666666666666,622.0,207.33333333333331,91.0,640.0,0.0,0
10007,39,"Oral Rehydration Salts (ORS), Sachet",2020-10-01,487,0,208,279,2.3413461538461537,70.24038461538461,153.0,55.0,133.33333333333334,0.0,207.33333333333331,640.0,487.0,0.0,0
10007,39,"Oral Rehydration Salts (ORS), Sachet",2020-11-01,279,0,100,179,2.79,83.7,208.0,-108.0,144.66666666666666,0.0,207.33333333333331,487.0,279.0,0.0,1
10007,39,"Oral Rehydration Salts (ORS), Sachet",2020-12-01,179,0,179,0,1.0,30.0,100.0,79.0,153.66666666666666,0.0,0.0,279.0,179.0,0.0,0
10007,39,"Oral Rehydration Salts (ORS), Sachet",2021-01-01,0,359,193,166,0.0,0.0,179.0,14.0,162.33333333333334,0.0,0.0,179.0,0.0,1.0,0
10007,39,"Oral Rehydration Salts (ORS), Sachet",2021-02-01,166,0,145,21,1.1448275862068966,34.3448275862069,193.0,-48.0,157.33333333333334,359.0,119.66666666666669,0.0,166.0,0.0,0
10007,39,"Oral Rehydration Salts (ORS), Sachet",2021-03-01,21,354,9,366,2.333333333333333,70.0,145.0,-136.0,172.33333333333334,0.0,119.66666666666669,166.0,21.0,0.0,0
10007,39,"Oral Rehydration Salts (ORS), Sachet",2021-04-01,366,0,188,178,1.946808510638298,58.40425531914894,9.0,179.0,115.66666666666669,354.0,237.66666666666663,21.0,366.0,0.0,0
10007,39,"Oral Rehydration Salts (ORS), Sachet",2021-05-01,178,0,127,51,1.4015748031496065,42.047244094488185,188.0,-61.0,114.0,0.0,118.0,366.0,178.0,0.0,0
10007,39,"Oral Rehydration Salts (ORS), Sachet",2021-06-01,51,624,182,493,0.2802197802197802,8.406593406593407,127.0,55.0,108.0,0.0,118.0,178.0,51.0,0.0,0
10007,39,"Oral Rehydration Salts (ORS), Sachet",2021-07-01,493,0,196,297,2.51530612244898,75.4591836734694,182.0,14.0,165.66666666666666,624.0,208.0,51.0,493.0,0.0,0
10007,39,"Oral Rehydration Salts (ORS), Sachet",2021-08-01,297,0,65,232,4.569230769230769,137.07692307692307,196.0,-131.0,168.33333333333334,0.0,208.0,493.0,297.0,0.0,0
10007,39,"Oral Rehydration Salts (ORS), Sachet",2021-09-01,232,0,145,87,1.6,48.0,65.0,80.0,147.66666666666666,0.0,208.0,297.0,232.0,0.0,0
10007,39,"Oral Rehydration Salts (ORS), Sachet",2021-10-01,87,630,174,543,0.5,15.0,145.0,29.0,135.33333333333334,0.0,0.0,232.0,87.0,0.0,0
10007,39,"Oral Rehydration Salts (ORS), Sachet",2021-11-01,543,0,112,431,4.848214285714286,145.44642857142856,174.0,-62.0,128.0,630.0,210.0,87.0,543.0,0.0,0
10007,39,"Oral Rehydration Salts (ORS), Sachet",2021-12-01,431,0,119,312,3.6218487394957983,108.65546218487395,112.0,7.0,143.66666666666666,0.0,210.0,543.0,431.0,0.0,0
10007,39,"Oral Rehydration Salts (ORS), Sachet",2022-01-01,312,0,117,195,2.6666666666666665,80.0,119.0,-2.0,135.0,0.0,210.0,431.0,312.0,0.0,0
10007,39,"Oral Rehydration Salts (ORS), Sachet",2022-02-01,195,0,132,63,1.4772727272727273,44.31818181818182,117.0,15.0,116.0,0.0,0.0,312.0,195.0,0.0,1
10007,39,"Oral Rehydration Salts (ORS), Sachet",2022-03-01,63,0,63,0,1.0,30.0,132.0,-69.0,122.66666666666669,0.0,0.0,195.0,63.0,0.0,0
10007,39,"Oral Rehydration Salts (ORS), Sachet",2022-04-01,0,689,134,555,0.0,0.0,63.0,71.0,104.0,0.0,0.0,63.0,0.0,1.0,0
10007,39,"Oral Rehydration Salts (ORS), Sachet",2022-05-01,555,0,113,442,4.911504424778761,147.34513274336285,134.0,-21.0,109.66666666666669,689.0,229.66666666666663,0.0,555.0,0.0,0
10007,39,"Oral Rehydration Salts (ORS), Sachet",2022-06-01,442,0,225,217,1.9644444444444444,58.93333333333333,113.0,112.0,103.33333333333331,0.0,229.66666666666663,555.0,442.0,0.0,1
10007,39,"Oral Rehydration Salts (ORS), Sachet",2022-07-01,217,0,217,0,1.0,30.0,225.0,-8.0,157.33333333333334,0.0,229.66666666666663,442.0,217.0,0.0,0
10007,39,"Oral Rehydration Salts (ORS), Sachet",2022-08-01,0,304,130,174,0.0,0.0,217.0,-87.0,185.0,0.0,0.0,217.0,0.0,1.0,1
10007,39,"Oral Rehydration Salts (ORS), Sachet",2022-09-01,174,0,174,0,1.0,30.0,130.0,44.0,190.66666666666663,304.0,101.33333333333331,0.0,174.0,0.0,1
10007,39,"Oral Rehydration Salts (ORS), Sachet",2022-10-01,0,0,0,0,,,174.0,-174.0,173.66666666666666,0.0,101.33333333333331,174.0,0.0,1.0,0
10007,39,"Oral Rehydration Salts (ORS), Sachet",2022-11-01,0,625,81,544,0.0,0.0,0.0,81.0,101.33333333333331,0.0,101.33333333333331,0.0,0.0,1.0,0
10007,39,"Oral Rehydration Salts (ORS), Sachet",2022-12-01,544,0,223,321,2.439461883408072,73.18385650224215,81.0,142.0,85.0,625.0,208.33333333333331,0.0,544.0,0.0,0
10007,39,"Oral Rehydration Salts (ORS), Sachet",2023-01-01,321,0,113,208,2.84070796460177,85.2212389380531,223.0,-110.0,101.33333333333331,0.0,208.33333333333331,544.0,321.0,0.0,0
10007,39,"Oral Rehydration Salts (ORS), Sachet",2023-02-01,208,0,195,13,1.0666666666666669,32.0,113.0,82.0,139.0,0.0,208.33333333333331,321.0,208.0,0.0,1
10007,39,"Oral Rehydration Salts (ORS), Sachet",2023-03-01,13,0,13,0,1.0,30.0,195.0,-182.0,177.0,0.0,0.0,208.0,13.0,0.0,1
10007,39,"Oral Rehydration Salts (ORS), Sachet",2023-04-01,0,0,0,0,,,13.0,-13.0,107.0,0.0,0.0,13.0,0.0,1.0,0
10007,39,"Oral Rehydration Salts (ORS), Sachet",2023-05-01,0,661,215,446,0.0,0.0,0.0,215.0,69.33333333333333,0.0,0.0,0.0,0.0,1.0,0
10007,39,"Oral Rehydration Salts (ORS), Sachet",2023-06-01,446,0,153,293,2.915032679738562,87.45098039215686,215.0,-62.0,76.0,661.0,220.33333333333331,0.0,446.0,0.0,0
10007,39,"Oral Rehydration Salts (ORS), Sachet",2023-07-01,293,0,172,121,1.7034883720930232,51.104651162790695,153.0,19.0,122.66666666666669,0.0,220.33333333333331,446.0,293.0,0.0,0
10007,39,"Oral Rehydration Salts (ORS), Sachet",2023-08-01,121,655,127,649,0.952755905511811,28.58267716535433,172.0,-45.0,180.0,0.0,220.33333333333331,293.0,121.0,0.0,0
10007,39,"Oral Rehydration Salts (ORS), Sachet",2023-09-01,649,0,78,571,8.320512820512821,249.61538461538464,127.0,-49.0,150.66666666666666,655.0,218.33333333333331,121.0,649.0,0.0,0
10007,39,"Oral Rehydration Salts (ORS), Sachet",2023-10-01,571,0,127,444,4.496062992125984,134.88188976377953,78.0,49.0,125.66666666666669,0.0,218.33333333333331,649.0,571.0,0.0,0
10007,42,"Methyldopa 250mg, Tab",2019-10-01,76,0,61,15,1.2459016393442623,37.37704918032787,,,,,,,,,0
10007,42,"Methyldopa 250mg, Tab",2019-11-01,15,289,72,232,0.2083333333333333,6.25,61.0,11.0,61.0,0.0,0.0,76.0,15.0,0.0,0
10007,42,"Methyldopa 250mg, Tab",2019-12-01,232,0,66,166,3.515151515151515,105.45454545454544,72.0,-6.0,66.5,289.0,144.5,15.0,232.0,0.0,0
10007,42,"Methyldopa 250mg, Tab",2020-01-01,166,0,91,75,1.824175824175824,54.72527472527472,66.0,25.0,66.33333333333333,0.0,96.33333333333331,232.0,166.0,0.0,1
10007,42,"Methyldopa 250mg, Tab",2020-02-01,75,0,75,0,1.0,30.0,91.0,-16.0,76.33333333333333,0.0,96.33333333333331,166.0,75.0,0.0,0
10007,42,"Methyldopa 250mg, Tab",2020-03-01,0,297,49,248,0.0,0.0,75.0,-26.0,77.33333333333333,0.0,0.0,75.0,0.0,1.0,0
10007,42,"Methyldopa 250mg, Tab",2020-04-01,248,0,72,176,3.4444444444444446,103.33333333333334,49.0,23.0,71.66666666666667,297.0,99.0,0.0,248.0,0.0,0
10007,42,"Methyldopa 250mg, Tab",2020-05-01,176,0,18,158,9.77777777777778,293.33333333333337,72.0,-54.0,65.33333333333333,0.0,99.0,248.0,176.0,0.0,0
10007,42,"Methyldopa 250mg, Tab",2020-06-01,158,0,53,105,2.981132075471698,89.43396226415094,18.0,35.0,46.333333333333336,0.0,99.0,176.0,158.0,0.0,0
10007,42,"Methyldopa 250mg, Tab",2020-07-01,105,0,62,43,1.6935483870967742,50.80645161290322,53.0,9.0,47.66666666666666,0.0,0.0,158.0,105.0,0.0,1
10007,42,"Methyldopa 250mg, Tab",2020-08-01,43,0,43,0,1.0,30.0,62.0,-19.0,44.333333333333336,0.0,0.0,105.0,43.0,0.0,0
10007,42,"Methyldopa 250mg, Tab",2020-09-01,0,192,96,96,0.0,0.0,43.0,53.0,52.66666666666666,0.0,0.0,43.0,0.0,1.0,0
10007,42,"Methyldopa 250mg, Tab",2020-12-01,96,0,35,61,2.742857142857143,82.28571428571429,96.0,-61.0,67.0,192.0,64.0,0.0,96.0,0.0,0
10007,42,"Methyldopa 250mg, Tab",2021-01-01,61,243,69,235,0.8840579710144928,26.521739130434785,35.0,34.0,58.0,0.0,64.0,96.0,61.0,0.0,0
10007,42,"Methyldopa 250mg, Tab",2021-02-01,235,0,79,156,2.9746835443037973,89.24050632911391,69.0,10.0,66.66666666666667,243.0,145.0,61.0,235.0,0.0,0
10007,42,"Methyldopa 250mg, Tab",2021-03-01,156,0,31,125,5.032258064516129,150.96774193548387,79.0,-48.0,61.0,0.0,81.0,235.0,156.0,0.0,1
10007,42,"Methyldopa 250mg, Tab",2021-04-01,125,0,125,0,1.0,30.0,31.0,94.0,59.66666666666666,0.0,81.0,156.0,125.0,0.0,0
10007,42,"Methyldopa 250mg, Tab",2021-05-01,0,222,76,146,0.0,0.0,125.0,-49.0,78.33333333333333,0.0,0.0,125.0,0.0,1.0,0
10007,42,"Methyldopa 250mg, Tab",2021-06-01,146,0,25,121,5.84,175.2,76.0,-51.0,77.33333333333333,222.0,74.0,0.0,146.0,0.0,1
10007,42,"Methyldopa 250mg, Tab",2021-07-01,121,0,121,0,1.0,30.0,25.0,96.0,75.33333333333333,0.0,74.0,146.0,121.0,0.0,0
10007,42,"Methyldopa 250mg, Tab",2021-08-01,0,340,56,284,0.0,0.0,121.0,-65.0,74.0,0.0,74.0,121.0,0.0,1.0,0
10007,42,"Methyldopa 250mg, Tab",2021-09-01,284,0,73,211,3.8904109589041096,116.71232876712328,56.0,17.0,67.33333333333333,340.0,113.33333333333331,0.0,284.0,0.0,0
10007,42,"Methyldopa 250mg, Tab",2021-10-01,211,0,93,118,2.2688172043010755,68.06451612903227,73.0,20.0,83.33333333333333,0.0,113.33333333333331,284.0,211.0,0.0,0
10007,42,"Methyldopa 250mg, Tab",2021-12-01,118,0,49,69,2.4081632653061225,72.24489795918367,93.0,-44.0,74.0,0.0,113.33333333333331,211.0,118.0,0.0,0
10007,42,"Methyldopa 250mg, Tab",2022-01-01,69,337,54,352,1.2777777777777777,38.33333333333333,49.0,5.0,71.66666666666667,0.0,0.0,118.0,69.0,0.0,0
10007,42,"Methyldopa 250mg, Tab",2022-02-01,352,0,90,262,3.911111111111111,117.33333333333331,54.0,36.0,65.33333333333333,337.0,112.33333333333331,69.0,352.0,0.0,0
10007,42,"Methyldopa 250mg, Tab",2022-03-01,262,0,39,223,6.717948717948718,201.53846153846155,90.0,-51.0,64.33333333333333,0.0,112.33333333333331,352.0,262.0,0.0,0
10007,42,"Methyldopa 250mg, Tab",2022-04-01,223,0,29,194,7.689655172413793,230.68965517241375,39.0,-10.0,61.0,0.0,112.33333333333331,262.0,223.0,0.0,0
10007,42,"Methyldopa 250mg, Tab",2022-05-01,194,0,58,136,3.3448275862068964,100.34482758620688,29.0,29.0,52.66666666666666,0.0,0.0,223.0,194.0,0.0,0
10007,42,"Methyldopa 250mg, Tab",2022-06-01,136,0,72,64,1.8888888888888888,56.66666666666666,58.0,14.0,42.0,0.0,0.0,194.0,136.0,0.0,0
10007,42,"Methyldopa 250mg, Tab",2022-07-01,64,285,76,273,0.8421052631578947,25.26315789473684,72.0,4.0,53.0,0.0,0.0,136.0,64.0,0.0,0
10007,42,"Methyldopa 250mg, Tab",2022-08-01,273,0,101,172,2.702970297029703,81.0891089108911,76.0,25.0,68.66666666666667,285.0,95.0,64.0,273.0,0.0,0
10007,42,"Methyldopa 250mg, Tab",2022-09-01,172,0,23,149,7.478260869565218,224.34782608695653,101.0,-78.0,83.0,0.0,95.0,273.0,172.0,0.0,0
10007,42,"Methyldopa 250mg, Tab",2022-11-01,149,0,4,145,37.25,1117.5,23.0,-19.0,66.66666666666667,0.0,95.0,172.0,149.0,0.0,0
10007,42,"Methyldopa 250mg, Tab",2022-12-01,145,0,85,60,1.7058823529411764,51.17647058823529,4.0,81.0,42.66666666666666,0.0,0.0,149.0,145.0,0.0,0
10007,42,"Methyldopa 250mg, Tab",2023-01-01,60,150,38,172,1.5789473684210529,47.36842105263158,85.0,-47.0,37.333333333333336,0.0,0.0,145.0,60.0,0.0,0
10007,42,"Methyldopa 250mg, Tab",2023-02-01,172,0,47,125,3.6595744680851054,109.7872340425532,38.0,9.0,42.333333333333336,150.0,50.0,60.0,172.0,0.0,0
10007,42,"Methyldopa 250mg, Tab",2023-03-01,125,0,85,40,1.4705882352941178,44.117647058823536,47.0,38.0,56.66666666666666,0.0,50.0,172.0,125.0,0.0,0
10007,42,"Methyldopa 250mg, Tab",2023-04-01,40,126,97,69,0.4123711340206185,12.371134020618555,85.0,12.0,56.66666666666666,0.0,50.0,125.0,40.0,0.0,0
10007,42,"Methyldopa 250mg, Tab",2023-05-01,69,0,18,51,3.8333333333333335,115.0,97.0,-79.0,76.33333333333333,126.0,42.0,40.0,69.0,0.0,0
10007,42,"Methyldopa 250mg, Tab",2023-06-01,51,270,46,275,1.108695652173913,33.26086956521739,18.0,28.0,66.66666666666667,0.0,42.0,69.0,51.0,0.0,0
10007,42,"Methyldopa 250mg, Tab",2023-07-01,275,0,85,190,3.235294117647059,97.05882352941175,46.0,39.0,53.66666666666666,270.0,132.0,51.0,275.0,0.0,0
10007,42,"Methyldopa 250mg, Tab",2023-08-01,190,0,21,169,9.047619047619047,271.42857142857144,85.0,-64.0,49.66666666666666,0.0,90.0,275.0,190.0,0.0,0
10007,42,"Methyldopa 250mg, Tab",2023-10-01,169,0,74,95,2.283783783783784,68.51351351351352,21.0,53.0,50.66666666666666,0.0,90.0,190.0,169.0,0.0,0
10007,46,"Paracetamol (Acetaminophen) 250mg, Dispersible, Tab",2019-10-01,857,0,510,347,1.6803921568627451,50.41176470588236,,,,,,,,,0
10007,46,"Paracetamol (Acetaminophen) 250mg, Dispersible, Tab",2020-01-01,347,1098,465,980,0.7462365591397849,22.387096774193548,510.0,-45.0,510.0,0.0,0.0,857.0,347.0,0.0,0
10007,46,"Paracetamol (Acetaminophen) 250mg, Dispersible, Tab",2020-02-01,980,0,727,253,1.3480055020632735,40.44016506189821,465.0,262.0,487.5,1098.0,549.0,347.0,980.0,0.0,0
10007,46,"Paracetamol (Acetaminophen) 250mg, Dispersible, Tab",2020-03-01,253,2268,609,1912,0.4154351395730706,12.463054187192116,727.0,-118.0,567.3333333333334,0.0,366.0,980.0,253.0,0.0,0
10007,46,"Paracetamol (Acetaminophen) 250mg, Dispersible, Tab",2020-04-01,1912,0,1050,862,1.8209523809523809,54.62857142857143,609.0,441.0,600.3333333333334,2268.0,1122.0,253.0,1912.0,0.0,0
10007,46,"Paracetamol (Acetaminophen) 250mg, Dispersible, Tab",2020-05-01,862,0,658,204,1.3100303951367782,39.30091185410335,1050.0,-392.0,795.3333333333334,0.0,756.0,1912.0,862.0,0.0,0
10007,46,"Paracetamol (Acetaminophen) 250mg, Dispersible, Tab",2020-06-01,204,803,494,513,0.4129554655870445,12.388663967611336,658.0,-164.0,772.3333333333334,0.0,756.0,862.0,204.0,0.0,1
10007,46,"Paracetamol (Acetaminophen) 250mg, Dispersible, Tab",2020-07-01,513,0,513,0,1.0,30.0,494.0,19.0,734.0,803.0,267.6666666666667,204.0,513.0,0.0,0
10007,46,"Paracetamol (Acetaminophen) 250mg, Dispersible, Tab",2020-08-01,0,2549,419,2130,0.0,0.0,513.0,-94.0,555.0,0.0,267.6666666666667,513.0,0.0,1.0,0
10007,46,"Paracetamol (Acetaminophen) 250mg, Dispersible, Tab",2020-10-01,2130,0,713,1417,2.9873772791023843,89.62131837307153,419.0,294.0,475.3333333333333,2549.0,1117.3333333333333,0.0,2130.0,0.0,0
10007,46,"Paracetamol (Acetaminophen) 250mg, Dispersible, Tab",2021-01-01,1417,0,352,1065,4.025568181818182,120.76704545454544,713.0,-361.0,548.3333333333334,0.0,849.6666666666666,2130.0,1417.0,0.0,0
10007,46,"Paracetamol (Acetaminophen) 250mg, Dispersible, Tab",2021-02-01,1065,0,870,195,1.2241379310344829,36.72413793103448,352.0,518.0,494.6666666666667,0.0,849.6666666666666,1417.0,1065.0,0.0,0
10007,46,"Paracetamol (Acetaminophen) 250mg, Dispersible, Tab",2021-03-01,195,1475,746,924,0.2613941018766756,7.841823056300268,870.0,-124.0,645.0,0.0,0.0,1065.0,195.0,0.0,0
10007,46,"Paracetamol (Acetaminophen) 250mg, Dispersible, Tab",2021-04-01,924,0,524,400,1.763358778625954,52.90076335877863,746.0,-222.0,656.0,1475.0,491.6666666666667,195.0,924.0,0.0,0
10007,46,"Paracetamol (Acetaminophen) 250mg, Dispersible, Tab",2021-07-01,400,1702,411,1691,0.97323600973236,29.197080291970803,524.0,-113.0,713.3333333333334,0.0,491.6666666666667,924.0,400.0,0.0,0
10007,46,"Paracetamol (Acetaminophen) 250mg, Dispersible, Tab",2021-08-01,1691,0,137,1554,12.343065693430656,370.2919708029197,411.0,-274.0,560.3333333333334,1702.0,1059.0,400.0,1691.0,0.0,0
10007,46,"Paracetamol (Acetaminophen) 250mg, Dispersible, Tab",2021-09-01,1554,0,462,1092,3.363636363636364,100.9090909090909,137.0,325.0,357.3333333333333,0.0,567.3333333333334,1691.0,1554.0,0.0,0
10007,46,"Paracetamol (Acetaminophen) 250mg, Dispersible, Tab",2021-10-01,1092,0,457,635,2.3894967177242887,71.68490153172866,462.0,-5.0,336.6666666666667,0.0,567.3333333333334,1554.0,1092.0,0.0,1
10007,46,"Paracetamol (Acetaminophen) 250mg, Dispersible, Tab",2021-11-01,635,0,635,0,1.0,30.0,457.0,178.0,352.0,0.0,0.0,1092.0,635.0,0.0,0
10007,46,"Paracetamol (Acetaminophen) 250mg, Dispersible, Tab",2021-12-01,0,1645,739,906,0.0,0.0,635.0,104.0,518.0,0.0,0.0,635.0,0.0,1.0,0
10007,46,"Paracetamol (Acetaminophen) 250mg, Dispersible, Tab",2022-03-01,906,0,346,560,2.6184971098265897,78.55491329479769,739.0,-393.0,610.3333333333334,1645.0,548.3333333333334,0.0,906.0,0.0,0
10007,46,"Paracetamol (Acetaminophen) 250mg, Dispersible, Tab",2022-04-01,560,1301,98,1763,5.714285714285714,171.42857142857144,346.0,-248.0,573.3333333333334,0.0,548.3333333333334,906.0,560.0,0.0,0
10007,46,"Paracetamol (Acetaminophen) 250mg, Dispersible, Tab",2022-05-01,1763,0,730,1033,2.415068493150685,72.45205479452055,98.0,632.0,394.3333333333333,1301.0,982.0,560.0,1763.0,0.0,0
10007,46,"Paracetamol (Acetaminophen) 250mg, Dispersible, Tab",2022-08-01,1033,0,295,738,3.5016949152542374,105.05084745762711,730.0,-435.0,391.3333333333333,0.0,433.6666666666667,1763.0,1033.0,0.0,0
10007,46,"Paracetamol (Acetaminophen) 250mg, Dispersible, Tab",2022-09-01,738,0,652,86,1.1319018404907977,33.95705521472392,295.0,357.0,374.3333333333333,0.0,433.6666666666667,1033.0,738.0,0.0,1
10007,46,"Paracetamol (Acetaminophen) 250mg, Dispersible, Tab",2022-10-01,86,0,86,0,1.0,30.0,652.0,-566.0,559.0,0.0,0.0,738.0,86.0,0.0,0
10007,46,"Paracetamol (Acetaminophen) 250mg, Dispersible, Tab",2022-11-01,0,1609,745,864,0.0,0.0,86.0,659.0,344.3333333333333,0.0,0.0,86.0,0.0,1.0,0
10007,46,"Paracetamol (Acetaminophen) 250mg, Dispersible, Tab",2022-12-01,864,0,542,322,1.5940959409594095,47.82287822878229,745.0,-203.0,494.3333333333333,1609.0,536.3333333333334,0.0,864.0,0.0,1
10007,46,"Paracetamol (Acetaminophen) 250mg, Dispersible, Tab",2023-01-01,322,0,322,0,1.0,30.0,542.0,-220.0,457.6666666666667,0.0,536.3333333333334,864.0,322.0,0.0,0
10007,46,"Paracetamol (Acetaminophen) 250mg, Dispersible, Tab",2023-02-01,0,1088,481,607,0.0,0.0,322.0,159.0,536.3333333333334,0.0,536.3333333333334,322.0,0.0,1.0,1
10007,46,"Paracetamol (Acetaminophen) 250mg, Dispersible, Tab",2023-05-01,607,0,607,0,1.0,30.0,481.0,126.0,448.3333333333333,1088.0,362.6666666666667,0.0,607.0,0.0,0
10007,46,"Paracetamol (Acetaminophen) 250mg, Dispersible, Tab",2023-06-01,0,1324,308,1016,0.0,0.0,607.0,-299.0,470.0,0.0,362.6666666666667,607.0,0.0,1.0,0
10007,46,"Paracetamol (Acetaminophen) 250mg, Dispersible, Tab",2023-09-01,1016,0,627,389,1.620414673046252,48.61244019138756,308.0,319.0,465.3333333333333,1324.0,804.0,0.0,1016.0,0.0,0
10007,46,"Paracetamol (Acetaminophen) 250mg, Dispersible, Tab",2023-10-01,389,1300,677,1012,0.5745937961595273,17.23781388478582,627.0,50.0,514.0,0.0,441.3333333333333,1016.0,389.0,0.0,0
10007,47,"Chlorhexidine Gluconate 7.1%, Gel",2019-10-01,7,0,2,5,3.5,105.0,,,,,,,,,0
10007,47,"Chlorhexidine Gluconate 7.1%, Gel",2019-11-01,5,0,2,3,2.5,75.0,2.0,0.0,2.0,0.0,0.0,7.0,5.0,0.0,0
10007,47,"Chlorhexidine Gluconate 7.1%, Gel",2019-12-01,3,8,0,11,,,2.0,-2.0,2.0,0.0,0.0,5.0,3.0,0.0,0
10007,47,"Chlorhexidine Gluconate 7.1%, Gel",2020-01-01,11,0,1,10,11.0,330.0,0.0,1.0,1.3333333333333333,8.0,2.6666666666666665,3.0,11.0,0.0,0
10007,47,"Chlorhexidine Gluconate 7.1%, Gel",2020-02-01,10,0,5,5,2.0,60.0,1.0,4.0,1.0,0.0,2.6666666666666665,11.0,10.0,0.0,0
10007,47,"Chlorhexidine Gluconate 7.1%, Gel",2020-03-01,5,0,2,3,2.5,75.0,5.0,-3.0,2.0,0.0,2.6666666666666665,10.0,5.0,0.0,0
10007,47,"Chlorhexidine Gluconate 7.1%, Gel",2020-04-01,3,12,0,15,,,2.0,-2.0,2.6666666666666665,0.0,0.0,5.0,3.0,0.0,0
10007,47,"Chlorhexidine Gluconate 7.1%, Gel",2020-05-01,15,0,3,12,5.0,150.0,0.0,3.0,2.333333333333333,12.0,4.0,3.0,15.0,0.0,0
10007,47,"Chlorhexidine Gluconate 7.1%, Gel",2020-06-01,12,0,4,8,3.0,90.0,3.0,1.0,1.6666666666666667,0.0,4.0,15.0,12.0,0.0,0
10007,47,"Chlorhexidine Gluconate 7.1%, Gel",2020-07-01,8,0,2,6,4.0,120.0,4.0,-2.0,2.333333333333333,0.0,4.0,12.0,8.0,0.0,0
10007,47,"Chlorhexidine Gluconate 7.1%, Gel",2020-08-01,6,0,5,1,1.2,36.0,2.0,3.0,3.0,0.0,0.0,8.0,6.0,0.0,0
10007,47,"Chlorhexidine Gluconate 7.1%, Gel",2020-10-01,1,12,1,12,1.0,30.0,5.0,-4.0,3.6666666666666665,0.0,0.0,6.0,1.0,0.0,0
10007,47,"Chlorhexidine Gluconate 7.1%, Gel",2020-11-01,12,0,4,8,3.0,90.0,1.0,3.0,2.6666666666666665,12.0,4.0,1.0,12.0,0.0,0
10007,47,"Chlorhexidine Gluconate 7.1%, Gel",2020-12-01,8,0,4,4,2.0,60.0,4.0,0.0,3.333333333333333,0.0,4.0,12.0,8.0,0.0,0
10007,47,"Chlorhexidine Gluconate 7.1%, Gel",2021-02-01,4,10,3,11,1.3333333333333333,40.0,4.0,-1.0,3.0,0.0,4.0,8.0,4.0,0.0,0
10007,47,"Chlorhexidine Gluconate 7.1%, Gel",2021-03-01,11,0,5,6,2.2,66.0,3.0,2.0,3.6666666666666665,10.0,3.333333333333333,4.0,11.0,0.0,0
10007,47,"Chlorhexidine Gluconate 7.1%, Gel",2021-06-01,6,0,3,3,2.0,60.0,5.0,-2.0,4.0,0.0,3.333333333333333,11.0,6.0,0.0,0
10007,47,"Chlorhexidine Gluconate 7.1%, Gel",2021-07-01,3,9,5,7,0.6,18.0,3.0,2.0,3.6666666666666665,0.0,3.333333333333333,6.0,3.0,0.0,0
10007,47,"Chlorhexidine Gluconate 7.1%, Gel",2021-09-01,7,0,0,7,,,5.0,-5.0,4.333333333333333,9.0,3.0,3.0,7.0,0.0,0
10007,47,"Chlorhexidine Gluconate 7.1%, Gel",2021-10-01,7,0,2,5,3.5,105.0,0.0,2.0,2.6666666666666665,0.0,3.0,7.0,7.0,0.0,0
10007,47,"Chlorhexidine Gluconate 7.1%, Gel",2021-11-01,5,0,4,1,1.25,37.5,2.0,2.0,2.333333333333333,0.0,3.0,7.0,5.0,0.0,0
10007,47,"Chlorhexidine Gluconate 7.1%, Gel",2021-12-01,1,6,1,6,1.0,30.0,4.0,-3.0,2.0,0.0,0.0,5.0,1.0,0.0,0
10007,47,"Chlorhexidine Gluconate 7.1%, Gel",2022-02-01,6,0,5,1,1.2,36.0,1.0,4.0,2.333333333333333,6.0,2.0,1.0,6.0,0.0,0
10007,47,"Chlorhexidine Gluconate 7.1%, Gel",2022-03-01,1,9,0,10,,,5.0,-5.0,3.333333333333333,0.0,2.0,6.0,1.0,0.0,0
10007,47,"Chlorhexidine Gluconate 7.1%, Gel",2022-05-01,10,0,5,5,2.0,60.0,0.0,5.0,2.0,9.0,5.0,1.0,10.0,0.0,0
10007,47,"Chlorhexidine Gluconate 7.1%, Gel",2022-07-01,5,0,3,2,1.6666666666666667,50.0,5.0,-2.0,3.333333333333333,0.0,3.0,10.0,5.0,0.0,0
10007,47,"Chlorhexidine Gluconate 7.1%, Gel",2022-09-01,2,8,2,8,1.0,30.0,3.0,-1.0,2.6666666666666665,0.0,3.0,5.0,2.0,0.0,0
10007,47,"Chlorhexidine Gluconate 7.1%, Gel",2022-11-01,8,0,3,5,2.6666666666666665,80.0,2.0,1.0,3.333333333333333,8.0,2.6666666666666665,2.0,8.0,0.0,0
10007,47,"Chlorhexidine Gluconate 7.1%, Gel",2023-01-01,5,0,3,2,1.6666666666666667,50.0,3.0,0.0,2.6666666666666665,0.0,2.6666666666666665,8.0,5.0,0.0,0
10007,47,"Chlorhexidine Gluconate 7.1%, Gel",2023-02-01,2,8,5,5,0.4,12.0,3.0,2.0,2.6666666666666665,0.0,2.6666666666666665,5.0,2.0,0.0,0
10007,47,"Chlorhexidine Gluconate 7.1%, Gel",2023-03-01,5,0,0,5,,,5.0,-5.0,3.6666666666666665,8.0,2.6666666666666665,2.0,5.0,0.0,0
10007,47,"Chlorhexidine Gluconate 7.1%, Gel",2023-04-01,5,0,4,1,1.25,37.5,0.0,4.0,2.6666666666666665,0.0,2.6666666666666665,5.0,5.0,0.0,0
10007,47,"Chlorhexidine Gluconate 7.1%, Gel",2023-05-01,1,16,2,15,0.5,15.0,4.0,-2.0,3.0,0.0,2.6666666666666665,5.0,1.0,0.0,0
10007,47,"Chlorhexidine Gluconate 7.1%, Gel",2023-07-01,15,0,4,11,3.75,112.5,2.0,2.0,2.0,16.0,5.333333333333333,1.0,15.0,0.0,0
10007,47,"Chlorhexidine Gluconate 7.1%, Gel",2023-08-01,11,0,3,8,3.6666666666666665,110.0,4.0,-1.0,3.333333333333333,0.0,5.333333333333333,15.0,11.0,0.0,0
10007,47,"Chlorhexidine Gluconate 7.1%, Gel",2023-10-01,8,0,0,8,,,3.0,-3.0,3.0,0.0,5.333333333333333,11.0,8.0,0.0,0
10007,50,"Paracetamol (Acetaminophen) 500mg, Tab",2019-10-01,1033,4401,2854,2580,0.3619481429572529,10.858444288717587,,,,,,,,,0
10007,50,"Paracetamol (Acetaminophen) 500mg, Tab",2019-11-01,2580,0,2567,13,1.0050642773665757,30.15192832099727,2854.0,-287.0,2854.0,4401.0,4401.0,1033.0,2580.0,0.0,0
10007,50,"Paracetamol (Acetaminophen) 500mg, Tab",2020-01-01,13,8312,2131,6194,0.006100422336931,0.1830126701079305,2567.0,-436.0,2710.5,0.0,2200.5,2580.0,13.0,0.0,0
10007,50,"Paracetamol (Acetaminophen) 500mg, Tab",2020-02-01,6194,0,1790,4404,3.4603351955307264,103.8100558659218,2131.0,-341.0,2517.333333333333,8312.0,4237.666666666667,13.0,6194.0,0.0,0
10007,50,"Paracetamol (Acetaminophen) 500mg, Tab",2020-03-01,4404,0,1784,2620,2.468609865470852,74.05829596412556,1790.0,-6.0,2162.6666666666665,0.0,2770.6666666666665,6194.0,4404.0,0.0,0
10007,50,"Paracetamol (Acetaminophen) 500mg, Tab",2020-04-01,2620,0,2063,557,1.2699951526902569,38.09985458070771,1784.0,279.0,1901.6666666666667,0.0,2770.6666666666665,4404.0,2620.0,0.0,0
10007,50,"Paracetamol (Acetaminophen) 500mg, Tab",2020-06-01,557,6364,2556,4365,0.2179186228482003,6.53755868544601,2063.0,493.0,1879.0,0.0,0.0,2620.0,557.0,0.0,0
10007,50,"Paracetamol (Acetaminophen) 500mg, Tab",2020-11-01,4365,0,3152,1213,1.384835025380711,41.54505076142132,2556.0,596.0,2134.333333333333,6364.0,2121.333333333333,557.0,4365.0,0.0,0
10007,50,"Paracetamol (Acetaminophen) 500mg, Tab",2020-12-01,1213,8541,2775,6979,0.4371171171171171,13.113513513513514,3152.0,-377.0,2590.333333333333,0.0,2121.333333333333,4365.0,1213.0,0.0,0
10007,50,"Paracetamol (Acetaminophen) 500mg, Tab",2021-04-01,6979,0,1325,5654,5.267169811320755,158.01509433962264,2775.0,-1450.0,2827.6666666666665,8541.0,4968.333333333333,1213.0,6979.0,0.0,0
10007,50,"Paracetamol (Acetaminophen) 500mg, Tab",2021-06-01,5654,0,1671,3983,3.3836026331538003,101.508078994614,1325.0,346.0,2417.333333333333,0.0,2847.0,6979.0,5654.0,0.0,0
10007,50,"Paracetamol (Acetaminophen) 500mg, Tab",2021-08-01,3983,0,2453,1530,1.6237260497350183,48.71178149205055,1671.0,782.0,1923.6666666666667,0.0,2847.0,5654.0,3983.0,0.0,1
10007,50,"Paracetamol (Acetaminophen) 500mg, Tab",2021-09-01,1530,0,1530,0,1.0,30.0,2453.0,-923.0,1816.3333333333333,0.0,0.0,3983.0,1530.0,0.0,0
10007,50,"Paracetamol (Acetaminophen) 500mg, Tab",2021-10-01,0,9474,2306,7168,0.0,0.0,1530.0,776.0,1884.6666666666667,0.0,0.0,1530.0,0.0,1.0,0
10007,50,"Paracetamol (Acetaminophen) 500mg, Tab",2021-12-01,7168,0,1390,5778,5.1568345323741,154.705035971223,2306.0,-916.0,2096.333333333333,9474.0,3158.0,0.0,7168.0,0.0,0
10007,50,"Paracetamol (Acetaminophen) 500mg, Tab",2022-01-01,5778,0,2629,3149,2.197793837961202,65.93381513883607,1390.0,1239.0,1742.0,0.0,3158.0,7168.0,5778.0,0.0,0
10007,50,"Paracetamol (Acetaminophen) 500mg, Tab",2022-02-01,3149,0,2358,791,1.335453774385072,40.06361323155216,2629.0,-271.0,2108.333333333333,0.0,3158.0,5778.0,3149.0,0.0,0
10007,50,"Paracetamol (Acetaminophen) 500mg, Tab",2022-03-01,791,4176,1474,3493,0.5366350067842606,16.099050203527817,2358.0,-884.0,2125.6666666666665,0.0,0.0,3149.0,791.0,0.0,0
10007,50,"Paracetamol (Acetaminophen) 500mg, Tab",2022-04-01,3493,0,1249,2244,2.7966373098478785,83.89911929543635,1474.0,-225.0,2153.6666666666665,4176.0,1392.0,791.0,3493.0,0.0,0
10007,50,"Paracetamol (Acetaminophen) 500mg, Tab",2022-05-01,2244,0,546,1698,4.1098901098901095,123.29670329670328,1249.0,-703.0,1693.6666666666667,0.0,1392.0,3493.0,2244.0,0.0,0
10007,50,"Paracetamol (Acetaminophen) 500mg, Tab",2022-06-01,1698,8241,1964,7975,0.8645621181262729,25.93686354378819,546.0,1418.0,1089.6666666666667,0.0,1392.0,2244.0,1698.0,0.0,0
10007,50,"Paracetamol (Acetaminophen) 500mg, Tab",2022-07-01,7975,0,2166,5809,3.6819021237303775,110.45706371191136,1964.0,202.0,1253.0,8241.0,2747.0,1698.0,7975.0,0.0,0
10007,50,"Paracetamol (Acetaminophen) 500mg, Tab",2022-10-01,5809,0,1896,3913,3.063818565400844,91.91455696202532,2166.0,-270.0,1558.6666666666667,0.0,2747.0,7975.0,5809.0,0.0,0
10007,50,"Paracetamol (Acetaminophen) 500mg, Tab",2022-11-01,3913,0,2241,1672,1.746095493083445,52.38286479250335,1896.0,345.0,2008.6666666666667,0.0,2747.0,5809.0,3913.0,0.0,1
10007,50,"Paracetamol (Acetaminophen) 500mg, Tab",2022-12-01,1672,0,1672,0,1.0,30.0,2241.0,-569.0,2101.0,0.0,0.0,3913.0,1672.0,0.0,0
10007,50,"Paracetamol (Acetaminophen) 500mg, Tab",2023-02-01,0,7754,978,6776,0.0,0.0,1672.0,-694.0,1936.3333333333333,0.0,0.0,1672.0,0.0,1.0,0
10007,50,"Paracetamol (Acetaminophen) 500mg, Tab",2023-03-01,6776,0,2013,4763,3.366120218579235,100.98360655737706,978.0,1035.0,1630.3333333333333,7754.0,2584.6666666666665,0.0,6776.0,0.0,0
10007,50,"Paracetamol (Acetaminophen) 500mg, Tab",2023-04-01,4763,0,3255,1508,1.4632872503840246,43.89861751152074,2013.0,1242.0,1554.3333333333333,0.0,2584.6666666666665,6776.0,4763.0,0.0,1
10007,50,"Paracetamol (Acetaminophen) 500mg, Tab",2023-05-01,1508,0,1508,0,1.0,30.0,3255.0,-1747.0,2082.0,0.0,2584.6666666666665,4763.0,1508.0,0.0,0
10007,50,"Paracetamol (Acetaminophen) 500mg, Tab",2023-06-01,0,4071,2113,1958,0.0,0.0,1508.0,605.0,2258.6666666666665,0.0,0.0,1508.0,0.0,1.0,0
10007,50,"Paracetamol (Acetaminophen) 500mg, Tab",2023-07-01,1958,0,1100,858,1.78,53.4,2113.0,-1013.0,2292.0,4071.0,1357.0,0.0,1958.0,0.0,0
10007,50,"Paracetamol (Acetaminophen) 500mg, Tab",2023-09-01,858,3235,2721,1372,0.3153252480705623,9.459757442116867,1100.0,1621.0,1573.6666666666667,0.0,1357.0,1958.0,858.0,0.0,0
10007,52,"Povidone Iodine 10%, Solution, Bot",2019-10-01,4,0,3,1,1.3333333333333333,40.0,,,,,,,,,0
10007,52,"Povidone Iodine 10%, Solution, Bot",2019-11-01,1,0,0,1,,,3.0,-3.0,3.0,0.0,0.0,4.0,1.0,0.0,0
10007,52,"Povidone Iodine 10%, Solution, Bot",2019-12-01,1,10,0,11,,,0.0,0.0,1.5,0.0,0.0,1.0,1.0,0.0,0
10007,52,"Povidone Iodine 10%, Solution, Bot",2020-02-01,11,0,0,11,,,0.0,0.0,1.0,10.0,3.333333333333333,1.0,11.0,0.0,0
10007,52,"Povidone Iodine 10%, Solution, Bot",2020-03-01,11,0,4,7,2.75,82.5,0.0,4.0,0.0,0.0,3.333333333333333,11.0,11.0,0.0,0
10007,52,"Povidone Iodine 10%, Solution, Bot",2020-06-01,7,0,0,7,,,4.0,-4.0,1.3333333333333333,0.0,3.333333333333333,11.0,7.0,0.0,0
10007,52,"Povidone Iodine 10%, Solution, Bot",2020-07-01,7,0,2,5,3.5,105.0,0.0,2.0,1.3333333333333333,0.0,0.0,7.0,7.0,0.0,0
10007,52,"Povidone Iodine 10%, Solution, Bot",2020-08-01,5,0,0,5,,,2.0,-2.0,2.0,0.0,0.0,7.0,5.0,0.0,0
10007,52,"Povidone Iodine 10%, Solution, Bot",2020-09-01,5,0,1,4,5.0,150.0,0.0,1.0,0.6666666666666666,0.0,0.0,5.0,5.0,0.0,0
10007,52,"Povidone Iodine 10%, Solution, Bot",2020-11-01,4,0,2,2,2.0,60.0,1.0,1.0,1.0,0.0,0.0,5.0,4.0,0.0,0
10007,52,"Povidone Iodine 10%, Solution, Bot",2021-01-01,2,5,1,6,2.0,60.0,2.0,-1.0,1.0,0.0,0.0,4.0,2.0,0.0,0
10007,52,"Povidone Iodine 10%, Solution, Bot",2021-02-01,6,0,1,5,6.0,180.0,1.0,0.0,1.3333333333333333,5.0,1.6666666666666667,2.0,6.0,0.0,0
10007,52,"Povidone Iodine 10%, Solution, Bot",2021-03-01,5,0,2,3,2.5,75.0,1.0,1.0,1.3333333333333333,0.0,1.6666666666666667,6.0,5.0,0.0,0
10007,52,"Povidone Iodine 10%, Solution, Bot",2021-04-01,3,0,1,2,3.0,90.0,2.0,-1.0,1.3333333333333333,0.0,1.6666666666666667,5.0,3.0,0.0,0
10007,52,"Povidone Iodine 10%, Solution, Bot",2021-05-01,2,10,4,8,0.5,15.0,1.0,3.0,1.3333333333333333,0.0,0.0,3.0,2.0,0.0,0
10007,52,"Povidone Iodine 10%, Solution, Bot",2021-06-01,8,0,1,7,8.0,240.0,4.0,-3.0,2.333333333333333,10.0,3.333333333333333,2.0,8.0,0.0,0
10007,52,"Povidone Iodine 10%, Solution, Bot",2021-07-01,7,0,1,6,7.0,210.0,1.0,0.0,2.0,0.0,3.333333333333333,8.0,7.0,0.0,0
10007,52,"Povidone Iodine 10%, Solution, Bot",2021-08-01,6,0,4,2,1.5,45.0,1.0,3.0,2.0,0.0,3.333333333333333,7.0,6.0,0.0,0
10007,52,"Povidone Iodine 10%, Solution, Bot",2021-10-01,2,9,2,9,1.0,30.0,4.0,-2.0,2.0,0.0,0.0,6.0,2.0,0.0,0
10007,52,"Povidone Iodine 10%, Solution, Bot",2021-11-01,9,0,3,6,3.0,90.0,2.0,1.0,2.333333333333333,9.0,3.0,2.0,9.0,0.0,0
10007,52,"Povidone Iodine 10%, Solution, Bot",2022-01-01,6,0,1,5,6.0,180.0,3.0,-2.0,3.0,0.0,3.0,9.0,6.0,0.0,0
10007,52,"Povidone Iodine 10%, Solution, Bot",2022-02-01,5,0,1,4,5.0,150.0,1.0,0.0,2.0,0.0,3.0,6.0,5.0,0.0,0
10007,52,"Povidone Iodine 10%, Solution, Bot",2022-03-01,4,0,2,2,2.0,60.0,1.0,1.0,1.6666666666666667,0.0,0.0,5.0,4.0,0.0,0
10007,52,"Povidone Iodine 10%, Solution, Bot",2022-04-01,2,3,3,2,0.6666666666666666,20.0,2.0,1.0,1.3333333333333333,0.0,0.0,4.0,2.0,0.0,0
10007,52,"Povidone Iodine 10%, Solution, Bot",2022-05-01,2,0,1,1,2.0,60.0,3.0,-2.0,2.0,3.0,1.0,2.0,2.0,0.0,0
10007,52,"Povidone Iodine 10%, Solution, Bot",2022-06-01,1,8,3,6,0.3333333333333333,10.0,1.0,2.0,2.0,0.0,1.0,2.0,1.0,0.0,0
10007,52,"Povidone Iodine 10%, Solution, Bot",2022-07-01,6,0,0,6,,,3.0,-3.0,2.333333333333333,8.0,3.6666666666666665,1.0,6.0,0.0,0
10007,52,"Povidone Iodine 10%, Solution, Bot",2022-08-01,6,0,2,4,3.0,90.0,0.0,2.0,1.3333333333333333,0.0,2.6666666666666665,6.0,6.0,0.0,0
10007,52,"Povidone Iodine 10%, Solution, Bot",2022-09-01,4,0,3,1,1.3333333333333333,40.0,2.0,1.0,1.6666666666666667,0.0,2.6666666666666665,6.0,4.0,0.0,0
10007,52,"Povidone Iodine 10%, Solution, Bot",2022-10-01,1,4,2,3,0.5,15.0,3.0,-1.0,1.6666666666666667,0.0,0.0,4.0,1.0,0.0,0
10007,52,"Povidone Iodine 10%, Solution, Bot",2022-11-01,3,0,2,1,1.5,45.0,2.0,0.0,2.333333333333333,4.0,1.3333333333333333,1.0,3.0,0.0,0
10007,52,"Povidone Iodine 10%, Solution, Bot",2022-12-01,1,6,2,5,0.5,15.0,2.0,0.0,2.333333333333333,0.0,1.3333333333333333,3.0,1.0,0.0,0
10007,52,"Povidone Iodine 10%, Solution, Bot",2023-01-01,5,0,2,3,2.5,75.0,2.0,0.0,2.0,6.0,3.333333333333333,1.0,5.0,0.0,1
10007,52,"Povidone Iodine 10%, Solution, Bot",2023-02-01,3,0,3,0,1.0,30.0,2.0,1.0,2.0,0.0,2.0,5.0,3.0,0.0,0
10007,52,"Povidone Iodine 10%, Solution, Bot",2023-03-01,0,6,1,5,0.0,0.0,3.0,-2.0,2.333333333333333,0.0,2.0,3.0,0.0,1.0,0
10007,52,"Povidone Iodine 10%, Solution, Bot",2023-04-01,5,0,0,5,,,1.0,-1.0,2.0,6.0,2.0,0.0,5.0,0.0,0
10007,52,"Povidone Iodine 10%, Solution, Bot",2023-06-01,5,0,2,3,2.5,75.0,0.0,2.0,1.3333333333333333,0.0,2.0,5.0,5.0,0.0,0
10007,52,"Povidone Iodine 10%, Solution, Bot",2023-07-01,3,0,0,3,,,2.0,-2.0,1.0,0.0,2.0,5.0,3.0,0.0,0
10008,19,"Ferrous Sulphate 200mg, Tab",2019-10-01,1262,2461,1169,2554,1.0795551753635586,32.38665526090676,,,,,,,,,0
10008,19,"Ferrous Sulphate 200mg, Tab",2019-11-01,2554,0,1893,661,1.3491811938721603,40.47543581616482,1169.0,724.0,1169.0,2461.0,2461.0,1262.0,2554.0,0.0,0
10008,19,"Ferrous Sulphate 200mg, Tab",2019-12-01,661,2938,1228,2371,0.5382736156351792,16.148208469055376,1893.0,-665.0,1531.0,0.0,1230.5,2554.0,661.0,0.0,0
10008,19,"Ferrous Sulphate 200mg, Tab",2020-01-01,2371,0,1761,610,1.3463940942646224,40.39182282793868,1228.0,533.0,1430.0,2938.0,1799.6666666666667,661.0,2371.0,0.0,1
10008,19,"Ferrous Sulphate 200mg, Tab",2020-02-01,610,0,610,0,1.0,30.0,1761.0,-1151.0,1627.3333333333333,0.0,979.3333333333334,2371.0,610.0,0.0,0
10008,19,"Ferrous Sulphate 200mg, Tab",2020-03-01,0,5119,1183,3936,0.0,0.0,610.0,573.0,1199.6666666666667,0.0,979.3333333333334,610.0,0.0,1.0,0
10008,19,"Ferrous Sulphate 200mg, Tab",2020-04-01,3936,0,1590,2346,2.4754716981132074,74.26415094339622,1183.0,407.0,1184.6666666666667,5119.0,1706.3333333333333,0.0,3936.0,0.0,0
10008,19,"Ferrous Sulphate 200mg, Tab",2020-05-01,2346,0,1762,584,1.3314415437003406,39.94324631101022,1590.0,172.0,1127.6666666666667,0.0,1706.3333333333333,3936.0,2346.0,0.0,0
10008,19,"Ferrous Sulphate 200mg, Tab",2020-06-01,584,5424,1200,4808,0.4866666666666667,14.6,1762.0,-562.0,1511.6666666666667,0.0,1706.3333333333333,2346.0,584.0,0.0,0
10008,19,"Ferrous Sulphate 200mg, Tab",2020-07-01,4808,0,2052,2756,2.3430799220272904,70.29239766081871,1200.0,852.0,1517.3333333333333,5424.0,1808.0,584.0,4808.0,0.0,0
10008,19,"Ferrous Sulphate 200mg, Tab",2020-08-01,2756,0,1776,980,1.5518018018018018,46.554054054054056,2052.0,-276.0,1671.3333333333333,0.0,1808.0,4808.0,2756.0,0.0,0
10008,19,"Ferrous Sulphate 200mg, Tab",2020-09-01,980,5038,1217,4801,0.8052588331963846,24.157764995891537,1776.0,-559.0,1676.0,0.0,1808.0,2756.0,980.0,0.0,0
10008,19,"Ferrous Sulphate 200mg, Tab",2020-11-01,4801,0,1396,3405,3.439111747851003,103.17335243553008,1217.0,179.0,1681.6666666666667,5038.0,1679.3333333333333,980.0,4801.0,0.0,0
10008,19,"Ferrous Sulphate 200mg, Tab",2020-12-01,3405,0,834,2571,4.08273381294964,122.4820143884892,1396.0,-562.0,1463.0,0.0,1679.3333333333333,4801.0,3405.0,0.0,0
10008,19,"Ferrous Sulphate 200mg, Tab",2021-02-01,2571,0,1425,1146,1.8042105263157893,54.126315789473686,834.0,591.0,1149.0,0.0,1679.3333333333333,3405.0,2571.0,0.0,0
10008,19,"Ferrous Sulphate 200mg, Tab",2021-04-01,1146,2434,1347,2233,0.8507795100222717,25.523385300668156,1425.0,-78.0,1218.3333333333333,0.0,0.0,2571.0,1146.0,0.0,0
10008,19,"Ferrous Sulphate 200mg, Tab",2021-05-01,2233,0,620,1613,3.6016129032258064,108.0483870967742,1347.0,-727.0,1202.0,2434.0,811.3333333333334,1146.0,2233.0,0.0,0
10008,19,"Ferrous Sulphate 200mg, Tab",2021-06-01,1613,0,494,1119,3.2651821862348176,97.95546558704451,620.0,-126.0,1130.6666666666667,0.0,811.3333333333334,2233.0,1613.0,0.0,0
10008,19,"Ferrous Sulphate 200mg, Tab",2021-07-01,1119,2347,1047,2419,1.0687679083094557,32.06303724928367,494.0,553.0,820.3333333333334,0.0,811.3333333333334,1613.0,1119.0,0.0,0
10008,19,"Ferrous Sulphate 200mg, Tab",2021-08-01,2419,0,2288,131,1.0572552447552448,31.717657342657343,1047.0,1241.0,720.3333333333334,2347.0,782.3333333333334,1119.0,2419.0,0.0,0
10008,19,"Ferrous Sulphate 200mg, Tab",2021-09-01,131,2635,1429,1337,0.0916724982505248,2.7501749475157453,2288.0,-859.0,1276.3333333333333,0.0,782.3333333333334,2419.0,131.0,0.0,0
10008,19,"Ferrous Sulphate 200mg, Tab",2021-10-01,1337,0,1246,91,1.0730337078651686,32.19101123595506,1429.0,-183.0,1588.0,2635.0,1660.6666666666667,131.0,1337.0,0.0,1
10008,19,"Ferrous Sulphate 200mg, Tab",2021-11-01,91,0,91,0,1.0,30.0,1246.0,-1155.0,1654.3333333333333,0.0,878.3333333333334,1337.0,91.0,0.0,0
10008,19,"Ferrous Sulphate 200mg, Tab",2021-12-01,0,2319,1779,540,0.0,0.0,91.0,1688.0,922.0,0.0,878.3333333333334,91.0,0.0,1.0,1
10008,19,"Ferrous Sulphate 200mg, Tab",2022-02-01,540,0,540,0,1.0,30.0,1779.0,-1239.0,1038.6666666666667,2319.0,773.0,0.0,540.0,0.0,0
10008,19,"Ferrous Sulphate 200mg, Tab",2022-03-01,0,4055,1191,2864,0.0,0.0,540.0,651.0,803.3333333333334,0.0,773.0,540.0,0.0,1.0,0
10008,19,"Ferrous Sulphate 200mg, Tab",2022-04-01,2864,0,1654,1210,1.7315598548972189,51.94679564691656,1191.0,463.0,1170.0,4055.0,2124.6666666666665,0.0,2864.0,0.0,0
10008,19,"Ferrous Sulphate 200mg, Tab",2022-05-01,1210,5242,824,5628,1.4684466019417477,44.05339805825243,1654.0,-830.0,1128.3333333333333,0.0,1351.6666666666667,2864.0,1210.0,0.0,0
10008,19,"Ferrous Sulphate 200mg, Tab",2022-06-01,5628,0,223,5405,25.23766816143498,757.1300448430494,824.0,-601.0,1223.0,5242.0,3099.0,1210.0,5628.0,0.0,0
10008,19,"Ferrous Sulphate 200mg, Tab",2022-07-01,5405,0,1943,3462,2.781780751415337,83.4534225424601,223.0,1720.0,900.3333333333334,0.0,1747.3333333333333,5628.0,5405.0,0.0,0
10008,19,"Ferrous Sulphate 200mg, Tab",2022-08-01,3462,0,1737,1725,1.993091537132988,59.79274611398964,1943.0,-206.0,996.6666666666666,0.0,1747.3333333333333,5405.0,3462.0,0.0,0
10008,19,"Ferrous Sulphate 200mg, Tab",2022-09-01,1725,0,1297,428,1.3299922898997687,39.89976869699306,1737.0,-440.0,1301.0,0.0,0.0,3462.0,1725.0,0.0,1
10008,19,"Ferrous Sulphate 200mg, Tab",2022-10-01,428,0,428,0,1.0,30.0,1297.0,-869.0,1659.0,0.0,0.0,1725.0,428.0,0.0,0
10008,19,"Ferrous Sulphate 200mg, Tab",2022-11-01,0,5575,1268,4307,0.0,0.0,428.0,840.0,1154.0,0.0,0.0,428.0,0.0,1.0,0
10008,19,"Ferrous Sulphate 200mg, Tab",2022-12-01,4307,0,2093,2214,2.0578117534639278,61.73435260391782,1268.0,825.0,997.6666666666666,5575.0,1858.3333333333333,0.0,4307.0,0.0,0
10008,19,"Ferrous Sulphate 200mg, Tab",2023-01-01,2214,0,1272,942,1.740566037735849,52.21698113207547,2093.0,-821.0,1263.0,0.0,1858.3333333333333,4307.0,2214.0,0.0,0
10008,19,"Ferrous Sulphate 200mg, Tab",2023-02-01,942,0,836,106,1.1267942583732058,33.803827751196174,1272.0,-436.0,1544.3333333333333,0.0,1858.3333333333333,2214.0,942.0,0.0,0
10008,19,"Ferrous Sulphate 200mg, Tab",2023-03-01,106,2136,592,1650,0.179054054054054,5.371621621621622,836.0,-244.0,1400.3333333333333,0.0,0.0,942.0,106.0,0.0,1
10008,19,"Ferrous Sulphate 200mg, Tab",2023-04-01,1650,0,1650,0,1.0,30.0,592.0,1058.0,900.0,2136.0,712.0,106.0,1650.0,0.0,0
10008,19,"Ferrous Sulphate 200mg, Tab",2023-05-01,0,5828,1169,4659,0.0,0.0,1650.0,-481.0,1026.0,0.0,712.0,1650.0,0.0,1.0,0
10008,19,"Ferrous Sulphate 200mg, Tab",2023-06-01,4659,0,1394,3265,3.342180774748924,100.26542324246772,1169.0,225.0,1137.0,5828.0,2654.6666666666665,0.0,4659.0,0.0,0
10008,19,"Ferrous Sulphate 200mg, Tab",2023-07-01,3265,0,1370,1895,2.383211678832117,71.4963503649635,1394.0,-24.0,1404.3333333333333,0.0,1942.6666666666667,4659.0,3265.0,0.0,0
10008,19,"Ferrous Sulphate 200mg, Tab",2023-08-01,1895,0,1067,828,1.7760074976569822,53.28022492970946,1370.0,-303.0,1311.0,0.0,1942.6666666666667,3265.0,1895.0,0.0,0
10008,19,"Ferrous Sulphate 200mg, Tab",2023-09-01,828,3337,898,3267,0.9220489977728286,27.661469933184858,1067.0,-169.0,1277.0,0.0,0.0,1895.0,828.0,0.0,0
10008,20,"Water for Injection 10ml, Inj, Amp",2019-10-01,38,163,64,137,0.59375,17.8125,,,,,,,,,0
10008,20,"Water for Injection 10ml, Inj, Amp",2019-11-01,137,0,92,45,1.4891304347826086,44.67391304347826,64.0,28.0,64.0,163.0,163.0,38.0,137.0,0.0,0
10008,20,"Water for Injection 10ml, Inj, Amp",2019-12-01,45,0,41,4,1.0975609756097562,32.926829268292686,92.0,-51.0,78.0,0.0,81.5,137.0,45.0,0.0,1
10008,20,"Water for Injection 10ml, Inj, Amp",2020-01-01,4,0,4,0,1.0,30.0,41.0,-37.0,65.66666666666667,0.0,54.333333333333336,45.0,4.0,0.0,1
10008,20,"Water for Injection 10ml, Inj, Amp",2020-02-01,0,0,0,0,,,4.0,-4.0,45.66666666666666,0.0,0.0,4.0,0.0,1.0,0
10008,20,"Water for Injection 10ml, Inj, Amp",2020-03-01,0,204,78,126,0.0,0.0,0.0,78.0,15.0,0.0,0.0,0.0,0.0,1.0,0
10008,20,"Water for Injection 10ml, Inj, Amp",2020-08-01,126,0,63,63,2.0,60.0,78.0,-15.0,27.33333333333333,204.0,68.0,0.0,126.0,0.0,0
10008,20,"Water for Injection 10ml, Inj, Amp",2021-01-01,63,0,59,4,1.0677966101694916,32.03389830508475,63.0,-4.0,47.0,0.0,68.0,126.0,63.0,0.0,0
10008,20,"Water for Injection 10ml, Inj, Amp",2021-02-01,4,226,91,139,0.0439560439560439,1.3186813186813189,59.0,32.0,66.66666666666667,0.0,68.0,63.0,4.0,0.0,0
10008,20,"Water for Injection 10ml, Inj, Amp",2021-03-01,139,0,67,72,2.074626865671642,62.23880597014925,91.0,-24.0,71.0,226.0,75.33333333333333,4.0,139.0,0.0,0
10008,20,"Water for Injection 10ml, Inj, Amp",2021-04-01,72,98,96,74,0.75,22.5,67.0,29.0,72.33333333333333,0.0,75.33333333333333,139.0,72.0,0.0,0
10008,20,"Water for Injection 10ml, Inj, Amp",2021-06-01,74,209,74,209,1.0,30.0,96.0,-22.0,84.66666666666667,98.0,108.0,72.0,74.0,0.0,0
10008,20,"Water for Injection 10ml, Inj, Amp",2021-08-01,209,0,41,168,5.097560975609756,152.9268292682927,74.0,-33.0,79.0,209.0,102.33333333333331,74.0,209.0,0.0,0
10008,20,"Water for Injection 10ml, Inj, Amp",2021-10-01,168,0,39,129,4.307692307692308,129.23076923076923,41.0,-2.0,70.33333333333333,0.0,102.33333333333331,209.0,168.0,0.0,0
10008,20,"Water for Injection 10ml, Inj, Amp",2021-12-01,129,0,72,57,1.7916666666666667,53.75,39.0,33.0,51.333333333333336,0.0,69.66666666666667,168.0,129.0,0.0,0
10008,20,"Water for Injection 10ml, Inj, Amp",2022-01-01,57,103,55,105,1.0363636363636364,31.09090909090909,72.0,-17.0,50.66666666666666,0.0,0.0,129.0,57.0,0.0,1
10008,20,"Water for Injection 10ml, Inj, Amp",2022-02-01,105,0,105,0,1.0,30.0,55.0,50.0,55.333333333333336,103.0,34.333333333333336,57.0,105.0,0.0,0
10008,20,"Water for Injection 10ml, Inj, Amp",2022-03-01,0,135,72,63,0.0,0.0,105.0,-33.0,77.33333333333333,0.0,34.333333333333336,105.0,0.0,1.0,0
10008,20,"Water for Injection 10ml, Inj, Amp",2022-04-01,63,210,52,221,1.2115384615384617,36.34615384615385,72.0,-20.0,77.33333333333333,135.0,79.33333333333333,0.0,63.0,0.0,0
10008,20,"Water for Injection 10ml, Inj, Amp",2022-06-01,221,0,45,176,4.911111111111111,147.33333333333334,52.0,-7.0,76.33333333333333,210.0,115.0,63.0,221.0,0.0,0
10008,20,"Water for Injection 10ml, Inj, Amp",2022-08-01,176,0,53,123,3.320754716981132,99.62264150943396,45.0,8.0,56.333333333333336,0.0,115.0,221.0,176.0,0.0,0
10008,20,"Water for Injection 10ml, Inj, Amp",2022-09-01,123,0,62,61,1.9838709677419355,59.516129032258064,53.0,9.0,50.0,0.0,70.0,176.0,123.0,0.0,0
10008,20,"Water for Injection 10ml, Inj, Amp",2022-10-01,61,301,49,313,1.2448979591836735,37.3469387755102,62.0,-13.0,53.333333333333336,0.0,0.0,123.0,61.0,0.0,0
10008,20,"Water for Injection 10ml, Inj, Amp",2022-11-01,313,0,110,203,2.845454545454545,85.36363636363636,49.0,61.0,54.66666666666666,301.0,100.33333333333331,61.0,313.0,0.0,0
10008,20,"Water for Injection 10ml, Inj, Amp",2023-01-01,203,0,59,144,3.440677966101695,103.22033898305084,110.0,-51.0,73.66666666666667,0.0,100.33333333333331,313.0,203.0,0.0,0
10008,20,"Water for Injection 10ml, Inj, Amp",2023-02-01,144,0,64,80,2.25,67.5,59.0,5.0,72.66666666666667,0.0,100.33333333333331,203.0,144.0,0.0,0
10008,20,"Water for Injection 10ml, Inj, Amp",2023-04-01,80,0,79,1,1.0126582278481011,30.37974683544304,64.0,15.0,77.66666666666667,0.0,0.0,144.0,80.0,0.0,0
10008,20,"Water for Injection 10ml, Inj, Amp",2023-05-01,1,192,83,110,0.0120481927710843,0.3614457831325301,79.0,4.0,67.33333333333333,0.0,0.0,80.0,1.0,0.0,0
10008,20,"Water for Injection 10ml, Inj, Amp",2023-06-01,110,0,42,68,2.619047619047619,78.57142857142857,83.0,-41.0,75.33333333333333,192.0,64.0,1.0,110.0,0.0,0
10008,20,"Water for Injection 10ml, Inj, Amp",2023-07-01,68,0,46,22,1.4782608695652173,44.34782608695652,42.0,4.0,68.0,0.0,64.0,110.0,68.0,0.0,0
10008,20,"Water for Injection 10ml, Inj, Amp",2023-08-01,22,240,27,235,0.8148148148148148,24.444444444444443,46.0,-19.0,57.0,0.0,64.0,68.0,22.0,0.0,0
10008,20,"Water for Injection 10ml, Inj, Amp",2023-09-01,235,0,74,161,3.175675675675676,95.27027027027027,27.0,47.0,38.333333333333336,240.0,80.0,22.0,235.0,0.0,0
10008,20,"Water for Injection 10ml, Inj, Amp",2023-10-01,161,0,45,116,3.577777777777778,107.33333333333334,74.0,-29.0,49.0,0.0,80.0,235.0,161.0,0.0,0
10008,21,"Neomycin & Bacitracin 0.5% & 500IU/g, Ointment, 15g, Tube",2019-10-01,3,0,2,1,1.5,45.0,,,,,,,,,0
10008,21,"Neomycin & Bacitracin 0.5% & 500IU/g, Ointment, 15g, Tube",2019-11-01,1,0,0,1,,,2.0,-2.0,2.0,0.0,0.0,3.0,1.0,0.0,0
10008,21,"Neomycin & Bacitracin 0.5% & 500IU/g, Ointment, 15g, Tube",2019-12-01,1,18,1,18,1.0,30.0,0.0,1.0,1.0,0.0,0.0,1.0,1.0,0.0,0
10008,21,"Neomycin & Bacitracin 0.5% & 500IU/g, Ointment, 15g, Tube",2020-02-01,18,0,8,10,2.25,67.5,1.0,7.0,1.0,18.0,6.0,1.0,18.0,0.0,0
10008,21,"Neomycin & Bacitracin 0.5% & 500IU/g, Ointment, 15g, Tube",2020-04-01,10,0,3,7,3.333333333333333,100.0,8.0,-5.0,3.0,0.0,6.0,18.0,10.0,0.0,1
10008,21,"Neomycin & Bacitracin 0.5% & 500IU/g, Ointment, 15g, Tube",2020-05-01,7,0,7,0,1.0,30.0,3.0,4.0,4.0,0.0,6.0,10.0,7.0,0.0,0
10008,21,"Neomycin & Bacitracin 0.5% & 500IU/g, Ointment, 15g, Tube",2020-06-01,0,13,2,11,0.0,0.0,7.0,-5.0,6.0,0.0,0.0,7.0,0.0,1.0,0
10008,21,"Neomycin & Bacitracin 0.5% & 500IU/g, Ointment, 15g, Tube",2020-07-01,11,0,3,8,3.6666666666666665,110.0,2.0,1.0,4.0,13.0,4.333333333333333,0.0,11.0,0.0,0
10008,21,"Neomycin & Bacitracin 0.5% & 500IU/g, Ointment, 15g, Tube",2020-08-01,8,0,6,2,1.3333333333333333,40.0,3.0,3.0,4.0,0.0,4.333333333333333,11.0,8.0,0.0,1
10008,21,"Neomycin & Bacitracin 0.5% & 500IU/g, Ointment, 15g, Tube",2020-09-01,2,0,2,0,1.0,30.0,6.0,-4.0,3.6666666666666665,0.0,4.333333333333333,8.0,2.0,0.0,1
10008,21,"Neomycin & Bacitracin 0.5% & 500IU/g, Ointment, 15g, Tube",2020-11-01,0,0,0,0,,,2.0,-2.0,3.6666666666666665,0.0,0.0,2.0,0.0,1.0,0
10008,21,"Neomycin & Bacitracin 0.5% & 500IU/g, Ointment, 15g, Tube",2021-01-01,0,7,3,4,0.0,0.0,0.0,3.0,2.6666666666666665,0.0,0.0,0.0,0.0,1.0,0
10008,21,"Neomycin & Bacitracin 0.5% & 500IU/g, Ointment, 15g, Tube",2021-04-01,4,0,1,3,4.0,120.0,3.0,-2.0,1.6666666666666667,7.0,2.333333333333333,0.0,4.0,0.0,1
10008,21,"Neomycin & Bacitracin 0.5% & 500IU/g, Ointment, 15g, Tube",2021-06-01,3,0,3,0,1.0,30.0,1.0,2.0,1.3333333333333333,0.0,2.333333333333333,4.0,3.0,0.0,0
10008,21,"Neomycin & Bacitracin 0.5% & 500IU/g, Ointment, 15g, Tube",2021-09-01,0,9,5,4,0.0,0.0,3.0,2.0,2.333333333333333,0.0,2.333333333333333,3.0,0.0,1.0,0
10008,21,"Neomycin & Bacitracin 0.5% & 500IU/g, Ointment, 15g, Tube",2021-12-01,4,0,3,1,1.3333333333333333,40.0,5.0,-2.0,3.0,9.0,3.0,0.0,4.0,0.0,1
10008,21,"Neomycin & Bacitracin 0.5% & 500IU/g, Ointment, 15g, Tube",2022-01-01,1,0,1,0,1.0,30.0,3.0,-2.0,3.6666666666666665,0.0,3.0,4.0,1.0,0.0,1
10008,21,"Neomycin & Bacitracin 0.5% & 500IU/g, Ointment, 15g, Tube",2022-02-01,0,0,0,0,,,1.0,-1.0,3.0,0.0,3.0,1.0,0.0,1.0,0
10008,21,"Neomycin & Bacitracin 0.5% & 500IU/g, Ointment, 15g, Tube",2022-03-01,0,18,5,13,0.0,0.0,0.0,5.0,1.3333333333333333,0.0,0.0,0.0,0.0,1.0,0
10008,21,"Neomycin & Bacitracin 0.5% & 500IU/g, Ointment, 15g, Tube",2022-05-01,13,0,2,11,6.5,195.0,5.0,-3.0,2.0,18.0,6.0,0.0,13.0,0.0,0
10008,21,"Neomycin & Bacitracin 0.5% & 500IU/g, Ointment, 15g, Tube",2022-07-01,11,0,6,5,1.8333333333333333,55.0,2.0,4.0,2.333333333333333,0.0,6.0,13.0,11.0,0.0,0
10008,21,"Neomycin & Bacitracin 0.5% & 500IU/g, Ointment, 15g, Tube",2022-08-01,5,13,3,15,1.6666666666666667,50.0,6.0,-3.0,4.333333333333333,0.0,6.0,11.0,5.0,0.0,0
10008,21,"Neomycin & Bacitracin 0.5% & 500IU/g, Ointment, 15g, Tube",2022-09-01,15,0,4,11,3.75,112.5,3.0,1.0,3.6666666666666665,13.0,4.333333333333333,5.0,15.0,0.0,0
10008,21,"Neomycin & Bacitracin 0.5% & 500IU/g, Ointment, 15g, Tube",2022-10-01,11,0,3,8,3.6666666666666665,110.0,4.0,-1.0,4.333333333333333,0.0,4.333333333333333,15.0,11.0,0.0,0
10008,21,"Neomycin & Bacitracin 0.5% & 500IU/g, Ointment, 15g, Tube",2022-11-01,8,0,1,7,8.0,240.0,3.0,-2.0,3.333333333333333,0.0,4.333333333333333,11.0,8.0,0.0,0
10008,21,"Neomycin & Bacitracin 0.5% & 500IU/g, Ointment, 15g, Tube",2023-01-01,7,0,1,6,7.0,210.0,1.0,0.0,2.6666666666666665,0.0,0.0,8.0,7.0,0.0,0
10008,21,"Neomycin & Bacitracin 0.5% & 500IU/g, Ointment, 15g, Tube",2023-02-01,6,0,5,1,1.2,36.0,1.0,4.0,1.6666666666666667,0.0,0.0,7.0,6.0,0.0,0
10008,21,"Neomycin & Bacitracin 0.5% & 500IU/g, Ointment, 15g, Tube",2023-03-01,1,19,4,16,0.25,7.5,5.0,-1.0,2.333333333333333,0.0,0.0,6.0,1.0,0.0,0
10008,21,"Neomycin & Bacitracin 0.5% & 500IU/g, Ointment, 15g, Tube",2023-08-01,16,0,2,14,8.0,240.0,4.0,-2.0,3.333333333333333,19.0,6.333333333333333,1.0,16.0,0.0,0
10008,21,"Neomycin & Bacitracin 0.5% & 500IU/g, Ointment, 15g, Tube",2023-09-01,14,0,3,11,4.666666666666667,140.0,2.0,1.0,3.6666666666666665,0.0,6.333333333333333,16.0,14.0,0.0,0
10008,22,"Salbutamol 100mcg/dose, Aerosol, Inhaler",2019-10-01,4,0,4,0,1.0,30.0,,,,,,,,,1
10008,22,"Salbutamol 100mcg/dose, Aerosol, Inhaler",2019-11-01,0,0,0,0,,,4.0,-4.0,4.0,0.0,0.0,4.0,0.0,1.0,0
10008,22,"Salbutamol 100mcg/dose, Aerosol, Inhaler",2019-12-01,0,21,2,19,0.0,0.0,0.0,2.0,2.0,0.0,0.0,0.0,0.0,1.0,0
10008,22,"Salbutamol 100mcg/dose, Aerosol, Inhaler",2020-01-01,19,0,3,16,6.333333333333333,190.0,2.0,1.0,2.0,21.0,7.0,0.0,19.0,0.0,0
10008,22,"Salbutamol 100mcg/dose, Aerosol, Inhaler",2020-02-01,16,0,3,13,5.333333333333333,160.0,3.0,0.0,1.6666666666666667,0.0,7.0,19.0,16.0,0.0,0
10008,22,"Salbutamol 100mcg/dose, Aerosol, Inhaler",2020-03-01,13,0,0,13,,,3.0,-3.0,2.6666666666666665,0.0,7.0,16.0,13.0,0.0,0
10008,22,"Salbutamol 100mcg/dose, Aerosol, Inhaler",2020-05-01,13,0,1,12,13.0,390.0,0.0,1.0,2.0,0.0,0.0,13.0,13.0,0.0,0
10008,22,"Salbutamol 100mcg/dose, Aerosol, Inhaler",2020-06-01,12,0,3,9,4.0,120.0,1.0,2.0,1.3333333333333333,0.0,0.0,13.0,12.0,0.0,0
10008,22,"Salbutamol 100mcg/dose, Aerosol, Inhaler",2020-07-01,9,0,0,9,,,3.0,-3.0,1.3333333333333333,0.0,0.0,12.0,9.0,0.0,0
10008,22,"Salbutamol 100mcg/dose, Aerosol, Inhaler",2020-08-01,9,0,1,8,9.0,270.0,0.0,1.0,1.3333333333333333,0.0,0.0,9.0,9.0,0.0,0
10008,22,"Salbutamol 100mcg/dose, Aerosol, Inhaler",2020-09-01,8,0,2,6,4.0,120.0,1.0,1.0,1.3333333333333333,0.0,0.0,9.0,8.0,0.0,0
10008,22,"Salbutamol 100mcg/dose, Aerosol, Inhaler",2020-11-01,6,0,5,1,1.2,36.0,2.0,3.0,1.0,0.0,0.0,8.0,6.0,0.0,0
10008,22,"Salbutamol 100mcg/dose, Aerosol, Inhaler",2020-12-01,1,19,4,16,0.25,7.5,5.0,-1.0,2.6666666666666665,0.0,0.0,6.0,1.0,0.0,0
10008,22,"Salbutamol 100mcg/dose, Aerosol, Inhaler",2021-01-01,16,0,3,13,5.333333333333333,160.0,4.0,-1.0,3.6666666666666665,19.0,6.333333333333333,1.0,16.0,0.0,0
10008,22,"Salbutamol 100mcg/dose, Aerosol, Inhaler",2021-02-01,13,0,3,10,4.333333333333333,130.0,3.0,0.0,4.0,0.0,6.333333333333333,16.0,13.0,0.0,0
10008,22,"Salbutamol 100mcg/dose, Aerosol, Inhaler",2021-03-01,10,0,4,6,2.5,75.0,3.0,1.0,3.333333333333333,0.0,6.333333333333333,13.0,10.0,0.0,0
10008,22,"Salbutamol 100mcg/dose, Aerosol, Inhaler",2021-04-01,6,0,3,3,2.0,60.0,4.0,-1.0,3.333333333333333,0.0,0.0,10.0,6.0,0.0,0
10008,22,"Salbutamol 100mcg/dose, Aerosol, Inhaler",2021-05-01,3,9,0,12,,,3.0,-3.0,3.333333333333333,0.0,0.0,6.0,3.0,0.0,0
10008,22,"Salbutamol 100mcg/dose, Aerosol, Inhaler",2021-06-01,12,0,3,9,4.0,120.0,0.0,3.0,2.333333333333333,9.0,3.0,3.0,12.0,0.0,0
10008,22,"Salbutamol 100mcg/dose, Aerosol, Inhaler",2021-07-01,9,0,6,3,1.5,45.0,3.0,3.0,2.0,0.0,3.0,12.0,9.0,0.0,0
10008,22,"Salbutamol 100mcg/dose, Aerosol, Inhaler",2021-08-01,3,18,3,18,1.0,30.0,6.0,-3.0,3.0,0.0,3.0,9.0,3.0,0.0,0
10008,22,"Salbutamol 100mcg/dose, Aerosol, Inhaler",2021-09-01,18,0,5,13,3.6,108.0,3.0,2.0,4.0,18.0,6.0,3.0,18.0,0.0,0
10008,22,"Salbutamol 100mcg/dose, Aerosol, Inhaler",2021-10-01,13,0,7,6,1.8571428571428568,55.71428571428572,5.0,2.0,4.666666666666667,0.0,6.0,18.0,13.0,0.0,0
10008,22,"Salbutamol 100mcg/dose, Aerosol, Inhaler",2021-11-01,6,0,3,3,2.0,60.0,7.0,-4.0,5.0,0.0,6.0,13.0,6.0,0.0,0
10008,22,"Salbutamol 100mcg/dose, Aerosol, Inhaler",2021-12-01,3,8,2,9,1.5,45.0,3.0,-1.0,5.0,0.0,0.0,6.0,3.0,0.0,0
10008,22,"Salbutamol 100mcg/dose, Aerosol, Inhaler",2022-01-01,9,0,5,4,1.8,54.0,2.0,3.0,4.0,8.0,2.6666666666666665,3.0,9.0,0.0,0
10008,22,"Salbutamol 100mcg/dose, Aerosol, Inhaler",2022-02-01,4,0,0,4,,,5.0,-5.0,3.333333333333333,0.0,2.6666666666666665,9.0,4.0,0.0,0
10008,22,"Salbutamol 100mcg/dose, Aerosol, Inhaler",2022-03-01,4,0,0,4,,,0.0,0.0,2.333333333333333,0.0,2.6666666666666665,4.0,4.0,0.0,0
10008,22,"Salbutamol 100mcg/dose, Aerosol, Inhaler",2022-04-01,4,8,7,5,0.5714285714285714,17.142857142857142,0.0,7.0,1.6666666666666667,0.0,0.0,4.0,4.0,0.0,0
10008,22,"Salbutamol 100mcg/dose, Aerosol, Inhaler",2022-05-01,5,0,1,4,5.0,150.0,7.0,-6.0,2.333333333333333,8.0,2.6666666666666665,4.0,5.0,0.0,1
10008,22,"Salbutamol 100mcg/dose, Aerosol, Inhaler",2022-06-01,4,0,4,0,1.0,30.0,1.0,3.0,2.6666666666666665,0.0,2.6666666666666665,5.0,4.0,0.0,1
10008,22,"Salbutamol 100mcg/dose, Aerosol, Inhaler",2022-07-01,0,0,0,0,,,4.0,-4.0,4.0,0.0,2.6666666666666665,4.0,0.0,1.0,1
10008,22,"Salbutamol 100mcg/dose, Aerosol, Inhaler",2022-08-01,0,0,0,0,,,0.0,0.0,1.6666666666666667,0.0,0.0,0.0,0.0,1.0,0
10008,22,"Salbutamol 100mcg/dose, Aerosol, Inhaler",2022-09-01,0,16,1,15,0.0,0.0,0.0,1.0,1.3333333333333333,0.0,0.0,0.0,0.0,1.0,0
10008,22,"Salbutamol 100mcg/dose, Aerosol, Inhaler",2022-10-01,15,0,2,13,7.5,225.0,1.0,1.0,0.3333333333333333,16.0,5.333333333333333,0.0,15.0,0.0,0
10008,22,"Salbutamol 100mcg/dose, Aerosol, Inhaler",2022-11-01,13,0,1,12,13.0,390.0,2.0,-1.0,1.0,0.0,5.333333333333333,15.0,13.0,0.0,0
10008,22,"Salbutamol 100mcg/dose, Aerosol, Inhaler",2022-12-01,12,0,0,12,,,1.0,-1.0,1.3333333333333333,0.0,5.333333333333333,13.0,12.0,0.0,0
10008,22,"Salbutamol 100mcg/dose, Aerosol, Inhaler",2023-02-01,12,0,9,3,1.3333333333333333,40.0,0.0,9.0,1.0,0.0,0.0,12.0,12.0,0.0,0
10008,22,"Salbutamol 100mcg/dose, Aerosol, Inhaler",2023-03-01,3,9,1,11,3.0,90.0,9.0,-8.0,3.333333333333333,0.0,0.0,12.0,3.0,0.0,0
10008,22,"Salbutamol 100mcg/dose, Aerosol, Inhaler",2023-05-01,11,0,3,8,3.6666666666666665,110.0,1.0,2.0,3.333333333333333,9.0,3.0,3.0,11.0,0.0,0
10008,22,"Salbutamol 100mcg/dose, Aerosol, Inhaler",2023-06-01,8,0,4,4,2.0,60.0,3.0,1.0,4.333333333333333,0.0,3.0,11.0,8.0,0.0,0
10008,22,"Salbutamol 100mcg/dose, Aerosol, Inhaler",2023-07-01,4,18,5,17,0.8,24.0,4.0,1.0,2.6666666666666665,0.0,3.0,8.0,4.0,0.0,0
10008,22,"Salbutamol 100mcg/dose, Aerosol, Inhaler",2023-08-01,17,0,3,14,5.666666666666667,170.0,5.0,-2.0,4.0,18.0,6.0,4.0,17.0,0.0,0
10008,22,"Salbutamol 100mcg/dose, Aerosol, Inhaler",2023-10-01,14,0,6,8,2.333333333333333,70.0,3.0,3.0,4.0,0.0,6.0,17.0,14.0,0.0,0
10008,28,"Benzyl Benzoate 25%, Emulsion, 100ml, Bot",2019-10-01,62,0,59,3,1.0508474576271187,31.52542372881356,,,,,,,,,1
10008,28,"Benzyl Benzoate 25%, Emulsion, 100ml, Bot",2019-11-01,3,0,3,0,1.0,30.0,59.0,-56.0,59.0,0.0,0.0,62.0,3.0,0.0,0
10008,28,"Benzyl Benzoate 25%, Emulsion, 100ml, Bot",2020-01-01,0,141,71,70,0.0,0.0,3.0,68.0,31.0,0.0,0.0,3.0,0.0,1.0,0
10008,28,"Benzyl Benzoate 25%, Emulsion, 100ml, Bot",2020-02-01,70,0,29,41,2.413793103448276,72.41379310344827,71.0,-42.0,44.333333333333336,141.0,47.0,0.0,70.0,0.0,0
10008,28,"Benzyl Benzoate 25%, Emulsion, 100ml, Bot",2020-03-01,41,0,23,18,1.7826086956521738,53.47826086956522,29.0,-6.0,34.333333333333336,0.0,47.0,70.0,41.0,0.0,1
10008,28,"Benzyl Benzoate 25%, Emulsion, 100ml, Bot",2020-06-01,18,0,18,0,1.0,30.0,23.0,-5.0,41.0,0.0,47.0,41.0,18.0,0.0,0
10008,28,"Benzyl Benzoate 25%, Emulsion, 100ml, Bot",2020-07-01,0,186,71,115,0.0,0.0,18.0,53.0,23.33333333333333,0.0,0.0,18.0,0.0,1.0,0
10008,28,"Benzyl Benzoate 25%, Emulsion, 100ml, Bot",2020-08-01,115,0,50,65,2.3,69.0,71.0,-21.0,37.333333333333336,186.0,62.0,0.0,115.0,0.0,0
10008,28,"Benzyl Benzoate 25%, Emulsion, 100ml, Bot",2020-09-01,65,0,54,11,1.2037037037037035,36.11111111111112,50.0,4.0,46.333333333333336,0.0,62.0,115.0,65.0,0.0,0
10008,28,"Benzyl Benzoate 25%, Emulsion, 100ml, Bot",2021-03-01,11,201,46,166,0.2391304347826087,7.173913043478261,54.0,-8.0,58.333333333333336,0.0,62.0,65.0,11.0,0.0,0
10008,28,"Benzyl Benzoate 25%, Emulsion, 100ml, Bot",2021-04-01,166,0,35,131,4.742857142857143,142.28571428571428,46.0,-11.0,50.0,201.0,67.0,11.0,166.0,0.0,0
10008,28,"Benzyl Benzoate 25%, Emulsion, 100ml, Bot",2021-05-01,131,0,32,99,4.09375,122.8125,35.0,-3.0,45.0,0.0,67.0,166.0,131.0,0.0,0
10008,28,"Benzyl Benzoate 25%, Emulsion, 100ml, Bot",2021-07-01,99,0,69,30,1.434782608695652,43.04347826086956,32.0,37.0,37.66666666666666,0.0,67.0,131.0,99.0,0.0,0
10008,28,"Benzyl Benzoate 25%, Emulsion, 100ml, Bot",2021-10-01,30,214,33,211,0.9090909090909092,27.272727272727277,69.0,-36.0,45.333333333333336,0.0,0.0,99.0,30.0,0.0,0
10008,28,"Benzyl Benzoate 25%, Emulsion, 100ml, Bot",2021-11-01,211,0,17,194,12.411764705882351,372.3529411764706,33.0,-16.0,44.66666666666666,214.0,71.33333333333333,30.0,211.0,0.0,0
10008,28,"Benzyl Benzoate 25%, Emulsion, 100ml, Bot",2022-01-01,194,0,63,131,3.0793650793650795,92.38095238095238,17.0,46.0,39.66666666666666,0.0,71.33333333333333,211.0,194.0,0.0,0
10008,28,"Benzyl Benzoate 25%, Emulsion, 100ml, Bot",2022-02-01,131,0,69,62,1.8985507246376807,56.95652173913044,63.0,6.0,37.66666666666666,0.0,71.33333333333333,194.0,131.0,0.0,0
10008,28,"Benzyl Benzoate 25%, Emulsion, 100ml, Bot",2022-06-01,62,211,87,186,0.7126436781609196,21.379310344827587,69.0,18.0,49.66666666666666,0.0,0.0,131.0,62.0,0.0,0
10008,28,"Benzyl Benzoate 25%, Emulsion, 100ml, Bot",2022-07-01,186,0,69,117,2.6956521739130435,80.8695652173913,87.0,-18.0,73.0,211.0,70.33333333333333,62.0,186.0,0.0,0
10008,28,"Benzyl Benzoate 25%, Emulsion, 100ml, Bot",2022-08-01,117,0,9,108,13.0,390.0,69.0,-60.0,75.0,0.0,70.33333333333333,186.0,117.0,0.0,0
10008,28,"Benzyl Benzoate 25%, Emulsion, 100ml, Bot",2022-09-01,108,0,86,22,1.255813953488372,37.674418604651166,9.0,77.0,55.0,0.0,70.33333333333333,117.0,108.0,0.0,0
10008,28,"Benzyl Benzoate 25%, Emulsion, 100ml, Bot",2022-10-01,22,174,9,187,2.4444444444444446,73.33333333333334,86.0,-77.0,54.66666666666666,0.0,0.0,108.0,22.0,0.0,0
10008,28,"Benzyl Benzoate 25%, Emulsion, 100ml, Bot",2023-03-01,187,0,60,127,3.1166666666666667,93.5,9.0,51.0,34.666666666666664,174.0,58.0,22.0,187.0,0.0,0
10008,28,"Benzyl Benzoate 25%, Emulsion, 100ml, Bot",2023-06-01,127,0,99,28,1.2828282828282829,38.48484848484848,60.0,39.0,51.66666666666666,0.0,58.0,187.0,127.0,0.0,0
10008,28,"Benzyl Benzoate 25%, Emulsion, 100ml, Bot",2023-07-01,28,252,64,216,0.4375,13.125,99.0,-35.0,56.0,0.0,58.0,127.0,28.0,0.0,0
10008,28,"Benzyl Benzoate 25%, Emulsion, 100ml, Bot",2023-09-01,216,0,76,140,2.8421052631578947,85.26315789473684,64.0,12.0,74.33333333333333,252.0,84.0,28.0,216.0,0.0,0
10008,32,"Ampicillin 500mg, Pdr for IM/IV, Inj, Vial",2019-10-01,142,0,127,15,1.1181102362204725,33.54330708661417,,,,,,,,,0
10008,32,"Ampicillin 500mg, Pdr for IM/IV, Inj, Vial",2019-11-01,15,264,80,199,0.1875,5.625,127.0,-47.0,127.0,0.0,0.0,142.0,15.0,0.0,0
10008,32,"Ampicillin 500mg, Pdr for IM/IV, Inj, Vial",2020-01-01,199,0,51,148,3.901960784313725,117.05882352941175,80.0,-29.0,103.5,264.0,132.0,15.0,199.0,0.0,0
10008,32,"Ampicillin 500mg, Pdr for IM/IV, Inj, Vial",2020-02-01,148,0,42,106,3.523809523809524,105.71428571428572,51.0,-9.0,86.0,0.0,88.0,199.0,148.0,0.0,0
10008,32,"Ampicillin 500mg, Pdr for IM/IV, Inj, Vial",2020-05-01,106,0,17,89,6.235294117647059,187.05882352941177,42.0,-25.0,57.66666666666666,0.0,88.0,148.0,106.0,0.0,0
10008,32,"Ampicillin 500mg, Pdr for IM/IV, Inj, Vial",2020-06-01,89,290,155,224,0.5741935483870968,17.225806451612904,17.0,138.0,36.66666666666666,0.0,0.0,106.0,89.0,0.0,0
10008,32,"Ampicillin 500mg, Pdr for IM/IV, Inj, Vial",2020-07-01,224,0,126,98,1.7777777777777777,53.33333333333333,155.0,-29.0,71.33333333333333,290.0,96.66666666666669,89.0,224.0,0.0,0
10008,32,"Ampicillin 500mg, Pdr for IM/IV, Inj, Vial",2020-08-01,98,333,63,368,1.5555555555555556,46.66666666666666,126.0,-63.0,99.33333333333331,0.0,96.66666666666669,224.0,98.0,0.0,0
10008,32,"Ampicillin 500mg, Pdr for IM/IV, Inj, Vial",2020-10-01,368,0,124,244,2.967741935483871,89.03225806451613,63.0,61.0,114.66666666666669,333.0,207.66666666666663,98.0,368.0,0.0,0
10008,32,"Ampicillin 500mg, Pdr for IM/IV, Inj, Vial",2020-11-01,244,0,32,212,7.625,228.75,124.0,-92.0,104.33333333333331,0.0,111.0,368.0,244.0,0.0,0
10008,32,"Ampicillin 500mg, Pdr for IM/IV, Inj, Vial",2020-12-01,212,0,47,165,4.51063829787234,135.31914893617022,32.0,15.0,73.0,0.0,111.0,244.0,212.0,0.0,0
10008,32,"Ampicillin 500mg, Pdr for IM/IV, Inj, Vial",2021-02-01,165,0,47,118,3.5106382978723403,105.3191489361702,47.0,0.0,67.66666666666667,0.0,0.0,212.0,165.0,0.0,0
10008,32,"Ampicillin 500mg, Pdr for IM/IV, Inj, Vial",2021-03-01,118,0,69,49,1.710144927536232,51.30434782608696,47.0,22.0,42.0,0.0,0.0,165.0,118.0,0.0,1
10008,32,"Ampicillin 500mg, Pdr for IM/IV, Inj, Vial",2021-05-01,49,0,49,0,1.0,30.0,69.0,-20.0,54.333333333333336,0.0,0.0,118.0,49.0,0.0,0
10008,32,"Ampicillin 500mg, Pdr for IM/IV, Inj, Vial",2021-06-01,0,353,98,255,0.0,0.0,49.0,49.0,55.0,0.0,0.0,49.0,0.0,1.0,0
10008,32,"Ampicillin 500mg, Pdr for IM/IV, Inj, Vial",2021-08-01,255,0,48,207,5.3125,159.375,98.0,-50.0,72.0,353.0,117.66666666666669,0.0,255.0,0.0,0
10008,32,"Ampicillin 500mg, Pdr for IM/IV, Inj, Vial",2021-09-01,207,0,58,149,3.5689655172413794,107.06896551724138,48.0,10.0,65.0,0.0,117.66666666666669,255.0,207.0,0.0,0
10008,32,"Ampicillin 500mg, Pdr for IM/IV, Inj, Vial",2021-12-01,149,0,96,53,1.5520833333333333,46.5625,58.0,38.0,68.0,0.0,117.66666666666669,207.0,149.0,0.0,0
10008,32,"Ampicillin 500mg, Pdr for IM/IV, Inj, Vial",2022-01-01,53,148,102,99,0.5196078431372549,15.588235294117649,96.0,6.0,67.33333333333333,0.0,0.0,149.0,53.0,0.0,0
10008,32,"Ampicillin 500mg, Pdr for IM/IV, Inj, Vial",2022-02-01,99,302,67,334,1.4776119402985075,44.32835820895522,102.0,-35.0,85.33333333333333,148.0,49.333333333333336,53.0,99.0,0.0,0
10008,32,"Ampicillin 500mg, Pdr for IM/IV, Inj, Vial",2022-04-01,334,0,139,195,2.402877697841727,72.08633093525181,67.0,72.0,88.33333333333333,302.0,150.0,99.0,334.0,0.0,0
10008,32,"Ampicillin 500mg, Pdr for IM/IV, Inj, Vial",2022-05-01,195,0,87,108,2.2413793103448274,67.24137931034483,139.0,-52.0,102.66666666666669,0.0,150.0,334.0,195.0,0.0,0
10008,32,"Ampicillin 500mg, Pdr for IM/IV, Inj, Vial",2022-06-01,108,0,81,27,1.3333333333333333,40.0,87.0,-6.0,97.66666666666669,0.0,100.66666666666669,195.0,108.0,0.0,0
10008,32,"Ampicillin 500mg, Pdr for IM/IV, Inj, Vial",2022-07-01,27,230,97,160,0.2783505154639175,8.350515463917526,81.0,16.0,102.33333333333331,0.0,0.0,108.0,27.0,0.0,0
10008,32,"Ampicillin 500mg, Pdr for IM/IV, Inj, Vial",2022-08-01,160,0,64,96,2.5,75.0,97.0,-33.0,88.33333333333333,230.0,76.66666666666667,27.0,160.0,0.0,0
10008,32,"Ampicillin 500mg, Pdr for IM/IV, Inj, Vial",2022-09-01,96,335,95,336,1.0105263157894735,30.31578947368421,64.0,31.0,80.66666666666667,0.0,76.66666666666667,160.0,96.0,0.0,0
10008,32,"Ampicillin 500mg, Pdr for IM/IV, Inj, Vial",2022-11-01,336,0,86,250,3.9069767441860463,117.2093023255814,95.0,-9.0,85.33333333333333,335.0,188.33333333333331,96.0,336.0,0.0,0
10008,32,"Ampicillin 500mg, Pdr for IM/IV, Inj, Vial",2022-12-01,250,0,104,146,2.4038461538461537,72.11538461538461,86.0,18.0,81.66666666666667,0.0,111.66666666666669,336.0,250.0,0.0,0
10008,32,"Ampicillin 500mg, Pdr for IM/IV, Inj, Vial",2023-01-01,146,0,128,18,1.140625,34.21875,104.0,24.0,95.0,0.0,111.66666666666669,250.0,146.0,0.0,0
10008,32,"Ampicillin 500mg, Pdr for IM/IV, Inj, Vial",2023-02-01,18,326,70,274,0.2571428571428571,7.7142857142857135,128.0,-58.0,106.0,0.0,0.0,146.0,18.0,0.0,0
10008,32,"Ampicillin 500mg, Pdr for IM/IV, Inj, Vial",2023-04-01,274,0,127,147,2.15748031496063,64.7244094488189,70.0,57.0,100.66666666666669,326.0,108.66666666666669,18.0,274.0,0.0,0
10008,32,"Ampicillin 500mg, Pdr for IM/IV, Inj, Vial",2023-05-01,147,0,68,79,2.161764705882353,64.85294117647058,127.0,-59.0,108.33333333333331,0.0,108.66666666666669,274.0,147.0,0.0,0
10008,32,"Ampicillin 500mg, Pdr for IM/IV, Inj, Vial",2023-07-01,79,327,65,341,1.2153846153846153,36.46153846153846,68.0,-3.0,88.33333333333333,0.0,108.66666666666669,147.0,79.0,0.0,0
10008,32,"Ampicillin 500mg, Pdr for IM/IV, Inj, Vial",2023-09-01,341,0,88,253,3.875,116.25,65.0,23.0,86.66666666666667,327.0,109.0,79.0,341.0,0.0,0
10008,32,"Ampicillin 500mg, Pdr for IM/IV, Inj, Vial",2023-10-01,253,0,56,197,4.517857142857143,135.5357142857143,88.0,-32.0,73.66666666666667,0.0,109.0,341.0,253.0,0.0,0
10008,34,"Folic Acid 5mg, Tab",2019-10-01,849,0,845,4,1.004733727810651,30.14201183431953,,,,,,,,,1
10008,34,"Folic Acid 5mg, Tab",2019-11-01,4,0,4,0,1.0,30.0,845.0,-841.0,845.0,0.0,0.0,849.0,4.0,0.0,1
10008,34,"Folic Acid 5mg, Tab",2019-12-01,0,0,0,0,,,4.0,-4.0,424.5,0.0,0.0,4.0,0.0,1.0,0
10008,34,"Folic Acid 5mg, Tab",2020-01-01,0,2784,656,2128,0.0,0.0,0.0,656.0,283.0,0.0,0.0,0.0,0.0,1.0,0
10008,34,"Folic Acid 5mg, Tab",2020-02-01,2128,0,381,1747,5.585301837270341,167.55905511811025,656.0,-275.0,220.0,2784.0,928.0,0.0,2128.0,0.0,0
10008,34,"Folic Acid 5mg, Tab",2020-03-01,1747,0,596,1151,2.9312080536912752,87.93624161073825,381.0,215.0,345.6666666666667,0.0,928.0,2128.0,1747.0,0.0,0
10008,34,"Folic Acid 5mg, Tab",2020-04-01,1151,0,556,595,2.070143884892086,62.10431654676258,596.0,-40.0,544.3333333333334,0.0,928.0,1747.0,1151.0,0.0,0
10008,34,"Folic Acid 5mg, Tab",2020-05-01,595,3195,919,2871,0.6474428726877041,19.423286180631123,556.0,363.0,511.0,0.0,0.0,1151.0,595.0,0.0,0
10008,34,"Folic Acid 5mg, Tab",2020-06-01,2871,0,849,2022,3.381625441696113,101.4487632508834,919.0,-70.0,690.3333333333334,3195.0,1065.0,595.0,2871.0,0.0,0
10008,34,"Folic Acid 5mg, Tab",2020-07-01,2022,0,734,1288,2.7547683923705724,82.64305177111717,849.0,-115.0,774.6666666666666,0.0,1065.0,2871.0,2022.0,0.0,0
10008,34,"Folic Acid 5mg, Tab",2020-08-01,1288,0,895,393,1.439106145251397,43.1731843575419,734.0,161.0,834.0,0.0,1065.0,2022.0,1288.0,0.0,0
10008,34,"Folic Acid 5mg, Tab",2020-09-01,393,2256,819,1830,0.4798534798534798,14.395604395604396,895.0,-76.0,826.0,0.0,0.0,1288.0,393.0,0.0,0
10008,34,"Folic Acid 5mg, Tab",2020-10-01,1830,0,758,1072,2.41424802110818,72.42744063324538,819.0,-61.0,816.0,2256.0,752.0,393.0,1830.0,0.0,0
10008,34,"Folic Acid 5mg, Tab",2020-11-01,1072,0,606,466,1.768976897689769,53.069306930693074,758.0,-152.0,824.0,0.0,752.0,1830.0,1072.0,0.0,0
10008,34,"Folic Acid 5mg, Tab",2020-12-01,466,3272,706,3032,0.660056657223796,19.80169971671388,606.0,100.0,727.6666666666666,0.0,752.0,1072.0,466.0,0.0,0
10008,34,"Folic Acid 5mg, Tab",2021-01-01,3032,0,1142,1890,2.6549912434325744,79.64973730297723,706.0,436.0,690.0,3272.0,1090.6666666666667,466.0,3032.0,0.0,0
10008,34,"Folic Acid 5mg, Tab",2021-02-01,1890,0,866,1024,2.1824480369515014,65.47344110854505,1142.0,-276.0,818.0,0.0,1090.6666666666667,3032.0,1890.0,0.0,0
10008,34,"Folic Acid 5mg, Tab",2021-03-01,1024,0,511,513,2.003913894324853,60.11741682974559,866.0,-355.0,904.6666666666666,0.0,1090.6666666666667,1890.0,1024.0,0.0,0
10008,34,"Folic Acid 5mg, Tab",2021-06-01,513,2498,965,2046,0.5316062176165803,15.94818652849741,511.0,454.0,839.6666666666666,0.0,0.0,1024.0,513.0,0.0,0
10008,34,"Folic Acid 5mg, Tab",2021-07-01,2046,0,497,1549,4.116700201207244,123.5010060362173,965.0,-468.0,780.6666666666666,2498.0,832.6666666666666,513.0,2046.0,0.0,0
10008,34,"Folic Acid 5mg, Tab",2021-08-01,1549,0,435,1114,3.560919540229885,106.82758620689656,497.0,-62.0,657.6666666666666,0.0,832.6666666666666,2046.0,1549.0,0.0,0
10008,34,"Folic Acid 5mg, Tab",2021-09-01,1114,0,392,722,2.841836734693877,85.25510204081633,435.0,-43.0,632.3333333333334,0.0,832.6666666666666,1549.0,1114.0,0.0,0
10008,34,"Folic Acid 5mg, Tab",2021-10-01,722,1995,693,2024,1.0418470418470418,31.255411255411254,392.0,301.0,441.3333333333333,0.0,0.0,1114.0,722.0,0.0,0
10008,34,"Folic Acid 5mg, Tab",2021-11-01,2024,0,541,1483,3.741219963031423,112.23659889094267,693.0,-152.0,506.6666666666667,1995.0,665.0,722.0,2024.0,0.0,0
10008,34,"Folic Acid 5mg, Tab",2021-12-01,1483,0,359,1124,4.13091922005571,123.9275766016713,541.0,-182.0,542.0,0.0,665.0,2024.0,1483.0,0.0,0
10008,34,"Folic Acid 5mg, Tab",2022-01-01,1124,0,439,685,2.560364464692483,76.81093394077449,359.0,80.0,531.0,0.0,665.0,1483.0,1124.0,0.0,0
10008,34,"Folic Acid 5mg, Tab",2022-02-01,685,2047,871,1861,0.7864523536165328,23.593570608495984,439.0,432.0,446.3333333333333,0.0,0.0,1124.0,685.0,0.0,0
10008,34,"Folic Acid 5mg, Tab",2022-04-01,1861,0,813,1048,2.289052890528905,68.67158671586715,871.0,-58.0,556.3333333333334,2047.0,682.3333333333334,685.0,1861.0,0.0,0
10008,34,"Folic Acid 5mg, Tab",2022-05-01,1048,0,978,70,1.071574642126789,32.14723926380368,813.0,165.0,707.6666666666666,0.0,682.3333333333334,1861.0,1048.0,0.0,0
10008,34,"Folic Acid 5mg, Tab",2022-06-01,70,1910,600,1380,0.1166666666666666,3.5,978.0,-378.0,887.3333333333334,0.0,682.3333333333334,1048.0,70.0,0.0,0
10008,34,"Folic Acid 5mg, Tab",2022-07-01,1380,0,685,695,2.0145985401459856,60.43795620437957,600.0,85.0,797.0,1910.0,636.6666666666666,70.0,1380.0,0.0,1
10008,34,"Folic Acid 5mg, Tab",2022-09-01,695,0,695,0,1.0,30.0,685.0,10.0,754.3333333333334,0.0,636.6666666666666,1380.0,695.0,0.0,0
10008,34,"Folic Acid 5mg, Tab",2022-10-01,0,2832,633,2199,0.0,0.0,695.0,-62.0,660.0,0.0,636.6666666666666,695.0,0.0,1.0,0
10008,34,"Folic Acid 5mg, Tab",2022-11-01,2199,0,541,1658,4.064695009242144,121.94085027726432,633.0,-92.0,671.0,2832.0,944.0,0.0,2199.0,0.0,0
10008,34,"Folic Acid 5mg, Tab",2022-12-01,1658,0,350,1308,4.7371428571428575,142.11428571428573,541.0,-191.0,623.0,0.0,944.0,2199.0,1658.0,0.0,0
10008,34,"Folic Acid 5mg, Tab",2023-01-01,1308,0,995,313,1.314572864321608,39.43718592964824,350.0,645.0,508.0,0.0,944.0,1658.0,1308.0,0.0,1
10008,34,"Folic Acid 5mg, Tab",2023-02-01,313,0,313,0,1.0,30.0,995.0,-682.0,628.6666666666666,0.0,0.0,1308.0,313.0,0.0,0
10008,34,"Folic Acid 5mg, Tab",2023-03-01,0,3497,744,2753,0.0,0.0,313.0,431.0,552.6666666666666,0.0,0.0,313.0,0.0,1.0,0
10008,34,"Folic Acid 5mg, Tab",2023-04-01,2753,0,0,2753,,,744.0,-744.0,684.0,3497.0,1165.6666666666667,0.0,2753.0,0.0,0
10008,34,"Folic Acid 5mg, Tab",2023-05-01,2753,0,828,1925,3.32487922705314,99.7463768115942,0.0,828.0,352.3333333333333,0.0,1165.6666666666667,2753.0,2753.0,0.0,0
10008,34,"Folic Acid 5mg, Tab",2023-06-01,1925,0,406,1519,4.741379310344827,142.24137931034485,828.0,-422.0,524.0,0.0,1165.6666666666667,2753.0,1925.0,0.0,0
10008,34,"Folic Acid 5mg, Tab",2023-07-01,1519,0,619,900,2.4539579967689824,73.61873990306947,406.0,213.0,411.3333333333333,0.0,0.0,1925.0,1519.0,0.0,0
10008,34,"Folic Acid 5mg, Tab",2023-08-01,900,0,836,64,1.076555023923445,32.29665071770335,619.0,217.0,617.6666666666666,0.0,0.0,1519.0,900.0,0.0,0
10008,34,"Folic Acid 5mg, Tab",2023-09-01,64,1408,552,920,0.1159420289855072,3.4782608695652173,836.0,-284.0,620.3333333333334,0.0,0.0,900.0,64.0,0.0,0
10008,34,"Folic Acid 5mg, Tab",2023-10-01,920,0,757,163,1.215323645970938,36.45970937912814,552.0,205.0,669.0,1408.0,469.3333333333333,64.0,920.0,0.0,0
10008,35,"Oxytocin 10IU, Inj, Amp",2019-10-01,26,0,7,19,3.7142857142857135,111.42857142857144,,,,,,,,,0
10008,35,"Oxytocin 10IU, Inj, Amp",2019-11-01,19,0,11,8,1.7272727272727273,51.81818181818182,7.0,4.0,7.0,0.0,0.0,26.0,19.0,0.0,0
10008,35,"Oxytocin 10IU, Inj, Amp",2019-12-01,8,52,5,55,1.6,48.0,11.0,-6.0,9.0,0.0,0.0,19.0,8.0,0.0,0
10008,35,"Oxytocin 10IU, Inj, Amp",2020-01-01,55,0,20,35,2.75,82.5,5.0,15.0,7.666666666666667,52.0,17.333333333333332,8.0,55.0,0.0,0
10008,35,"Oxytocin 10IU, Inj, Amp",2020-02-01,35,0,12,23,2.9166666666666665,87.5,20.0,-8.0,12.0,0.0,17.333333333333332,55.0,35.0,0.0,1
10008,35,"Oxytocin 10IU, Inj, Amp",2020-03-01,23,0,23,0,1.0,30.0,12.0,11.0,12.333333333333334,0.0,17.333333333333332,35.0,23.0,0.0,1
10008,35,"Oxytocin 10IU, Inj, Amp",2020-04-01,0,0,0,0,,,23.0,-23.0,18.33333333333333,0.0,0.0,23.0,0.0,1.0,0
10008,35,"Oxytocin 10IU, Inj, Amp",2020-05-01,0,45,15,30,0.0,0.0,0.0,15.0,11.666666666666666,0.0,0.0,0.0,0.0,1.0,0
10008,35,"Oxytocin 10IU, Inj, Amp",2020-06-01,30,0,13,17,2.3076923076923075,69.23076923076923,15.0,-2.0,12.666666666666666,45.0,15.0,0.0,30.0,0.0,0
10008,35,"Oxytocin 10IU, Inj, Amp",2020-07-01,17,0,14,3,1.2142857142857142,36.42857142857142,13.0,1.0,9.333333333333334,0.0,15.0,30.0,17.0,0.0,0
10008,35,"Oxytocin 10IU, Inj, Amp",2020-08-01,3,46,10,39,0.3,9.0,14.0,-4.0,14.0,0.0,15.0,17.0,3.0,0.0,0
10008,35,"Oxytocin 10IU, Inj, Amp",2020-09-01,39,0,17,22,2.294117647058824,68.8235294117647,10.0,7.0,12.333333333333334,46.0,15.333333333333334,3.0,39.0,0.0,0
10008,35,"Oxytocin 10IU, Inj, Amp",2020-10-01,22,0,18,4,1.2222222222222223,36.66666666666667,17.0,1.0,13.666666666666666,0.0,15.333333333333334,39.0,22.0,0.0,0
10008,35,"Oxytocin 10IU, Inj, Amp",2020-11-01,4,24,25,3,0.16,4.8,18.0,7.0,15.0,0.0,15.333333333333334,22.0,4.0,0.0,1
10008,35,"Oxytocin 10IU, Inj, Amp",2020-12-01,3,0,3,0,1.0,30.0,25.0,-22.0,20.0,24.0,8.0,4.0,3.0,0.0,1
10008,35,"Oxytocin 10IU, Inj, Amp",2021-01-01,0,0,0,0,,,3.0,-3.0,15.333333333333334,0.0,8.0,3.0,0.0,1.0,0
10008,35,"Oxytocin 10IU, Inj, Amp",2021-02-01,0,30,24,6,0.0,0.0,0.0,24.0,9.333333333333334,0.0,8.0,0.0,0.0,1.0,0
10008,35,"Oxytocin 10IU, Inj, Amp",2021-03-01,6,0,4,2,1.5,45.0,24.0,-20.0,9.0,30.0,10.0,0.0,6.0,0.0,1
10008,35,"Oxytocin 10IU, Inj, Amp",2021-04-01,2,0,2,0,1.0,30.0,4.0,-2.0,9.333333333333334,0.0,10.0,6.0,2.0,0.0,0
10008,35,"Oxytocin 10IU, Inj, Amp",2021-05-01,0,63,11,52,0.0,0.0,2.0,9.0,10.0,0.0,10.0,2.0,0.0,1.0,0
10008,35,"Oxytocin 10IU, Inj, Amp",2021-06-01,52,0,14,38,3.7142857142857135,111.42857142857144,11.0,3.0,5.666666666666667,63.0,21.0,0.0,52.0,0.0,0
10008,35,"Oxytocin 10IU, Inj, Amp",2021-07-01,38,0,10,28,3.8,114.0,14.0,-4.0,9.0,0.0,21.0,52.0,38.0,0.0,0
10008,35,"Oxytocin 10IU, Inj, Amp",2021-08-01,28,0,26,2,1.0769230769230769,32.30769230769231,10.0,16.0,11.666666666666666,0.0,21.0,38.0,28.0,0.0,0
10008,35,"Oxytocin 10IU, Inj, Amp",2021-09-01,2,24,15,11,0.1333333333333333,4.0,26.0,-11.0,16.666666666666668,0.0,0.0,28.0,2.0,0.0,1
10008,35,"Oxytocin 10IU, Inj, Amp",2021-11-01,11,0,11,0,1.0,30.0,15.0,-4.0,17.0,24.0,8.0,2.0,11.0,0.0,1
10008,35,"Oxytocin 10IU, Inj, Amp",2021-12-01,0,0,0,0,,,11.0,-11.0,17.333333333333332,0.0,8.0,11.0,0.0,1.0,1
10008,35,"Oxytocin 10IU, Inj, Amp",2022-01-01,0,0,0,0,,,0.0,0.0,8.666666666666666,0.0,8.0,0.0,0.0,1.0,0
10008,35,"Oxytocin 10IU, Inj, Amp",2022-02-01,0,40,12,28,0.0,0.0,0.0,12.0,3.6666666666666665,0.0,0.0,0.0,0.0,1.0,1
10008,35,"Oxytocin 10IU, Inj, Amp",2022-03-01,28,0,28,0,1.0,30.0,12.0,16.0,4.0,40.0,13.333333333333334,0.0,28.0,0.0,1
10008,35,"Oxytocin 10IU, Inj, Amp",2022-04-01,0,0,0,0,,,28.0,-28.0,13.333333333333334,0.0,13.333333333333334,28.0,0.0,1.0,0
10008,35,"Oxytocin 10IU, Inj, Amp",2022-05-01,0,37,15,22,0.0,0.0,0.0,15.0,13.333333333333334,0.0,13.333333333333334,0.0,0.0,1.0,0
10008,35,"Oxytocin 10IU, Inj, Amp",2022-06-01,22,0,16,6,1.375,41.25,15.0,1.0,14.333333333333334,37.0,12.333333333333334,0.0,22.0,0.0,1
10008,35,"Oxytocin 10IU, Inj, Amp",2022-07-01,6,0,6,0,1.0,30.0,16.0,-10.0,10.333333333333334,0.0,12.333333333333334,22.0,6.0,0.0,0
10008,35,"Oxytocin 10IU, Inj, Amp",2022-08-01,0,30,3,27,0.0,0.0,6.0,-3.0,12.333333333333334,0.0,12.333333333333334,6.0,0.0,1.0,0
10008,35,"Oxytocin 10IU, Inj, Amp",2022-09-01,27,0,15,12,1.8,54.0,3.0,12.0,8.333333333333334,30.0,10.0,0.0,27.0,0.0,0
10008,35,"Oxytocin 10IU, Inj, Amp",2022-10-01,12,0,8,4,1.5,45.0,15.0,-7.0,8.0,0.0,10.0,27.0,12.0,0.0,0
10008,35,"Oxytocin 10IU, Inj, Amp",2022-11-01,4,57,13,48,0.3076923076923077,9.230769230769232,8.0,5.0,8.666666666666666,0.0,10.0,12.0,4.0,0.0,0
10008,35,"Oxytocin 10IU, Inj, Amp",2022-12-01,48,0,21,27,2.2857142857142856,68.57142857142857,13.0,8.0,12.0,57.0,19.0,4.0,48.0,0.0,0
10008,35,"Oxytocin 10IU, Inj, Amp",2023-01-01,27,0,9,18,3.0,90.0,21.0,-12.0,14.0,0.0,19.0,48.0,27.0,0.0,0
10008,35,"Oxytocin 10IU, Inj, Amp",2023-02-01,18,0,7,11,2.571428571428572,77.14285714285715,9.0,-2.0,14.333333333333334,0.0,19.0,27.0,18.0,0.0,0
10008,35,"Oxytocin 10IU, Inj, Amp",2023-03-01,11,47,5,53,2.2,66.0,7.0,-2.0,12.333333333333334,0.0,0.0,18.0,11.0,0.0,0
10008,35,"Oxytocin 10IU, Inj, Amp",2023-04-01,53,0,13,40,4.076923076923077,122.30769230769228,5.0,8.0,7.0,47.0,15.666666666666666,11.0,53.0,0.0,0
10008,35,"Oxytocin 10IU, Inj, Amp",2023-05-01,40,0,20,20,2.0,60.0,13.0,7.0,8.333333333333334,0.0,15.666666666666666,53.0,40.0,0.0,0
10008,35,"Oxytocin 10IU, Inj, Amp",2023-06-01,20,0,10,10,2.0,60.0,20.0,-10.0,12.666666666666666,0.0,15.666666666666666,40.0,20.0,0.0,0
10008,35,"Oxytocin 10IU, Inj, Amp",2023-07-01,10,0,6,4,1.6666666666666667,50.0,10.0,-4.0,14.333333333333334,0.0,0.0,20.0,10.0,0.0,0
10008,35,"Oxytocin 10IU, Inj, Amp",2023-08-01,4,57,14,47,0.2857142857142857,8.571428571428571,6.0,8.0,12.0,0.0,0.0,10.0,4.0,0.0,0
10008,35,"Oxytocin 10IU, Inj, Amp",2023-09-01,47,0,18,29,2.611111111111111,78.33333333333333,14.0,4.0,10.0,57.0,19.0,4.0,47.0,0.0,0
10008,35,"Oxytocin 10IU, Inj, Amp",2023-10-01,29,0,11,18,2.636363636363636,79.0909090909091,18.0,-7.0,12.666666666666666,0.0,19.0,47.0,29.0,0.0,0
10008,38,"Albendazole 400mg, Tab",2019-10-01,331,0,130,201,2.546153846153846,76.38461538461539,,,,,,,,,0
10008,38,"Albendazole 400mg, Tab",2019-11-01,201,846,148,899,1.358108108108108,40.74324324324324,130.0,18.0,130.0,0.0,0.0,331.0,201.0,0.0,0
10008,38,"Albendazole 400mg, Tab",2019-12-01,899,0,256,643,3.51171875,105.3515625,148.0,108.0,139.0,846.0,423.0,201.0,899.0,0.0,0
10008,38,"Albendazole 400mg, Tab",2020-01-01,643,0,149,494,4.315436241610739,129.46308724832215,256.0,-107.0,178.0,0.0,282.0,899.0,643.0,0.0,0
10008,38,"Albendazole 400mg, Tab",2020-04-01,494,0,125,369,3.952,118.56,149.0,-24.0,184.33333333333331,0.0,282.0,643.0,494.0,0.0,0
10008,38,"Albendazole 400mg, Tab",2020-06-01,369,0,170,199,2.170588235294117,65.11764705882352,125.0,45.0,176.66666666666666,0.0,0.0,494.0,369.0,0.0,0
10008,38,"Albendazole 400mg, Tab",2020-07-01,199,552,66,685,3.015151515151515,90.45454545454544,170.0,-104.0,148.0,0.0,0.0,369.0,199.0,0.0,0
10008,38,"Albendazole 400mg, Tab",2020-08-01,685,0,143,542,4.79020979020979,143.7062937062937,66.0,77.0,120.33333333333331,552.0,184.0,199.0,685.0,0.0,0
10008,38,"Albendazole 400mg, Tab",2020-09-01,542,0,362,180,1.4972375690607735,44.91712707182321,143.0,219.0,126.33333333333331,0.0,184.0,685.0,542.0,0.0,0
10008,38,"Albendazole 400mg, Tab",2020-10-01,180,769,165,784,1.0909090909090908,32.72727272727273,362.0,-197.0,190.33333333333331,0.0,184.0,542.0,180.0,0.0,0
10008,38,"Albendazole 400mg, Tab",2020-11-01,784,0,198,586,3.95959595959596,118.7878787878788,165.0,33.0,223.33333333333331,769.0,256.3333333333333,180.0,784.0,0.0,0
10008,38,"Albendazole 400mg, Tab",2020-12-01,586,0,157,429,3.732484076433121,111.97452229299364,198.0,-41.0,241.66666666666663,0.0,256.3333333333333,784.0,586.0,0.0,0
10008,38,"Albendazole 400mg, Tab",2021-01-01,429,0,261,168,1.6436781609195403,49.310344827586206,157.0,104.0,173.33333333333334,0.0,256.3333333333333,586.0,429.0,0.0,0
10008,38,"Albendazole 400mg, Tab",2021-02-01,168,436,87,517,1.9310344827586208,57.93103448275863,261.0,-174.0,205.33333333333331,0.0,0.0,429.0,168.0,0.0,0
10008,38,"Albendazole 400mg, Tab",2021-03-01,517,0,227,290,2.2775330396475773,68.32599118942731,87.0,140.0,168.33333333333334,436.0,145.33333333333334,168.0,517.0,0.0,0
10008,38,"Albendazole 400mg, Tab",2021-04-01,290,0,20,270,14.5,435.0,227.0,-207.0,191.66666666666663,0.0,145.33333333333334,517.0,290.0,0.0,0
10008,38,"Albendazole 400mg, Tab",2021-05-01,270,0,163,107,1.656441717791411,49.693251533742334,20.0,143.0,111.33333333333331,0.0,145.33333333333334,290.0,270.0,0.0,0
10008,38,"Albendazole 400mg, Tab",2021-06-01,107,297,162,242,0.6604938271604939,19.814814814814817,163.0,-1.0,136.66666666666666,0.0,0.0,270.0,107.0,0.0,0
10008,38,"Albendazole 400mg, Tab",2021-07-01,242,0,150,92,1.6133333333333333,48.4,162.0,-12.0,115.0,297.0,99.0,107.0,242.0,0.0,1
10008,38,"Albendazole 400mg, Tab",2021-08-01,92,0,92,0,1.0,30.0,150.0,-58.0,158.33333333333334,0.0,99.0,242.0,92.0,0.0,0
10008,38,"Albendazole 400mg, Tab",2021-11-01,0,772,140,632,0.0,0.0,92.0,48.0,134.66666666666666,0.0,99.0,92.0,0.0,1.0,0
10008,38,"Albendazole 400mg, Tab",2021-12-01,632,0,119,513,5.310924369747899,159.32773109243698,140.0,-21.0,127.33333333333331,772.0,257.3333333333333,0.0,632.0,0.0,0
10008,38,"Albendazole 400mg, Tab",2022-01-01,513,0,123,390,4.170731707317073,125.1219512195122,119.0,4.0,117.0,0.0,257.3333333333333,632.0,513.0,0.0,0
10008,38,"Albendazole 400mg, Tab",2022-03-01,390,0,123,267,3.1707317073170733,95.1219512195122,123.0,0.0,127.33333333333331,0.0,257.3333333333333,513.0,390.0,0.0,0
10008,38,"Albendazole 400mg, Tab",2022-04-01,267,0,236,31,1.13135593220339,33.940677966101696,123.0,113.0,121.66666666666669,0.0,0.0,390.0,267.0,0.0,0
10008,38,"Albendazole 400mg, Tab",2022-05-01,31,764,178,617,0.1741573033707865,5.224719101123596,236.0,-58.0,160.66666666666666,0.0,0.0,267.0,31.0,0.0,0
10008,38,"Albendazole 400mg, Tab",2022-06-01,617,0,180,437,3.4277777777777776,102.83333333333331,178.0,2.0,179.0,764.0,254.66666666666663,31.0,617.0,0.0,0
10008,38,"Albendazole 400mg, Tab",2022-07-01,437,0,211,226,2.071090047393365,62.13270142180095,180.0,31.0,198.0,0.0,254.66666666666663,617.0,437.0,0.0,1
10008,38,"Albendazole 400mg, Tab",2022-08-01,226,0,226,0,1.0,30.0,211.0,15.0,189.66666666666663,0.0,254.66666666666663,437.0,226.0,0.0,1
10008,38,"Albendazole 400mg, Tab",2022-09-01,0,0,0,0,,,226.0,-226.0,205.66666666666663,0.0,0.0,226.0,0.0,1.0,0
10008,38,"Albendazole 400mg, Tab",2022-11-01,0,757,281,476,0.0,0.0,0.0,281.0,145.66666666666666,0.0,0.0,0.0,0.0,1.0,0
10008,38,"Albendazole 400mg, Tab",2022-12-01,476,0,65,411,7.323076923076923,219.69230769230768,281.0,-216.0,169.0,757.0,252.33333333333331,0.0,476.0,0.0,0
10008,38,"Albendazole 400mg, Tab",2023-02-01,411,0,172,239,2.38953488372093,71.68604651162791,65.0,107.0,115.33333333333331,0.0,252.33333333333331,476.0,411.0,0.0,0
10008,38,"Albendazole 400mg, Tab",2023-03-01,239,0,58,181,4.120689655172414,123.6206896551724,172.0,-114.0,172.66666666666666,0.0,252.33333333333331,411.0,239.0,0.0,0
10008,38,"Albendazole 400mg, Tab",2023-04-01,181,845,316,710,0.5727848101265823,17.18354430379747,58.0,258.0,98.33333333333331,0.0,0.0,239.0,181.0,0.0,0
10008,38,"Albendazole 400mg, Tab",2023-05-01,710,0,112,598,6.339285714285714,190.17857142857144,316.0,-204.0,182.0,845.0,281.6666666666667,181.0,710.0,0.0,0
10008,38,"Albendazole 400mg, Tab",2023-06-01,598,0,312,286,1.9166666666666667,57.5,112.0,200.0,162.0,0.0,281.6666666666667,710.0,598.0,0.0,0
10008,38,"Albendazole 400mg, Tab",2023-07-01,286,0,138,148,2.072463768115942,62.17391304347826,312.0,-174.0,246.66666666666663,0.0,281.6666666666667,598.0,286.0,0.0,0
10008,38,"Albendazole 400mg, Tab",2023-09-01,148,0,112,36,1.3214285714285714,39.64285714285714,138.0,-26.0,187.33333333333331,0.0,0.0,286.0,148.0,0.0,0
10008,38,"Albendazole 400mg, Tab",2023-10-01,36,736,174,598,0.2068965517241379,6.206896551724138,112.0,62.0,187.33333333333331,0.0,0.0,148.0,36.0,0.0,0
10008,39,"Oral Rehydration Salts (ORS), Sachet",2019-10-01,266,0,176,90,1.5113636363636365,45.34090909090909,,,,,,,,,0
10008,39,"Oral Rehydration Salts (ORS), Sachet",2019-11-01,90,697,159,628,0.5660377358490566,16.9811320754717,176.0,-17.0,176.0,0.0,0.0,266.0,90.0,0.0,0
10008,39,"Oral Rehydration Salts (ORS), Sachet",2019-12-01,628,0,66,562,9.515151515151516,285.4545454545455,159.0,-93.0,167.5,697.0,348.5,90.0,628.0,0.0,0
10008,39,"Oral Rehydration Salts (ORS), Sachet",2020-01-01,562,0,31,531,18.12903225806452,543.8709677419355,66.0,-35.0,133.66666666666666,0.0,232.33333333333331,628.0,562.0,0.0,0
10008,39,"Oral Rehydration Salts (ORS), Sachet",2020-02-01,531,0,201,330,2.6417910447761197,79.25373134328358,31.0,170.0,85.33333333333333,0.0,232.33333333333331,562.0,531.0,0.0,0
10008,39,"Oral Rehydration Salts (ORS), Sachet",2020-03-01,330,0,153,177,2.156862745098039,64.70588235294117,201.0,-48.0,99.33333333333331,0.0,0.0,531.0,330.0,0.0,0
10008,39,"Oral Rehydration Salts (ORS), Sachet",2020-04-01,177,0,126,51,1.4047619047619049,42.14285714285714,153.0,-27.0,128.33333333333334,0.0,0.0,330.0,177.0,0.0,0
10008,39,"Oral Rehydration Salts (ORS), Sachet",2020-05-01,51,684,117,618,0.4358974358974359,13.076923076923077,126.0,-9.0,160.0,0.0,0.0,177.0,51.0,0.0,0
10008,39,"Oral Rehydration Salts (ORS), Sachet",2020-06-01,618,0,362,256,1.707182320441989,51.21546961325967,117.0,245.0,132.0,684.0,228.0,51.0,618.0,0.0,0
10008,39,"Oral Rehydration Salts (ORS), Sachet",2020-07-01,256,0,163,93,1.5705521472392638,47.11656441717791,362.0,-199.0,201.66666666666663,0.0,228.0,618.0,256.0,0.0,0
10008,39,"Oral Rehydration Salts (ORS), Sachet",2020-08-01,93,832,152,773,0.6118421052631579,18.355263157894736,163.0,-11.0,214.0,0.0,228.0,256.0,93.0,0.0,0
10008,39,"Oral Rehydration Salts (ORS), Sachet",2020-09-01,773,0,142,631,5.443661971830986,163.30985915492957,152.0,-10.0,225.66666666666663,832.0,277.3333333333333,93.0,773.0,0.0,0
10008,39,"Oral Rehydration Salts (ORS), Sachet",2020-10-01,631,0,111,520,5.684684684684685,170.54054054054055,142.0,-31.0,152.33333333333334,0.0,277.3333333333333,773.0,631.0,0.0,0
10008,39,"Oral Rehydration Salts (ORS), Sachet",2020-12-01,520,0,248,272,2.096774193548387,62.90322580645161,111.0,137.0,135.0,0.0,277.3333333333333,631.0,520.0,0.0,1
10008,39,"Oral Rehydration Salts (ORS), Sachet",2021-01-01,272,0,272,0,1.0,30.0,248.0,24.0,167.0,0.0,0.0,520.0,272.0,0.0,0
10008,39,"Oral Rehydration Salts (ORS), Sachet",2021-02-01,0,284,222,62,0.0,0.0,272.0,-50.0,210.33333333333331,0.0,0.0,272.0,0.0,1.0,0
10008,39,"Oral Rehydration Salts (ORS), Sachet",2021-03-01,62,598,183,477,0.3387978142076502,10.163934426229508,222.0,-39.0,247.33333333333331,284.0,94.66666666666669,0.0,62.0,0.0,0
10008,39,"Oral Rehydration Salts (ORS), Sachet",2021-05-01,477,0,123,354,3.8780487804878048,116.34146341463416,183.0,-60.0,225.66666666666663,598.0,294.0,62.0,477.0,0.0,0
10008,39,"Oral Rehydration Salts (ORS), Sachet",2021-08-01,354,0,225,129,1.5733333333333333,47.2,123.0,102.0,176.0,0.0,294.0,477.0,354.0,0.0,0
10008,39,"Oral Rehydration Salts (ORS), Sachet",2021-10-01,129,606,149,586,0.8657718120805369,25.973154362416107,225.0,-76.0,177.0,0.0,199.33333333333331,354.0,129.0,0.0,0
10008,39,"Oral Rehydration Salts (ORS), Sachet",2022-01-01,586,0,158,428,3.708860759493671,111.26582278481013,149.0,9.0,165.66666666666666,606.0,202.0,129.0,586.0,0.0,0
10008,39,"Oral Rehydration Salts (ORS), Sachet",2022-02-01,428,0,208,220,2.0576923076923075,61.730769230769226,158.0,50.0,177.33333333333334,0.0,202.0,586.0,428.0,0.0,0
10008,39,"Oral Rehydration Salts (ORS), Sachet",2022-03-01,220,765,230,755,0.9565217391304348,28.695652173913043,208.0,22.0,171.66666666666666,0.0,202.0,428.0,220.0,0.0,0
10008,39,"Oral Rehydration Salts (ORS), Sachet",2022-04-01,755,0,208,547,3.629807692307693,108.89423076923076,230.0,-22.0,198.66666666666663,765.0,255.0,220.0,755.0,0.0,0
10008,39,"Oral Rehydration Salts (ORS), Sachet",2022-06-01,547,0,188,359,2.9095744680851063,87.2872340425532,208.0,-20.0,215.33333333333331,0.0,255.0,755.0,547.0,0.0,0
10008,39,"Oral Rehydration Salts (ORS), Sachet",2022-07-01,359,0,173,186,2.07514450867052,62.25433526011561,188.0,-15.0,208.66666666666663,0.0,255.0,547.0,359.0,0.0,0
10008,39,"Oral Rehydration Salts (ORS), Sachet",2022-08-01,186,406,52,540,3.576923076923077,107.3076923076923,173.0,-121.0,189.66666666666663,0.0,0.0,359.0,186.0,0.0,0
10008,39,"Oral Rehydration Salts (ORS), Sachet",2022-09-01,540,0,90,450,6.0,180.0,52.0,38.0,137.66666666666666,406.0,135.33333333333334,186.0,540.0,0.0,0
10008,39,"Oral Rehydration Salts (ORS), Sachet",2022-10-01,450,0,154,296,2.9220779220779223,87.66233766233766,90.0,64.0,105.0,0.0,135.33333333333334,540.0,450.0,0.0,0
10008,39,"Oral Rehydration Salts (ORS), Sachet",2022-11-01,296,0,206,90,1.4368932038834952,43.10679611650485,154.0,52.0,98.66666666666669,0.0,135.33333333333334,450.0,296.0,0.0,0
10008,39,"Oral Rehydration Salts (ORS), Sachet",2023-01-01,90,749,161,678,0.5590062111801242,16.770186335403725,206.0,-45.0,150.0,0.0,0.0,296.0,90.0,0.0,0
10008,39,"Oral Rehydration Salts (ORS), Sachet",2023-02-01,678,0,153,525,4.431372549019608,132.94117647058823,161.0,-8.0,173.66666666666666,749.0,249.66666666666663,90.0,678.0,0.0,0
10008,39,"Oral Rehydration Salts (ORS), Sachet",2023-03-01,525,0,204,321,2.573529411764706,77.20588235294119,153.0,51.0,173.33333333333334,0.0,249.66666666666663,678.0,525.0,0.0,0
10008,39,"Oral Rehydration Salts (ORS), Sachet",2023-04-01,321,0,245,76,1.310204081632653,39.30612244897959,204.0,41.0,172.66666666666666,0.0,249.66666666666663,525.0,321.0,0.0,0
10008,39,"Oral Rehydration Salts (ORS), Sachet",2023-07-01,76,628,188,516,0.4042553191489361,12.127659574468083,245.0,-57.0,200.66666666666663,0.0,0.0,321.0,76.0,0.0,0
10008,39,"Oral Rehydration Salts (ORS), Sachet",2023-08-01,516,0,128,388,4.03125,120.9375,188.0,-60.0,212.33333333333331,628.0,209.33333333333331,76.0,516.0,0.0,0
10008,39,"Oral Rehydration Salts (ORS), Sachet",2023-09-01,388,0,255,133,1.5215686274509803,45.647058823529406,128.0,127.0,187.0,0.0,209.33333333333331,516.0,388.0,0.0,0
10008,39,"Oral Rehydration Salts (ORS), Sachet",2023-10-01,133,698,268,563,0.4962686567164179,14.888059701492535,255.0,13.0,190.33333333333331,0.0,209.33333333333331,388.0,133.0,0.0,0
10008,42,"Methyldopa 250mg, Tab",2019-10-01,170,0,97,73,1.7525773195876289,52.577319587628864,,,,,,,,,1
10008,42,"Methyldopa 250mg, Tab",2019-11-01,73,0,73,0,1.0,30.0,97.0,-24.0,97.0,0.0,0.0,170.0,73.0,0.0,0
10008,42,"Methyldopa 250mg, Tab",2019-12-01,0,222,92,130,0.0,0.0,73.0,19.0,85.0,0.0,0.0,73.0,0.0,1.0,0
10008,42,"Methyldopa 250mg, Tab",2020-03-01,130,0,73,57,1.7808219178082192,53.42465753424658,92.0,-19.0,87.33333333333333,222.0,74.0,0.0,130.0,0.0,1
10008,42,"Methyldopa 250mg, Tab",2020-04-01,57,0,57,0,1.0,30.0,73.0,-16.0,79.33333333333333,0.0,74.0,130.0,57.0,0.0,0
10008,42,"Methyldopa 250mg, Tab",2020-05-01,0,378,67,311,0.0,0.0,57.0,10.0,74.0,0.0,74.0,57.0,0.0,1.0,0
10008,42,"Methyldopa 250mg, Tab",2020-06-01,311,0,107,204,2.9065420560747666,87.19626168224299,67.0,40.0,65.66666666666667,378.0,126.0,0.0,311.0,0.0,0
10008,42,"Methyldopa 250mg, Tab",2020-08-01,204,0,78,126,2.6153846153846154,78.46153846153847,107.0,-29.0,77.0,0.0,126.0,311.0,204.0,0.0,0
10008,42,"Methyldopa 250mg, Tab",2020-09-01,126,0,15,111,8.4,252.0,78.0,-63.0,84.0,0.0,126.0,204.0,126.0,0.0,0
10008,42,"Methyldopa 250mg, Tab",2020-10-01,111,0,65,46,1.7076923076923076,51.230769230769226,15.0,50.0,66.66666666666667,0.0,0.0,126.0,111.0,0.0,0
10008,42,"Methyldopa 250mg, Tab",2020-11-01,46,294,95,245,0.4842105263157895,14.526315789473683,65.0,30.0,52.66666666666666,0.0,0.0,111.0,46.0,0.0,0
10008,42,"Methyldopa 250mg, Tab",2020-12-01,245,0,78,167,3.141025641025641,94.23076923076924,95.0,-17.0,58.333333333333336,294.0,98.0,46.0,245.0,0.0,0
10008,42,"Methyldopa 250mg, Tab",2021-02-01,167,0,90,77,1.855555555555556,55.66666666666667,78.0,12.0,79.33333333333333,0.0,98.0,245.0,167.0,0.0,0
10008,42,"Methyldopa 250mg, Tab",2021-03-01,77,311,88,300,0.875,26.25,90.0,-2.0,87.66666666666667,0.0,98.0,167.0,77.0,0.0,0
10008,42,"Methyldopa 250mg, Tab",2021-04-01,300,0,94,206,3.191489361702128,95.74468085106383,88.0,6.0,85.33333333333333,311.0,103.66666666666669,77.0,300.0,0.0,0
10008,42,"Methyldopa 250mg, Tab",2021-05-01,206,0,87,119,2.367816091954023,71.03448275862068,94.0,-7.0,90.66666666666669,0.0,103.66666666666669,300.0,206.0,0.0,0
10008,42,"Methyldopa 250mg, Tab",2021-07-01,119,0,69,50,1.7246376811594204,51.73913043478261,87.0,-18.0,89.66666666666667,0.0,103.66666666666669,206.0,119.0,0.0,0
10008,42,"Methyldopa 250mg, Tab",2021-08-01,50,387,103,334,0.4854368932038835,14.563106796116504,69.0,34.0,83.33333333333333,0.0,0.0,119.0,50.0,0.0,0
10008,42,"Methyldopa 250mg, Tab",2021-09-01,334,0,53,281,6.30188679245283,189.0566037735849,103.0,-50.0,86.33333333333333,387.0,129.0,50.0,334.0,0.0,0
10008,42,"Methyldopa 250mg, Tab",2021-10-01,281,0,32,249,8.78125,263.4375,53.0,-21.0,75.0,0.0,129.0,334.0,281.0,0.0,0
10008,42,"Methyldopa 250mg, Tab",2021-11-01,249,0,65,184,3.830769230769231,114.92307692307692,32.0,33.0,62.66666666666666,0.0,129.0,281.0,249.0,0.0,0
10008,42,"Methyldopa 250mg, Tab",2021-12-01,184,0,61,123,3.0163934426229506,90.49180327868852,65.0,-4.0,50.0,0.0,0.0,249.0,184.0,0.0,0
10008,42,"Methyldopa 250mg, Tab",2022-02-01,123,0,100,23,1.23,36.9,61.0,39.0,52.66666666666666,0.0,0.0,184.0,123.0,0.0,1
10008,42,"Methyldopa 250mg, Tab",2022-03-01,23,0,23,0,1.0,30.0,100.0,-77.0,75.33333333333333,0.0,0.0,123.0,23.0,0.0,0
10008,42,"Methyldopa 250mg, Tab",2022-06-01,0,394,72,322,0.0,0.0,23.0,49.0,61.333333333333336,0.0,0.0,23.0,0.0,1.0,0
10008,42,"Methyldopa 250mg, Tab",2022-07-01,322,0,69,253,4.666666666666667,140.0,72.0,-3.0,65.0,394.0,131.33333333333334,0.0,322.0,0.0,0
10008,42,"Methyldopa 250mg, Tab",2022-08-01,253,0,109,144,2.3211009174311927,69.63302752293578,69.0,40.0,54.66666666666666,0.0,131.33333333333334,322.0,253.0,0.0,0
10008,42,"Methyldopa 250mg, Tab",2022-09-01,144,0,41,103,3.5121951219512195,105.36585365853658,109.0,-68.0,83.33333333333333,0.0,131.33333333333334,253.0,144.0,0.0,0
10008,42,"Methyldopa 250mg, Tab",2022-12-01,103,0,66,37,1.5606060606060606,46.81818181818181,41.0,25.0,73.0,0.0,0.0,144.0,103.0,0.0,0
10008,42,"Methyldopa 250mg, Tab",2023-01-01,37,295,98,234,0.3775510204081632,11.326530612244897,66.0,32.0,72.0,0.0,0.0,103.0,37.0,0.0,0
10008,42,"Methyldopa 250mg, Tab",2023-02-01,234,0,117,117,2.0,60.0,98.0,19.0,68.33333333333333,295.0,98.33333333333331,37.0,234.0,0.0,0
10008,42,"Methyldopa 250mg, Tab",2023-03-01,117,0,84,33,1.3928571428571428,41.785714285714285,117.0,-33.0,93.66666666666669,0.0,98.33333333333331,234.0,117.0,0.0,1
10008,42,"Methyldopa 250mg, Tab",2023-05-01,33,0,33,0,1.0,30.0,84.0,-51.0,99.66666666666669,0.0,98.33333333333331,117.0,33.0,0.0,0
10008,42,"Methyldopa 250mg, Tab",2023-06-01,0,193,44,149,0.0,0.0,33.0,11.0,78.0,0.0,0.0,33.0,0.0,1.0,0
10008,42,"Methyldopa 250mg, Tab",2023-07-01,149,0,97,52,1.5360824742268042,46.08247422680412,44.0,53.0,53.66666666666666,193.0,64.33333333333333,0.0,149.0,0.0,0
10008,42,"Methyldopa 250mg, Tab",2023-08-01,52,0,44,8,1.181818181818182,35.45454545454545,97.0,-53.0,58.0,0.0,64.33333333333333,149.0,52.0,0.0,0
10008,43,"Zinc Sulphate 20mg, Dispersible, Tab",2019-10-01,296,0,200,96,1.48,44.4,,,,,,,,,0
10008,43,"Zinc Sulphate 20mg, Dispersible, Tab",2019-11-01,96,659,180,575,0.5333333333333333,16.0,200.0,-20.0,200.0,0.0,0.0,296.0,96.0,0.0,0
10008,43,"Zinc Sulphate 20mg, Dispersible, Tab",2020-02-01,575,0,264,311,2.178030303030303,65.3409090909091,180.0,84.0,190.0,659.0,329.5,96.0,575.0,0.0,0
10008,43,"Zinc Sulphate 20mg, Dispersible, Tab",2020-04-01,311,0,162,149,1.9197530864197527,57.5925925925926,264.0,-102.0,214.66666666666663,0.0,219.66666666666663,575.0,311.0,0.0,0
10008,43,"Zinc Sulphate 20mg, Dispersible, Tab",2020-05-01,149,496,128,517,1.1640625,34.921875,162.0,-34.0,202.0,0.0,219.66666666666663,311.0,149.0,0.0,0
10008,43,"Zinc Sulphate 20mg, Dispersible, Tab",2020-06-01,517,0,106,411,4.877358490566038,146.32075471698113,128.0,-22.0,184.66666666666663,496.0,165.33333333333334,149.0,517.0,0.0,0
10008,43,"Zinc Sulphate 20mg, Dispersible, Tab",2020-07-01,411,0,192,219,2.140625,64.21875,106.0,86.0,132.0,0.0,165.33333333333334,517.0,411.0,0.0,0
10008,43,"Zinc Sulphate 20mg, Dispersible, Tab",2020-10-01,219,0,163,56,1.343558282208589,40.30674846625767,192.0,-29.0,142.0,0.0,165.33333333333334,411.0,219.0,0.0,0
10008,43,"Zinc Sulphate 20mg, Dispersible, Tab",2020-12-01,56,508,68,496,0.8235294117647058,24.70588235294117,163.0,-95.0,153.66666666666666,0.0,0.0,219.0,56.0,0.0,0
10008,43,"Zinc Sulphate 20mg, Dispersible, Tab",2021-01-01,496,0,166,330,2.9879518072289155,89.63855421686746,68.0,98.0,141.0,508.0,169.33333333333334,56.0,496.0,0.0,0
10008,43,"Zinc Sulphate 20mg, Dispersible, Tab",2021-02-01,330,0,121,209,2.727272727272727,81.81818181818181,166.0,-45.0,132.33333333333334,0.0,169.33333333333334,496.0,330.0,0.0,0
10008,43,"Zinc Sulphate 20mg, Dispersible, Tab",2021-04-01,209,0,125,84,1.672,50.16,121.0,4.0,118.33333333333331,0.0,169.33333333333334,330.0,209.0,0.0,0
10008,43,"Zinc Sulphate 20mg, Dispersible, Tab",2021-05-01,84,597,234,447,0.358974358974359,10.76923076923077,125.0,109.0,137.33333333333334,0.0,0.0,209.0,84.0,0.0,0
10008,43,"Zinc Sulphate 20mg, Dispersible, Tab",2021-06-01,447,0,203,244,2.2019704433497536,66.05911330049261,234.0,-31.0,160.0,597.0,199.0,84.0,447.0,0.0,0
10008,43,"Zinc Sulphate 20mg, Dispersible, Tab",2021-07-01,244,0,164,80,1.4878048780487805,44.63414634146341,203.0,-39.0,187.33333333333331,0.0,199.0,447.0,244.0,0.0,0
10008,43,"Zinc Sulphate 20mg, Dispersible, Tab",2021-08-01,80,521,122,479,0.6557377049180327,19.67213114754098,164.0,-42.0,200.33333333333331,0.0,199.0,244.0,80.0,0.0,0
10008,43,"Zinc Sulphate 20mg, Dispersible, Tab",2021-10-01,479,0,188,291,2.547872340425532,76.43617021276596,122.0,66.0,163.0,521.0,173.66666666666666,80.0,479.0,0.0,0
10008,43,"Zinc Sulphate 20mg, Dispersible, Tab",2021-11-01,291,0,150,141,1.94,58.2,188.0,-38.0,158.0,0.0,173.66666666666666,479.0,291.0,0.0,0
10008,43,"Zinc Sulphate 20mg, Dispersible, Tab",2021-12-01,141,276,52,365,2.7115384615384617,81.34615384615385,150.0,-98.0,153.33333333333334,0.0,173.66666666666666,291.0,141.0,0.0,0
10008,43,"Zinc Sulphate 20mg, Dispersible, Tab",2022-02-01,365,0,121,244,3.0165289256198347,90.49586776859503,52.0,69.0,130.0,276.0,92.0,141.0,365.0,0.0,0
10008,43,"Zinc Sulphate 20mg, Dispersible, Tab",2022-03-01,244,0,238,6,1.0252100840336134,30.7563025210084,121.0,117.0,107.66666666666669,0.0,92.0,365.0,244.0,0.0,0
10008,43,"Zinc Sulphate 20mg, Dispersible, Tab",2022-04-01,6,351,35,322,0.1714285714285714,5.142857142857143,238.0,-203.0,137.0,0.0,92.0,244.0,6.0,0.0,0
10008,43,"Zinc Sulphate 20mg, Dispersible, Tab",2022-05-01,322,0,249,73,1.2931726907630523,38.79518072289157,35.0,214.0,131.33333333333334,351.0,117.0,6.0,322.0,0.0,0
10008,43,"Zinc Sulphate 20mg, Dispersible, Tab",2022-06-01,73,760,174,659,0.4195402298850574,12.586206896551724,249.0,-75.0,174.0,0.0,117.0,322.0,73.0,0.0,0
10008,43,"Zinc Sulphate 20mg, Dispersible, Tab",2022-07-01,659,0,237,422,2.780590717299578,83.41772151898735,174.0,63.0,152.66666666666666,760.0,370.3333333333333,73.0,659.0,0.0,0
10008,43,"Zinc Sulphate 20mg, Dispersible, Tab",2022-08-01,422,0,104,318,4.057692307692308,121.73076923076924,237.0,-133.0,220.0,0.0,253.33333333333331,659.0,422.0,0.0,0
10008,43,"Zinc Sulphate 20mg, Dispersible, Tab",2022-09-01,318,0,295,23,1.0779661016949154,32.33898305084746,104.0,191.0,171.66666666666666,0.0,253.33333333333331,422.0,318.0,0.0,0
10008,43,"Zinc Sulphate 20mg, Dispersible, Tab",2022-10-01,23,713,190,546,0.1210526315789473,3.631578947368421,295.0,-105.0,212.0,0.0,0.0,318.0,23.0,0.0,0
10008,43,"Zinc Sulphate 20mg, Dispersible, Tab",2022-11-01,546,0,155,391,3.52258064516129,105.6774193548387,190.0,-35.0,196.33333333333331,713.0,237.66666666666663,23.0,546.0,0.0,0
10008,43,"Zinc Sulphate 20mg, Dispersible, Tab",2022-12-01,391,0,267,124,1.4644194756554307,43.932584269662925,155.0,112.0,213.33333333333331,0.0,237.66666666666663,546.0,391.0,0.0,1
10008,43,"Zinc Sulphate 20mg, Dispersible, Tab",2023-01-01,124,0,124,0,1.0,30.0,267.0,-143.0,204.0,0.0,237.66666666666663,391.0,124.0,0.0,0
10008,43,"Zinc Sulphate 20mg, Dispersible, Tab",2023-02-01,0,352,145,207,0.0,0.0,124.0,21.0,182.0,0.0,0.0,124.0,0.0,1.0,0
10008,43,"Zinc Sulphate 20mg, Dispersible, Tab",2023-03-01,207,0,116,91,1.7844827586206895,53.53448275862069,145.0,-29.0,178.66666666666666,352.0,117.33333333333331,0.0,207.0,0.0,0
10008,43,"Zinc Sulphate 20mg, Dispersible, Tab",2023-04-01,91,258,163,186,0.558282208588957,16.74846625766871,116.0,47.0,128.33333333333334,0.0,117.33333333333331,207.0,91.0,0.0,0
10008,43,"Zinc Sulphate 20mg, Dispersible, Tab",2023-05-01,186,0,152,34,1.2236842105263157,36.71052631578947,163.0,-11.0,141.33333333333334,258.0,203.33333333333331,91.0,186.0,0.0,0
10008,43,"Zinc Sulphate 20mg, Dispersible, Tab",2023-06-01,34,374,161,247,0.2111801242236025,6.3354037267080745,152.0,9.0,143.66666666666666,0.0,86.0,186.0,34.0,0.0,0
10008,43,"Zinc Sulphate 20mg, Dispersible, Tab",2023-07-01,247,0,148,99,1.6689189189189189,50.067567567567565,161.0,-13.0,158.66666666666666,374.0,210.66666666666663,34.0,247.0,0.0,0
10008,43,"Zinc Sulphate 20mg, Dispersible, Tab",2023-08-01,99,290,147,242,0.673469387755102,20.20408163265306,148.0,-1.0,153.66666666666666,0.0,124.66666666666669,247.0,99.0,0.0,0
10008,43,"Zinc Sulphate 20mg, Dispersible, Tab",2023-09-01,242,0,130,112,1.8615384615384616,55.84615384615385,147.0,-17.0,152.0,290.0,221.33333333333331,99.0,242.0,0.0,0
10008,43,"Zinc Sulphate 20mg, Dispersible, Tab",2023-10-01,112,596,223,485,0.5022421524663677,15.067264573991032,130.0,93.0,141.66666666666666,0.0,96.66666666666669,242.0,112.0,0.0,0
10008,46,"Paracetamol (Acetaminophen) 250mg, Dispersible, Tab",2019-10-01,1001,0,485,516,2.063917525773196,61.91752577319589,,,,,,,,,0
10008,46,"Paracetamol (Acetaminophen) 250mg, Dispersible, Tab",2019-11-01,516,1644,636,1524,0.8113207547169812,24.33962264150944,485.0,151.0,485.0,0.0,0.0,1001.0,516.0,0.0,0
10008,46,"Paracetamol (Acetaminophen) 250mg, Dispersible, Tab",2020-01-01,1524,0,879,645,1.733788395904437,52.01365187713311,636.0,243.0,560.5,1644.0,822.0,516.0,1524.0,0.0,0
10008,46,"Paracetamol (Acetaminophen) 250mg, Dispersible, Tab",2020-03-01,645,1140,805,980,0.8012422360248447,24.03726708074534,879.0,-74.0,666.6666666666666,0.0,548.0,1524.0,645.0,0.0,0
10008,46,"Paracetamol (Acetaminophen) 250mg, Dispersible, Tab",2020-04-01,980,0,414,566,2.367149758454106,71.01449275362319,805.0,-391.0,773.3333333333334,1140.0,928.0,645.0,980.0,0.0,0
10008,46,"Paracetamol (Acetaminophen) 250mg, Dispersible, Tab",2020-05-01,566,1137,497,1206,1.1388329979879277,34.16498993963783,414.0,83.0,699.3333333333334,0.0,380.0,980.0,566.0,0.0,0
10008,46,"Paracetamol (Acetaminophen) 250mg, Dispersible, Tab",2020-06-01,1206,0,773,433,1.5601552393272962,46.80465717981888,497.0,276.0,572.0,1137.0,759.0,566.0,1206.0,0.0,0
10008,46,"Paracetamol (Acetaminophen) 250mg, Dispersible, Tab",2020-07-01,433,3043,643,2833,0.6734059097978227,20.20217729393468,773.0,-130.0,561.3333333333334,0.0,379.0,1206.0,433.0,0.0,0
10008,46,"Paracetamol (Acetaminophen) 250mg, Dispersible, Tab",2020-08-01,2833,0,563,2270,5.031971580817052,150.95914742451154,643.0,-80.0,637.6666666666666,3043.0,1393.3333333333333,433.0,2833.0,0.0,0
10008,46,"Paracetamol (Acetaminophen) 250mg, Dispersible, Tab",2020-09-01,2270,0,895,1375,2.536312849162011,76.08938547486034,563.0,332.0,659.6666666666666,0.0,1014.3333333333334,2833.0,2270.0,0.0,0
10008,46,"Paracetamol (Acetaminophen) 250mg, Dispersible, Tab",2020-10-01,1375,0,578,797,2.378892733564014,71.36678200692042,895.0,-317.0,700.3333333333334,0.0,1014.3333333333334,2270.0,1375.0,0.0,0
10008,46,"Paracetamol (Acetaminophen) 250mg, Dispersible, Tab",2020-11-01,797,0,169,628,4.715976331360947,141.4792899408284,578.0,-409.0,678.6666666666666,0.0,0.0,1375.0,797.0,0.0,0
10008,46,"Paracetamol (Acetaminophen) 250mg, Dispersible, Tab",2021-01-01,628,1740,690,1678,0.910144927536232,27.30434782608696,169.0,521.0,547.3333333333334,0.0,0.0,797.0,628.0,0.0,0
10008,46,"Paracetamol (Acetaminophen) 250mg, Dispersible, Tab",2021-03-01,1678,0,580,1098,2.893103448275862,86.79310344827587,690.0,-110.0,479.0,1740.0,580.0,628.0,1678.0,0.0,0
10008,46,"Paracetamol (Acetaminophen) 250mg, Dispersible, Tab",2021-05-01,1098,0,1078,20,1.018552875695733,30.55658627087199,580.0,498.0,479.6666666666667,0.0,580.0,1678.0,1098.0,0.0,0
10008,46,"Paracetamol (Acetaminophen) 250mg, Dispersible, Tab",2021-06-01,20,3139,733,2426,0.0272851296043656,0.8185538881309686,1078.0,-345.0,782.6666666666666,0.0,580.0,1098.0,20.0,0.0,0
10008,46,"Paracetamol (Acetaminophen) 250mg, Dispersible, Tab",2021-07-01,2426,0,1107,1319,2.191508581752484,65.74525745257452,733.0,374.0,797.0,3139.0,1046.3333333333333,20.0,2426.0,0.0,0
10008,46,"Paracetamol (Acetaminophen) 250mg, Dispersible, Tab",2021-08-01,1319,0,838,481,1.5739856801909309,47.21957040572793,1107.0,-269.0,972.6666666666666,0.0,1046.3333333333333,2426.0,1319.0,0.0,0
10008,46,"Paracetamol (Acetaminophen) 250mg, Dispersible, Tab",2021-09-01,481,1689,633,1537,0.7598736176935229,22.79620853080569,838.0,-205.0,892.6666666666666,0.0,1046.3333333333333,1319.0,481.0,0.0,0
10008,46,"Paracetamol (Acetaminophen) 250mg, Dispersible, Tab",2021-10-01,1537,0,868,669,1.7707373271889402,53.122119815668206,633.0,235.0,859.3333333333334,1689.0,563.0,481.0,1537.0,0.0,0
10008,46,"Paracetamol (Acetaminophen) 250mg, Dispersible, Tab",2021-11-01,669,2898,730,2837,0.9164383561643836,27.493150684931507,868.0,-138.0,779.6666666666666,0.0,563.0,1537.0,669.0,0.0,0
10008,46,"Paracetamol (Acetaminophen) 250mg, Dispersible, Tab",2021-12-01,2837,0,1046,1791,2.7122370936902485,81.36711281070745,730.0,316.0,743.6666666666666,2898.0,1529.0,669.0,2837.0,0.0,0
10008,46,"Paracetamol (Acetaminophen) 250mg, Dispersible, Tab",2022-01-01,1791,0,1068,723,1.6769662921348314,50.30898876404494,1046.0,22.0,881.3333333333334,0.0,966.0,2837.0,1791.0,0.0,0
10008,46,"Paracetamol (Acetaminophen) 250mg, Dispersible, Tab",2022-03-01,723,2600,536,2787,1.3488805970149254,40.46641791044776,1068.0,-532.0,948.0,0.0,966.0,1791.0,723.0,0.0,0
10008,46,"Paracetamol (Acetaminophen) 250mg, Dispersible, Tab",2022-06-01,2787,0,427,2360,6.526932084309133,195.807962529274,536.0,-109.0,883.3333333333334,2600.0,866.6666666666666,723.0,2787.0,0.0,0
10008,46,"Paracetamol (Acetaminophen) 250mg, Dispersible, Tab",2022-07-01,2360,0,627,1733,3.7639553429027113,112.91866028708134,427.0,200.0,677.0,0.0,866.6666666666666,2787.0,2360.0,0.0,0
10008,46,"Paracetamol (Acetaminophen) 250mg, Dispersible, Tab",2022-09-01,1733,0,942,791,1.8397027600849256,55.19108280254777,627.0,315.0,530.0,0.0,866.6666666666666,2360.0,1733.0,0.0,1
10008,46,"Paracetamol (Acetaminophen) 250mg, Dispersible, Tab",2022-10-01,791,0,791,0,1.0,30.0,942.0,-151.0,665.3333333333334,0.0,0.0,1733.0,791.0,0.0,0
10008,46,"Paracetamol (Acetaminophen) 250mg, Dispersible, Tab",2022-11-01,0,2726,802,1924,0.0,0.0,791.0,11.0,786.6666666666666,0.0,0.0,791.0,0.0,1.0,0
10008,46,"Paracetamol (Acetaminophen) 250mg, Dispersible, Tab",2022-12-01,1924,0,1128,796,1.7056737588652482,51.17021276595744,802.0,326.0,845.0,2726.0,908.6666666666666,0.0,1924.0,0.0,1
10008,46,"Paracetamol (Acetaminophen) 250mg, Dispersible, Tab",2023-01-01,796,0,796,0,1.0,30.0,1128.0,-332.0,907.0,0.0,908.6666666666666,1924.0,796.0,0.0,1
10008,46,"Paracetamol (Acetaminophen) 250mg, Dispersible, Tab",2023-02-01,0,0,0,0,,,796.0,-796.0,908.6666666666666,0.0,908.6666666666666,796.0,0.0,1.0,0
10008,46,"Paracetamol (Acetaminophen) 250mg, Dispersible, Tab",2023-03-01,0,2115,831,1284,0.0,0.0,0.0,831.0,641.3333333333334,0.0,0.0,0.0,0.0,1.0,0
10008,46,"Paracetamol (Acetaminophen) 250mg, Dispersible, Tab",2023-04-01,1284,0,537,747,2.3910614525139664,71.73184357541899,831.0,-294.0,542.3333333333334,2115.0,705.0,0.0,1284.0,0.0,0
10008,46,"Paracetamol (Acetaminophen) 250mg, Dispersible, Tab",2023-05-01,747,3079,450,3376,1.66,49.8,537.0,-87.0,456.0,0.0,705.0,1284.0,747.0,0.0,0
10008,46,"Paracetamol (Acetaminophen) 250mg, Dispersible, Tab",2023-06-01,3376,0,145,3231,23.282758620689656,698.4827586206897,450.0,-305.0,606.0,3079.0,1731.3333333333333,747.0,3376.0,0.0,0
10008,46,"Paracetamol (Acetaminophen) 250mg, Dispersible, Tab",2023-07-01,3231,0,677,2554,4.772525849335302,143.1757754800591,145.0,532.0,377.3333333333333,0.0,1026.3333333333333,3376.0,3231.0,0.0,0
10008,46,"Paracetamol (Acetaminophen) 250mg, Dispersible, Tab",2023-08-01,2554,0,524,2030,4.874045801526718,146.22137404580153,677.0,-153.0,424.0,0.0,1026.3333333333333,3231.0,2554.0,0.0,0
10008,46,"Paracetamol (Acetaminophen) 250mg, Dispersible, Tab",2023-09-01,2030,0,334,1696,6.077844311377246,182.33532934131736,524.0,-190.0,448.6666666666667,0.0,0.0,2554.0,2030.0,0.0,0
10008,46,"Paracetamol (Acetaminophen) 250mg, Dispersible, Tab",2023-10-01,1696,0,312,1384,5.435897435897436,163.0769230769231,334.0,-22.0,511.6666666666667,0.0,0.0,2030.0,1696.0,0.0,0
10008,47,"Chlorhexidine Gluconate 7.1%, Gel",2019-10-01,5,12,5,12,1.0,30.0,,,,,,,,,0
10008,47,"Chlorhexidine Gluconate 7.1%, Gel",2019-11-01,12,0,4,8,3.0,90.0,5.0,-1.0,5.0,12.0,12.0,5.0,12.0,0.0,0
10008,47,"Chlorhexidine Gluconate 7.1%, Gel",2019-12-01,8,0,5,3,1.6,48.0,4.0,1.0,4.5,0.0,6.0,12.0,8.0,0.0,0
10008,47,"Chlorhexidine Gluconate 7.1%, Gel",2020-01-01,3,17,5,15,0.6,18.0,5.0,0.0,4.666666666666667,0.0,4.0,8.0,3.0,0.0,0
10008,47,"Chlorhexidine Gluconate 7.1%, Gel",2020-03-01,15,0,1,14,15.0,450.0,5.0,-4.0,4.666666666666667,17.0,5.666666666666667,3.0,15.0,0.0,0
10008,47,"Chlorhexidine Gluconate 7.1%, Gel",2020-04-01,14,0,5,9,2.8,84.0,1.0,4.0,3.6666666666666665,0.0,5.666666666666667,15.0,14.0,0.0,0
10008,47,"Chlorhexidine Gluconate 7.1%, Gel",2020-05-01,9,0,2,7,4.5,135.0,5.0,-3.0,3.6666666666666665,0.0,5.666666666666667,14.0,9.0,0.0,0
10008,47,"Chlorhexidine Gluconate 7.1%, Gel",2020-06-01,7,0,6,1,1.1666666666666667,35.0,2.0,4.0,2.6666666666666665,0.0,0.0,9.0,7.0,0.0,1
10008,47,"Chlorhexidine Gluconate 7.1%, Gel",2020-07-01,1,0,1,0,1.0,30.0,6.0,-5.0,4.333333333333333,0.0,0.0,7.0,1.0,0.0,0
10008,47,"Chlorhexidine Gluconate 7.1%, Gel",2020-08-01,0,15,2,13,0.0,0.0,1.0,1.0,3.0,0.0,0.0,1.0,0.0,1.0,0
10008,47,"Chlorhexidine Gluconate 7.1%, Gel",2020-09-01,13,0,5,8,2.6,78.0,2.0,3.0,3.0,15.0,5.0,0.0,13.0,0.0,0
10008,47,"Chlorhexidine Gluconate 7.1%, Gel",2020-10-01,8,0,5,3,1.6,48.0,5.0,0.0,2.6666666666666665,0.0,5.0,13.0,8.0,0.0,0
10008,47,"Chlorhexidine Gluconate 7.1%, Gel",2020-11-01,3,0,2,1,1.5,45.0,5.0,-3.0,4.0,0.0,5.0,8.0,3.0,0.0,0
10008,47,"Chlorhexidine Gluconate 7.1%, Gel",2020-12-01,1,8,2,7,0.5,15.0,2.0,0.0,4.0,0.0,0.0,3.0,1.0,0.0,0
10008,47,"Chlorhexidine Gluconate 7.1%, Gel",2021-01-01,7,0,1,6,7.0,210.0,2.0,-1.0,3.0,8.0,2.6666666666666665,1.0,7.0,0.0,0
10008,47,"Chlorhexidine Gluconate 7.1%, Gel",2021-02-01,6,0,3,3,2.0,60.0,1.0,2.0,1.6666666666666667,0.0,2.6666666666666665,7.0,6.0,0.0,0
10008,47,"Chlorhexidine Gluconate 7.1%, Gel",2021-03-01,3,20,6,17,0.5,15.0,3.0,3.0,2.0,0.0,2.6666666666666665,6.0,3.0,0.0,0
10008,47,"Chlorhexidine Gluconate 7.1%, Gel",2021-04-01,17,0,4,13,4.25,127.5,6.0,-2.0,3.333333333333333,20.0,6.666666666666667,3.0,17.0,0.0,0
10008,47,"Chlorhexidine Gluconate 7.1%, Gel",2021-05-01,13,0,5,8,2.6,78.0,4.0,1.0,4.333333333333333,0.0,6.666666666666667,17.0,13.0,0.0,0
10008,47,"Chlorhexidine Gluconate 7.1%, Gel",2021-06-01,8,0,4,4,2.0,60.0,5.0,-1.0,5.0,0.0,6.666666666666667,13.0,8.0,0.0,0
10008,47,"Chlorhexidine Gluconate 7.1%, Gel",2021-07-01,4,16,3,17,1.3333333333333333,40.0,4.0,-1.0,4.333333333333333,0.0,0.0,8.0,4.0,0.0,0
10008,47,"Chlorhexidine Gluconate 7.1%, Gel",2021-08-01,17,0,4,13,4.25,127.5,3.0,1.0,4.0,16.0,5.333333333333333,4.0,17.0,0.0,0
10008,47,"Chlorhexidine Gluconate 7.1%, Gel",2021-09-01,13,0,0,13,,,4.0,-4.0,3.6666666666666665,0.0,5.333333333333333,17.0,13.0,0.0,0
10008,47,"Chlorhexidine Gluconate 7.1%, Gel",2021-10-01,13,0,7,6,1.8571428571428568,55.71428571428572,0.0,7.0,2.333333333333333,0.0,5.333333333333333,13.0,13.0,0.0,0
10008,47,"Chlorhexidine Gluconate 7.1%, Gel",2021-11-01,6,0,4,2,1.5,45.0,7.0,-3.0,3.6666666666666665,0.0,0.0,13.0,6.0,0.0,0
10008,47,"Chlorhexidine Gluconate 7.1%, Gel",2021-12-01,2,8,5,5,0.4,12.0,4.0,1.0,3.6666666666666665,0.0,0.0,6.0,2.0,0.0,0
10008,47,"Chlorhexidine Gluconate 7.1%, Gel",2022-01-01,5,12,4,13,1.25,37.5,5.0,-1.0,5.333333333333333,8.0,2.6666666666666665,2.0,5.0,0.0,0
10008,47,"Chlorhexidine Gluconate 7.1%, Gel",2022-02-01,13,0,3,10,4.333333333333333,130.0,4.0,-1.0,4.333333333333333,12.0,6.666666666666667,5.0,13.0,0.0,0
10008,47,"Chlorhexidine Gluconate 7.1%, Gel",2022-03-01,10,0,3,7,3.333333333333333,100.0,3.0,0.0,4.0,0.0,6.666666666666667,13.0,10.0,0.0,0
10008,47,"Chlorhexidine Gluconate 7.1%, Gel",2022-05-01,7,0,5,2,1.4,42.0,3.0,2.0,3.333333333333333,0.0,4.0,10.0,7.0,0.0,1
10008,47,"Chlorhexidine Gluconate 7.1%, Gel",2022-06-01,2,0,2,0,1.0,30.0,5.0,-3.0,3.6666666666666665,0.0,0.0,7.0,2.0,0.0,1
10008,47,"Chlorhexidine Gluconate 7.1%, Gel",2022-07-01,0,0,0,0,,,2.0,-2.0,3.333333333333333,0.0,0.0,2.0,0.0,1.0,0
10008,47,"Chlorhexidine Gluconate 7.1%, Gel",2022-08-01,0,20,7,13,0.0,0.0,0.0,7.0,2.333333333333333,0.0,0.0,0.0,0.0,1.0,0
10008,47,"Chlorhexidine Gluconate 7.1%, Gel",2022-09-01,13,0,2,11,6.5,195.0,7.0,-5.0,3.0,20.0,6.666666666666667,0.0,13.0,0.0,0
10008,47,"Chlorhexidine Gluconate 7.1%, Gel",2022-10-01,11,0,4,7,2.75,82.5,2.0,2.0,3.0,0.0,6.666666666666667,13.0,11.0,0.0,0
10008,47,"Chlorhexidine Gluconate 7.1%, Gel",2022-11-01,7,0,2,5,3.5,105.0,4.0,-2.0,4.333333333333333,0.0,6.666666666666667,11.0,7.0,0.0,0
10008,47,"Chlorhexidine Gluconate 7.1%, Gel",2022-12-01,5,0,3,2,1.6666666666666667,50.0,2.0,1.0,2.6666666666666665,0.0,0.0,7.0,5.0,0.0,0
10008,47,"Chlorhexidine Gluconate 7.1%, Gel",2023-01-01,2,19,2,19,1.0,30.0,3.0,-1.0,3.0,0.0,0.0,5.0,2.0,0.0,0
10008,47,"Chlorhexidine Gluconate 7.1%, Gel",2023-02-01,19,0,2,17,9.5,285.0,2.0,0.0,2.333333333333333,19.0,6.333333333333333,2.0,19.0,0.0,0
10008,47,"Chlorhexidine Gluconate 7.1%, Gel",2023-03-01,17,0,2,15,8.5,255.0,2.0,0.0,2.333333333333333,0.0,6.333333333333333,19.0,17.0,0.0,0
10008,47,"Chlorhexidine Gluconate 7.1%, Gel",2023-04-01,15,0,9,6,1.6666666666666667,50.0,2.0,7.0,2.0,0.0,6.333333333333333,17.0,15.0,0.0,0
10008,47,"Chlorhexidine Gluconate 7.1%, Gel",2023-05-01,6,0,4,2,1.5,45.0,9.0,-5.0,4.333333333333333,0.0,0.0,15.0,6.0,0.0,0
10008,47,"Chlorhexidine Gluconate 7.1%, Gel",2023-06-01,2,12,1,13,2.0,60.0,4.0,-3.0,5.0,0.0,0.0,6.0,2.0,0.0,0
10008,47,"Chlorhexidine Gluconate 7.1%, Gel",2023-07-01,13,0,6,7,2.1666666666666665,65.0,1.0,5.0,4.666666666666667,12.0,4.0,2.0,13.0,0.0,0
10008,47,"Chlorhexidine Gluconate 7.1%, Gel",2023-08-01,7,0,5,2,1.4,42.0,6.0,-1.0,3.6666666666666665,0.0,4.0,13.0,7.0,0.0,0
10008,47,"Chlorhexidine Gluconate 7.1%, Gel",2023-09-01,2,10,3,9,0.6666666666666666,20.0,5.0,-2.0,4.0,0.0,4.0,7.0,2.0,0.0,0
10008,47,"Chlorhexidine Gluconate 7.1%, Gel",2023-10-01,9,0,3,6,3.0,90.0,3.0,0.0,4.666666666666667,10.0,3.333333333333333,2.0,9.0,0.0,0
10008,50,"Paracetamol (Acetaminophen) 500mg, Tab",2019-10-01,1474,0,1474,0,1.0,30.0,,,,,,,,,1
10008,50,"Paracetamol (Acetaminophen) 500mg, Tab",2019-11-01,0,0,0,0,,,1474.0,-1474.0,1474.0,0.0,0.0,1474.0,0.0,1.0,0
10008,50,"Paracetamol (Acetaminophen) 500mg, Tab",2020-01-01,0,10157,4450,5707,0.0,0.0,0.0,4450.0,737.0,0.0,0.0,0.0,0.0,1.0,0
10008,50,"Paracetamol (Acetaminophen) 500mg, Tab",2020-04-01,5707,0,2148,3559,2.6568901303538177,79.70670391061454,4450.0,-2302.0,1974.6666666666667,10157.0,3385.6666666666665,0.0,5707.0,0.0,0
10008,50,"Paracetamol (Acetaminophen) 500mg, Tab",2020-05-01,3559,0,1066,2493,3.3386491557223263,100.15947467166978,2148.0,-1082.0,2199.333333333333,0.0,3385.6666666666665,5707.0,3559.0,0.0,0
10008,50,"Paracetamol (Acetaminophen) 500mg, Tab",2020-06-01,2493,11620,3350,10763,0.7441791044776119,22.32537313432836,1066.0,2284.0,2554.6666666666665,0.0,3385.6666666666665,3559.0,2493.0,0.0,0
10008,50,"Paracetamol (Acetaminophen) 500mg, Tab",2020-07-01,10763,0,3065,7698,3.5115823817292005,105.34747145187602,3350.0,-285.0,2188.0,11620.0,3873.3333333333335,2493.0,10763.0,0.0,0
10008,50,"Paracetamol (Acetaminophen) 500mg, Tab",2020-11-01,7698,0,2310,5388,3.3324675324675326,99.97402597402598,3065.0,-755.0,2493.6666666666665,0.0,3873.3333333333335,10763.0,7698.0,0.0,0
10008,50,"Paracetamol (Acetaminophen) 500mg, Tab",2021-01-01,5388,0,3019,2369,1.7846969195097715,53.54090758529315,2310.0,709.0,2908.333333333333,0.0,3873.3333333333335,7698.0,5388.0,0.0,0
10008,50,"Paracetamol (Acetaminophen) 500mg, Tab",2021-04-01,2369,4139,3272,3236,0.7240220048899756,21.720660146699267,3019.0,253.0,2798.0,0.0,0.0,5388.0,2369.0,0.0,0
10008,50,"Paracetamol (Acetaminophen) 500mg, Tab",2021-05-01,3236,0,3187,49,1.0153749607781613,30.46124882334484,3272.0,-85.0,2867.0,4139.0,1379.6666666666667,2369.0,3236.0,0.0,1
10008,50,"Paracetamol (Acetaminophen) 500mg, Tab",2021-06-01,49,0,49,0,1.0,30.0,3187.0,-3138.0,3159.333333333333,0.0,1379.6666666666667,3236.0,49.0,0.0,0
10008,50,"Paracetamol (Acetaminophen) 500mg, Tab",2021-08-01,0,6296,2305,3991,0.0,0.0,49.0,2256.0,2169.333333333333,0.0,1379.6666666666667,49.0,0.0,1.0,0
10008,50,"Paracetamol (Acetaminophen) 500mg, Tab",2021-09-01,3991,0,2776,1215,1.4376801152737753,43.13040345821326,2305.0,471.0,1847.0,6296.0,2098.6666666666665,0.0,3991.0,0.0,1
10008,50,"Paracetamol (Acetaminophen) 500mg, Tab",2022-01-01,1215,0,1215,0,1.0,30.0,2776.0,-1561.0,1710.0,0.0,2098.6666666666665,3991.0,1215.0,0.0,0
10008,50,"Paracetamol (Acetaminophen) 500mg, Tab",2022-02-01,0,4263,3509,754,0.0,0.0,1215.0,2294.0,2098.6666666666665,0.0,2098.6666666666665,1215.0,0.0,1.0,1
10008,50,"Paracetamol (Acetaminophen) 500mg, Tab",2022-03-01,754,0,754,0,1.0,30.0,3509.0,-2755.0,2500.0,4263.0,1421.0,0.0,754.0,0.0,1
10008,50,"Paracetamol (Acetaminophen) 500mg, Tab",2022-04-01,0,0,0,0,,,754.0,-754.0,1826.0,0.0,1421.0,754.0,0.0,1.0,1
10008,50,"Paracetamol (Acetaminophen) 500mg, Tab",2022-05-01,0,0,0,0,,,0.0,0.0,1421.0,0.0,1421.0,0.0,0.0,1.0,0
10008,50,"Paracetamol (Acetaminophen) 500mg, Tab",2022-07-01,0,5423,1813,3610,0.0,0.0,0.0,1813.0,251.33333333333331,0.0,0.0,0.0,0.0,1.0,0
10008,50,"Paracetamol (Acetaminophen) 500mg, Tab",2022-08-01,3610,0,1890,1720,1.91005291005291,57.3015873015873,1813.0,77.0,604.3333333333334,5423.0,1807.6666666666667,0.0,3610.0,0.0,1
10008,50,"Paracetamol (Acetaminophen) 500mg, Tab",2022-10-01,1720,0,1720,0,1.0,30.0,1890.0,-170.0,1234.3333333333333,0.0,1807.6666666666667,3610.0,1720.0,0.0,0
10008,50,"Paracetamol (Acetaminophen) 500mg, Tab",2023-01-01,0,4512,2641,1871,0.0,0.0,1720.0,921.0,1807.6666666666667,0.0,1807.6666666666667,1720.0,0.0,1.0,1
10008,50,"Paracetamol (Acetaminophen) 500mg, Tab",2023-06-01,1871,0,1871,0,1.0,30.0,2641.0,-770.0,2083.6666666666665,4512.0,1504.0,0.0,1871.0,0.0,1
10008,50,"Paracetamol (Acetaminophen) 500mg, Tab",2023-09-01,0,0,0,0,,,1871.0,-1871.0,2077.333333333333,0.0,1504.0,1871.0,0.0,1.0,1
10008,50,"Paracetamol (Acetaminophen) 500mg, Tab",2023-10-01,0,0,0,0,,,0.0,0.0,1504.0,0.0,1504.0,0.0,0.0,1.0,1
10009,19,"Ferrous Sulphate 200mg, Tab",2019-10-01,613,1043,521,1135,1.1765834932821495,35.297504798464495,,,,,,,,,0
10009,19,"Ferrous Sulphate 200mg, Tab",2019-11-01,1135,0,649,486,1.74884437596302,52.4653312788906,521.0,128.0,521.0,1043.0,1043.0,613.0,1135.0,0.0,0
10009,19,"Ferrous Sulphate 200mg, Tab",2019-12-01,486,1471,439,1518,1.1070615034168565,33.21184510250569,649.0,-210.0,585.0,0.0,521.5,1135.0,486.0,0.0,0
10009,19,"Ferrous Sulphate 200mg, Tab",2020-01-01,1518,0,497,1021,3.0543259557344062,91.6297786720322,439.0,58.0,536.3333333333334,1471.0,838.0,486.0,1518.0,0.0,0
10009,19,"Ferrous Sulphate 200mg, Tab",2020-02-01,1021,0,839,182,1.2169249106078666,36.507747318236,497.0,342.0,528.3333333333334,0.0,490.3333333333333,1518.0,1021.0,0.0,0
10009,19,"Ferrous Sulphate 200mg, Tab",2020-03-01,182,2063,527,1718,0.3453510436432637,10.360531309297912,839.0,-312.0,591.6666666666666,0.0,490.3333333333333,1021.0,182.0,0.0,0
10009,19,"Ferrous Sulphate 200mg, Tab",2020-04-01,1718,0,524,1194,3.278625954198473,98.3587786259542,527.0,-3.0,621.0,2063.0,687.6666666666666,182.0,1718.0,0.0,0
10009,19,"Ferrous Sulphate 200mg, Tab",2020-05-01,1194,0,517,677,2.3094777562862667,69.284332688588,524.0,-7.0,630.0,0.0,687.6666666666666,1718.0,1194.0,0.0,1
10009,19,"Ferrous Sulphate 200mg, Tab",2020-06-01,677,0,677,0,1.0,30.0,517.0,160.0,522.6666666666666,0.0,687.6666666666666,1194.0,677.0,0.0,1
10009,19,"Ferrous Sulphate 200mg, Tab",2020-07-01,0,0,0,0,,,677.0,-677.0,572.6666666666666,0.0,0.0,677.0,0.0,1.0,0
10009,19,"Ferrous Sulphate 200mg, Tab",2020-08-01,0,2214,594,1620,0.0,0.0,0.0,594.0,398.0,0.0,0.0,0.0,0.0,1.0,0
10009,19,"Ferrous Sulphate 200mg, Tab",2020-09-01,1620,0,593,1027,2.7318718381112985,81.95615514333896,594.0,-1.0,423.6666666666667,2214.0,738.0,0.0,1620.0,0.0,0
10009,19,"Ferrous Sulphate 200mg, Tab",2020-10-01,1027,0,420,607,2.4452380952380954,73.35714285714286,593.0,-173.0,395.6666666666667,0.0,738.0,1620.0,1027.0,0.0,0
10009,19,"Ferrous Sulphate 200mg, Tab",2020-11-01,607,0,542,65,1.1199261992619929,33.59778597785978,420.0,122.0,535.6666666666666,0.0,738.0,1027.0,607.0,0.0,0
10009,19,"Ferrous Sulphate 200mg, Tab",2020-12-01,65,2081,877,1269,0.0741163055872291,2.223489167616876,542.0,335.0,518.3333333333334,0.0,0.0,607.0,65.0,0.0,0
10009,19,"Ferrous Sulphate 200mg, Tab",2021-01-01,1269,0,674,595,1.8827893175074184,56.48367952522256,877.0,-203.0,613.0,2081.0,693.6666666666666,65.0,1269.0,0.0,1
10009,19,"Ferrous Sulphate 200mg, Tab",2021-02-01,595,0,595,0,1.0,30.0,674.0,-79.0,697.6666666666666,0.0,693.6666666666666,1269.0,595.0,0.0,0
10009,19,"Ferrous Sulphate 200mg, Tab",2021-03-01,0,990,577,413,0.0,0.0,595.0,-18.0,715.3333333333334,0.0,693.6666666666666,595.0,0.0,1.0,0
10009,19,"Ferrous Sulphate 200mg, Tab",2021-04-01,413,1767,416,1764,0.9927884615384616,29.783653846153847,577.0,-161.0,615.3333333333334,990.0,330.0,0.0,413.0,0.0,0
10009,19,"Ferrous Sulphate 200mg, Tab",2021-05-01,1764,0,974,790,1.811088295687885,54.33264887063656,416.0,558.0,529.3333333333334,1767.0,919.0,413.0,1764.0,0.0,0
10009,19,"Ferrous Sulphate 200mg, Tab",2021-06-01,790,0,474,316,1.6666666666666667,50.0,974.0,-500.0,655.6666666666666,0.0,919.0,1764.0,790.0,0.0,0
10009,19,"Ferrous Sulphate 200mg, Tab",2021-07-01,316,2165,515,1966,0.6135922330097088,18.407766990291265,474.0,41.0,621.3333333333334,0.0,589.0,790.0,316.0,0.0,0
10009,19,"Ferrous Sulphate 200mg, Tab",2021-08-01,1966,0,349,1617,5.63323782234957,168.9971346704871,515.0,-166.0,654.3333333333334,2165.0,721.6666666666666,316.0,1966.0,0.0,0
10009,19,"Ferrous Sulphate 200mg, Tab",2021-09-01,1617,0,516,1101,3.133720930232558,94.01162790697674,349.0,167.0,446.0,0.0,721.6666666666666,1966.0,1617.0,0.0,0
10009,19,"Ferrous Sulphate 200mg, Tab",2021-10-01,1101,0,495,606,2.224242424242424,66.72727272727272,516.0,-21.0,460.0,0.0,721.6666666666666,1617.0,1101.0,0.0,0
10009,19,"Ferrous Sulphate 200mg, Tab",2021-11-01,606,1601,574,1633,1.0557491289198606,31.67247386759582,495.0,79.0,453.3333333333333,0.0,0.0,1101.0,606.0,0.0,0
10009,19,"Ferrous Sulphate 200mg, Tab",2021-12-01,1633,0,336,1297,4.860119047619048,145.80357142857142,574.0,-238.0,528.3333333333334,1601.0,533.6666666666666,606.0,1633.0,0.0,0
10009,19,"Ferrous Sulphate 200mg, Tab",2022-01-01,1297,0,673,624,1.9271916790490344,57.81575037147103,336.0,337.0,468.3333333333333,0.0,533.6666666666666,1633.0,1297.0,0.0,0
10009,19,"Ferrous Sulphate 200mg, Tab",2022-02-01,624,2735,514,2845,1.2140077821011672,36.42023346303502,673.0,-159.0,527.6666666666666,0.0,533.6666666666666,1297.0,624.0,0.0,0
10009,19,"Ferrous Sulphate 200mg, Tab",2022-03-01,2845,0,510,2335,5.578431372549019,167.35294117647058,514.0,-4.0,507.6666666666667,2735.0,911.6666666666666,624.0,2845.0,0.0,0
10009,19,"Ferrous Sulphate 200mg, Tab",2022-04-01,2335,0,591,1744,3.9509306260575294,118.52791878172587,510.0,81.0,565.6666666666666,0.0,911.6666666666666,2845.0,2335.0,0.0,0
10009,19,"Ferrous Sulphate 200mg, Tab",2022-05-01,1744,0,862,882,2.023201856148492,60.69605568445476,591.0,271.0,538.3333333333334,0.0,911.6666666666666,2335.0,1744.0,0.0,0
10009,19,"Ferrous Sulphate 200mg, Tab",2022-06-01,882,0,823,59,1.071688942891859,32.15066828675577,862.0,-39.0,654.3333333333334,0.0,0.0,1744.0,882.0,0.0,0
10009,19,"Ferrous Sulphate 200mg, Tab",2022-07-01,59,960,459,560,0.1285403050108932,3.8562091503267975,823.0,-364.0,758.6666666666666,0.0,0.0,882.0,59.0,0.0,0
10009,19,"Ferrous Sulphate 200mg, Tab",2022-08-01,560,906,401,1065,1.3965087281795512,41.895261845386536,459.0,-58.0,714.6666666666666,960.0,320.0,59.0,560.0,0.0,0
10009,19,"Ferrous Sulphate 200mg, Tab",2022-09-01,1065,0,469,596,2.2707889125799574,68.12366737739872,401.0,68.0,561.0,906.0,622.0,560.0,1065.0,0.0,0
10009,19,"Ferrous Sulphate 200mg, Tab",2022-10-01,596,1263,520,1339,1.146153846153846,34.38461538461538,469.0,51.0,443.0,0.0,622.0,1065.0,596.0,0.0,0
10009,19,"Ferrous Sulphate 200mg, Tab",2022-11-01,1339,0,335,1004,3.997014925373134,119.91044776119402,520.0,-185.0,463.3333333333333,1263.0,723.0,596.0,1339.0,0.0,0
10009,19,"Ferrous Sulphate 200mg, Tab",2022-12-01,1004,0,824,180,1.2184466019417477,36.55339805825243,335.0,489.0,441.3333333333333,0.0,421.0,1339.0,1004.0,0.0,0
10009,19,"Ferrous Sulphate 200mg, Tab",2023-02-01,180,1768,565,1383,0.3185840707964602,9.557522123893806,824.0,-259.0,559.6666666666666,0.0,421.0,1004.0,180.0,0.0,0
10009,19,"Ferrous Sulphate 200mg, Tab",2023-03-01,1383,0,520,863,2.6596153846153845,79.78846153846153,565.0,-45.0,574.6666666666666,1768.0,589.3333333333334,180.0,1383.0,0.0,0
10009,19,"Ferrous Sulphate 200mg, Tab",2023-04-01,863,0,399,464,2.162907268170426,64.88721804511277,520.0,-121.0,636.3333333333334,0.0,589.3333333333334,1383.0,863.0,0.0,0
10009,19,"Ferrous Sulphate 200mg, Tab",2023-05-01,464,2484,539,2409,0.8608534322820037,25.82560296846011,399.0,140.0,494.6666666666667,0.0,589.3333333333334,863.0,464.0,0.0,0
10009,19,"Ferrous Sulphate 200mg, Tab",2023-06-01,2409,0,585,1824,4.1179487179487175,123.53846153846152,539.0,46.0,486.0,2484.0,828.0,464.0,2409.0,0.0,0
10009,19,"Ferrous Sulphate 200mg, Tab",2023-07-01,1824,0,495,1329,3.684848484848485,110.54545454545456,585.0,-90.0,507.6666666666667,0.0,828.0,2409.0,1824.0,0.0,0
10009,19,"Ferrous Sulphate 200mg, Tab",2023-08-01,1329,0,487,842,2.728952772073922,81.86858316221766,495.0,-8.0,539.6666666666666,0.0,828.0,1824.0,1329.0,0.0,0
10009,19,"Ferrous Sulphate 200mg, Tab",2023-09-01,842,0,697,145,1.2080344332855093,36.24103299856528,487.0,210.0,522.3333333333334,0.0,0.0,1329.0,842.0,0.0,0
10009,19,"Ferrous Sulphate 200mg, Tab",2023-10-01,145,1727,571,1301,0.2539404553415061,7.618213660245184,697.0,-126.0,559.6666666666666,0.0,0.0,842.0,145.0,0.0,0
10009,20,"Water for Injection 10ml, Inj, Amp",2019-10-01,55,0,13,42,4.230769230769231,126.92307692307692,,,,,,,,,0
10009,20,"Water for Injection 10ml, Inj, Amp",2019-11-01,42,0,25,17,1.68,50.4,13.0,12.0,13.0,0.0,0.0,55.0,42.0,0.0,0
10009,20,"Water for Injection 10ml, Inj, Amp",2019-12-01,17,101,24,94,0.7083333333333334,21.25,25.0,-1.0,19.0,0.0,0.0,42.0,17.0,0.0,0
10009,20,"Water for Injection 10ml, Inj, Amp",2020-01-01,94,0,39,55,2.41025641025641,72.3076923076923,24.0,15.0,20.666666666666668,101.0,33.666666666666664,17.0,94.0,0.0,0
10009,20,"Water for Injection 10ml, Inj, Amp",2020-02-01,55,0,6,49,9.166666666666666,275.0,39.0,-33.0,29.33333333333333,0.0,33.666666666666664,94.0,55.0,0.0,0
10009,20,"Water for Injection 10ml, Inj, Amp",2020-03-01,49,0,47,2,1.0425531914893618,31.27659574468085,6.0,41.0,23.0,0.0,33.666666666666664,55.0,49.0,0.0,0
10009,20,"Water for Injection 10ml, Inj, Amp",2020-04-01,2,53,28,27,0.0714285714285714,2.142857142857143,47.0,-19.0,30.666666666666668,0.0,0.0,49.0,2.0,0.0,0
10009,20,"Water for Injection 10ml, Inj, Amp",2020-05-01,27,133,27,133,1.0,30.0,28.0,-1.0,27.0,53.0,17.666666666666668,2.0,27.0,0.0,0
10009,20,"Water for Injection 10ml, Inj, Amp",2020-06-01,133,0,11,122,12.090909090909092,362.7272727272728,27.0,-16.0,34.0,133.0,62.0,27.0,133.0,0.0,0
10009,20,"Water for Injection 10ml, Inj, Amp",2020-09-01,122,0,49,73,2.489795918367347,74.6938775510204,11.0,38.0,22.0,0.0,62.0,133.0,122.0,0.0,0
10009,20,"Water for Injection 10ml, Inj, Amp",2021-01-01,73,0,42,31,1.738095238095238,52.142857142857146,49.0,-7.0,29.0,0.0,44.333333333333336,122.0,73.0,0.0,0
10009,20,"Water for Injection 10ml, Inj, Amp",2021-03-01,31,56,24,63,1.2916666666666667,38.75,42.0,-18.0,34.0,0.0,0.0,73.0,31.0,0.0,0
10009,20,"Water for Injection 10ml, Inj, Amp",2021-04-01,63,0,24,39,2.625,78.75,24.0,0.0,38.333333333333336,56.0,18.666666666666668,31.0,63.0,0.0,0
10009,20,"Water for Injection 10ml, Inj, Amp",2021-05-01,39,0,21,18,1.8571428571428568,55.71428571428572,24.0,-3.0,30.0,0.0,18.666666666666668,63.0,39.0,0.0,0
10009,20,"Water for Injection 10ml, Inj, Amp",2021-06-01,18,71,25,64,0.72,21.6,21.0,4.0,23.0,0.0,18.666666666666668,39.0,18.0,0.0,0
10009,20,"Water for Injection 10ml, Inj, Amp",2021-08-01,64,0,15,49,4.266666666666667,128.0,25.0,-10.0,23.33333333333333,71.0,23.666666666666668,18.0,64.0,0.0,0
10009,20,"Water for Injection 10ml, Inj, Amp",2021-09-01,49,0,28,21,1.75,52.5,15.0,13.0,20.33333333333333,0.0,23.666666666666668,64.0,49.0,0.0,0
10009,20,"Water for Injection 10ml, Inj, Amp",2021-12-01,21,56,27,50,0.7777777777777778,23.33333333333333,28.0,-1.0,22.666666666666668,0.0,23.666666666666668,49.0,21.0,0.0,1
10009,20,"Water for Injection 10ml, Inj, Amp",2022-01-01,50,0,50,0,1.0,30.0,27.0,23.0,23.33333333333333,56.0,18.666666666666668,21.0,50.0,0.0,0
10009,20,"Water for Injection 10ml, Inj, Amp",2022-02-01,0,118,6,112,0.0,0.0,50.0,-44.0,35.0,0.0,18.666666666666668,50.0,0.0,1.0,0
10009,20,"Water for Injection 10ml, Inj, Amp",2022-05-01,112,0,36,76,3.111111111111111,93.33333333333331,6.0,30.0,27.666666666666668,118.0,58.0,0.0,112.0,0.0,0
10009,20,"Water for Injection 10ml, Inj, Amp",2022-06-01,76,0,28,48,2.7142857142857144,81.42857142857143,36.0,-8.0,30.666666666666668,0.0,39.333333333333336,112.0,76.0,0.0,0
10009,20,"Water for Injection 10ml, Inj, Amp",2022-07-01,48,0,40,8,1.2,36.0,28.0,12.0,23.33333333333333,0.0,39.333333333333336,76.0,48.0,0.0,1
10009,20,"Water for Injection 10ml, Inj, Amp",2022-08-01,8,0,8,0,1.0,30.0,40.0,-32.0,34.666666666666664,0.0,0.0,48.0,8.0,0.0,0
10009,20,"Water for Injection 10ml, Inj, Amp",2022-10-01,0,116,12,104,0.0,0.0,8.0,4.0,25.33333333333333,0.0,0.0,8.0,0.0,1.0,0
10009,20,"Water for Injection 10ml, Inj, Amp",2022-11-01,104,0,21,83,4.9523809523809526,148.57142857142858,12.0,9.0,20.0,116.0,38.66666666666666,0.0,104.0,0.0,0
10009,20,"Water for Injection 10ml, Inj, Amp",2022-12-01,83,0,19,64,4.368421052631579,131.05263157894737,21.0,-2.0,13.666666666666666,0.0,38.66666666666666,104.0,83.0,0.0,0
10009,20,"Water for Injection 10ml, Inj, Amp",2023-02-01,64,0,32,32,2.0,60.0,19.0,13.0,17.333333333333332,0.0,38.66666666666666,83.0,64.0,0.0,0
10009,20,"Water for Injection 10ml, Inj, Amp",2023-03-01,32,77,23,86,1.391304347826087,41.73913043478261,32.0,-9.0,24.0,0.0,0.0,64.0,32.0,0.0,0
10009,20,"Water for Injection 10ml, Inj, Amp",2023-06-01,86,0,20,66,4.3,129.0,23.0,-3.0,24.666666666666668,77.0,25.666666666666668,32.0,86.0,0.0,0
10009,20,"Water for Injection 10ml, Inj, Amp",2023-07-01,66,0,18,48,3.6666666666666665,110.0,20.0,-2.0,25.0,0.0,25.666666666666668,86.0,66.0,0.0,0
10009,20,"Water for Injection 10ml, Inj, Amp",2023-08-01,48,0,21,27,2.2857142857142856,68.57142857142857,18.0,3.0,20.33333333333333,0.0,25.666666666666668,66.0,48.0,0.0,0
10009,20,"Water for Injection 10ml, Inj, Amp",2023-09-01,27,95,37,85,0.7297297297297297,21.89189189189189,21.0,16.0,19.666666666666668,0.0,0.0,48.0,27.0,0.0,0
10009,21,"Neomycin & Bacitracin 0.5% & 500IU/g, Ointment, 15g, Tube",2019-10-01,3,0,2,1,1.5,45.0,,,,,,,,,0
10009,21,"Neomycin & Bacitracin 0.5% & 500IU/g, Ointment, 15g, Tube",2020-01-01,1,6,0,7,,,2.0,-2.0,2.0,0.0,0.0,3.0,1.0,0.0,0
10009,21,"Neomycin & Bacitracin 0.5% & 500IU/g, Ointment, 15g, Tube",2020-02-01,7,0,2,5,3.5,105.0,0.0,2.0,1.0,6.0,3.0,1.0,7.0,0.0,0
10009,21,"Neomycin & Bacitracin 0.5% & 500IU/g, Ointment, 15g, Tube",2020-04-01,5,0,1,4,5.0,150.0,2.0,-1.0,1.3333333333333333,0.0,2.0,7.0,5.0,0.0,0
10009,21,"Neomycin & Bacitracin 0.5% & 500IU/g, Ointment, 15g, Tube",2020-05-01,4,0,2,2,2.0,60.0,1.0,1.0,1.0,0.0,2.0,5.0,4.0,0.0,0
10009,21,"Neomycin & Bacitracin 0.5% & 500IU/g, Ointment, 15g, Tube",2020-06-01,2,8,2,8,1.0,30.0,2.0,0.0,1.6666666666666667,0.0,0.0,4.0,2.0,0.0,0
10009,21,"Neomycin & Bacitracin 0.5% & 500IU/g, Ointment, 15g, Tube",2020-08-01,8,0,1,7,8.0,240.0,2.0,-1.0,1.6666666666666667,8.0,2.6666666666666665,2.0,8.0,0.0,0
10009,21,"Neomycin & Bacitracin 0.5% & 500IU/g, Ointment, 15g, Tube",2020-10-01,7,0,1,6,7.0,210.0,1.0,0.0,1.6666666666666667,0.0,2.6666666666666665,8.0,7.0,0.0,0
10009,21,"Neomycin & Bacitracin 0.5% & 500IU/g, Ointment, 15g, Tube",2020-12-01,6,0,2,4,3.0,90.0,1.0,1.0,1.3333333333333333,0.0,2.6666666666666665,7.0,6.0,0.0,0
10009,21,"Neomycin & Bacitracin 0.5% & 500IU/g, Ointment, 15g, Tube",2021-01-01,4,0,2,2,2.0,60.0,2.0,0.0,1.3333333333333333,0.0,0.0,6.0,4.0,0.0,1
10009,21,"Neomycin & Bacitracin 0.5% & 500IU/g, Ointment, 15g, Tube",2021-03-01,2,0,2,0,1.0,30.0,2.0,0.0,1.6666666666666667,0.0,0.0,4.0,2.0,0.0,1
10009,21,"Neomycin & Bacitracin 0.5% & 500IU/g, Ointment, 15g, Tube",2021-05-01,0,0,0,0,,,2.0,-2.0,2.0,0.0,0.0,2.0,0.0,1.0,0
10009,21,"Neomycin & Bacitracin 0.5% & 500IU/g, Ointment, 15g, Tube",2021-06-01,0,8,2,6,0.0,0.0,0.0,2.0,1.3333333333333333,0.0,0.0,0.0,0.0,1.0,0
10009,21,"Neomycin & Bacitracin 0.5% & 500IU/g, Ointment, 15g, Tube",2021-07-01,6,0,1,5,6.0,180.0,2.0,-1.0,1.3333333333333333,8.0,2.6666666666666665,0.0,6.0,0.0,0
10009,21,"Neomycin & Bacitracin 0.5% & 500IU/g, Ointment, 15g, Tube",2021-09-01,5,0,0,5,,,1.0,-1.0,1.0,0.0,2.6666666666666665,6.0,5.0,0.0,0
10009,21,"Neomycin & Bacitracin 0.5% & 500IU/g, Ointment, 15g, Tube",2021-10-01,5,0,0,5,,,0.0,0.0,1.0,0.0,2.6666666666666665,5.0,5.0,0.0,0
10009,21,"Neomycin & Bacitracin 0.5% & 500IU/g, Ointment, 15g, Tube",2021-12-01,5,0,3,2,1.6666666666666667,50.0,0.0,3.0,0.3333333333333333,0.0,0.0,5.0,5.0,0.0,0
10009,21,"Neomycin & Bacitracin 0.5% & 500IU/g, Ointment, 15g, Tube",2022-01-01,2,6,1,7,2.0,60.0,3.0,-2.0,1.0,0.0,0.0,5.0,2.0,0.0,0
10009,21,"Neomycin & Bacitracin 0.5% & 500IU/g, Ointment, 15g, Tube",2022-02-01,7,0,3,4,2.333333333333333,70.0,1.0,2.0,1.3333333333333333,6.0,2.0,2.0,7.0,0.0,0
10009,21,"Neomycin & Bacitracin 0.5% & 500IU/g, Ointment, 15g, Tube",2022-04-01,4,0,0,4,,,3.0,-3.0,2.333333333333333,0.0,2.0,7.0,4.0,0.0,0
10009,21,"Neomycin & Bacitracin 0.5% & 500IU/g, Ointment, 15g, Tube",2022-05-01,4,0,3,1,1.3333333333333333,40.0,0.0,3.0,1.3333333333333333,0.0,2.0,4.0,4.0,0.0,0
10009,21,"Neomycin & Bacitracin 0.5% & 500IU/g, Ointment, 15g, Tube",2022-06-01,1,3,2,2,0.5,15.0,3.0,-1.0,2.0,0.0,0.0,4.0,1.0,0.0,0
10009,21,"Neomycin & Bacitracin 0.5% & 500IU/g, Ointment, 15g, Tube",2022-07-01,2,9,1,10,2.0,60.0,2.0,-1.0,1.6666666666666667,3.0,1.0,1.0,2.0,0.0,0
10009,21,"Neomycin & Bacitracin 0.5% & 500IU/g, Ointment, 15g, Tube",2022-08-01,10,0,1,9,10.0,300.0,1.0,0.0,2.0,9.0,4.0,2.0,10.0,0.0,0
10009,21,"Neomycin & Bacitracin 0.5% & 500IU/g, Ointment, 15g, Tube",2022-09-01,9,0,1,8,9.0,270.0,1.0,0.0,1.3333333333333333,0.0,4.0,10.0,9.0,0.0,0
10009,21,"Neomycin & Bacitracin 0.5% & 500IU/g, Ointment, 15g, Tube",2022-12-01,8,0,1,7,8.0,240.0,1.0,0.0,1.0,0.0,3.0,9.0,8.0,0.0,0
10009,21,"Neomycin & Bacitracin 0.5% & 500IU/g, Ointment, 15g, Tube",2023-02-01,7,0,1,6,7.0,210.0,1.0,0.0,1.0,0.0,0.0,8.0,7.0,0.0,0
10009,21,"Neomycin & Bacitracin 0.5% & 500IU/g, Ointment, 15g, Tube",2023-03-01,6,0,2,4,3.0,90.0,1.0,1.0,1.0,0.0,0.0,7.0,6.0,0.0,0
10009,21,"Neomycin & Bacitracin 0.5% & 500IU/g, Ointment, 15g, Tube",2023-04-01,4,0,1,3,4.0,120.0,2.0,-1.0,1.3333333333333333,0.0,0.0,6.0,4.0,0.0,0
10009,21,"Neomycin & Bacitracin 0.5% & 500IU/g, Ointment, 15g, Tube",2023-06-01,3,0,1,2,3.0,90.0,1.0,0.0,1.3333333333333333,0.0,0.0,4.0,3.0,0.0,0
10009,21,"Neomycin & Bacitracin 0.5% & 500IU/g, Ointment, 15g, Tube",2023-08-01,2,8,3,7,0.6666666666666666,20.0,1.0,2.0,1.3333333333333333,0.0,0.0,3.0,2.0,0.0,0
10009,21,"Neomycin & Bacitracin 0.5% & 500IU/g, Ointment, 15g, Tube",2023-09-01,7,0,1,6,7.0,210.0,3.0,-2.0,1.6666666666666667,8.0,2.6666666666666665,2.0,7.0,0.0,0
10009,21,"Neomycin & Bacitracin 0.5% & 500IU/g, Ointment, 15g, Tube",2023-10-01,6,0,0,6,,,1.0,-1.0,1.6666666666666667,0.0,2.6666666666666665,7.0,6.0,0.0,0
10009,22,"Salbutamol 100mcg/dose, Aerosol, Inhaler",2019-10-01,2,0,1,1,2.0,60.0,,,,,,,,,1
10009,22,"Salbutamol 100mcg/dose, Aerosol, Inhaler",2019-11-01,1,0,1,0,1.0,30.0,1.0,0.0,1.0,0.0,0.0,2.0,1.0,0.0,0
10009,22,"Salbutamol 100mcg/dose, Aerosol, Inhaler",2019-12-01,0,5,1,4,0.0,0.0,1.0,0.0,1.0,0.0,0.0,1.0,0.0,1.0,0
10009,22,"Salbutamol 100mcg/dose, Aerosol, Inhaler",2020-01-01,4,0,1,3,4.0,120.0,1.0,0.0,1.0,5.0,1.6666666666666667,0.0,4.0,0.0,0
10009,22,"Salbutamol 100mcg/dose, Aerosol, Inhaler",2020-02-01,3,0,0,3,,,1.0,-1.0,1.0,0.0,1.6666666666666667,4.0,3.0,0.0,0
10009,22,"Salbutamol 100mcg/dose, Aerosol, Inhaler",2020-03-01,3,0,2,1,1.5,45.0,0.0,2.0,0.6666666666666666,0.0,1.6666666666666667,3.0,3.0,0.0,0
10009,22,"Salbutamol 100mcg/dose, Aerosol, Inhaler",2020-04-01,1,3,0,4,,,2.0,-2.0,1.0,0.0,0.0,3.0,1.0,0.0,0
10009,22,"Salbutamol 100mcg/dose, Aerosol, Inhaler",2020-05-01,4,0,0,4,,,0.0,0.0,0.6666666666666666,3.0,1.0,1.0,4.0,0.0,0
10009,22,"Salbutamol 100mcg/dose, Aerosol, Inhaler",2020-06-01,4,0,2,2,2.0,60.0,0.0,2.0,0.6666666666666666,0.0,1.0,4.0,4.0,0.0,0
10009,22,"Salbutamol 100mcg/dose, Aerosol, Inhaler",2020-09-01,2,0,1,1,2.0,60.0,2.0,-1.0,0.6666666666666666,0.0,1.0,4.0,2.0,0.0,0
10009,22,"Salbutamol 100mcg/dose, Aerosol, Inhaler",2020-10-01,1,5,1,5,1.0,30.0,1.0,0.0,1.0,0.0,0.0,2.0,1.0,0.0,0
10009,22,"Salbutamol 100mcg/dose, Aerosol, Inhaler",2020-11-01,5,0,2,3,2.5,75.0,1.0,1.0,1.3333333333333333,5.0,1.6666666666666667,1.0,5.0,0.0,0
10009,22,"Salbutamol 100mcg/dose, Aerosol, Inhaler",2020-12-01,3,0,0,3,,,2.0,-2.0,1.3333333333333333,0.0,1.6666666666666667,5.0,3.0,0.0,0
10009,22,"Salbutamol 100mcg/dose, Aerosol, Inhaler",2021-01-01,3,0,1,2,3.0,90.0,0.0,1.0,1.0,0.0,1.6666666666666667,3.0,3.0,0.0,1
10009,22,"Salbutamol 100mcg/dose, Aerosol, Inhaler",2021-03-01,2,0,2,0,1.0,30.0,1.0,1.0,1.0,0.0,0.0,3.0,2.0,0.0,0
10009,22,"Salbutamol 100mcg/dose, Aerosol, Inhaler",2021-04-01,0,6,0,6,,,2.0,-2.0,1.0,0.0,0.0,2.0,0.0,1.0,0
10009,22,"Salbutamol 100mcg/dose, Aerosol, Inhaler",2021-05-01,6,0,2,4,3.0,90.0,0.0,2.0,1.0,6.0,2.0,0.0,6.0,0.0,0
10009,22,"Salbutamol 100mcg/dose, Aerosol, Inhaler",2021-06-01,4,0,1,3,4.0,120.0,2.0,-1.0,1.3333333333333333,0.0,2.0,6.0,4.0,0.0,0
10009,22,"Salbutamol 100mcg/dose, Aerosol, Inhaler",2021-07-01,3,0,0,3,,,1.0,-1.0,1.0,0.0,2.0,4.0,3.0,0.0,0
10009,22,"Salbutamol 100mcg/dose, Aerosol, Inhaler",2021-09-01,3,0,2,1,1.5,45.0,0.0,2.0,1.0,0.0,0.0,3.0,3.0,0.0,0
10009,22,"Salbutamol 100mcg/dose, Aerosol, Inhaler",2021-11-01,1,6,0,7,,,2.0,-2.0,1.0,0.0,0.0,3.0,1.0,0.0,0
10009,22,"Salbutamol 100mcg/dose, Aerosol, Inhaler",2021-12-01,7,0,1,6,7.0,210.0,0.0,1.0,0.6666666666666666,6.0,2.0,1.0,7.0,0.0,0
10009,22,"Salbutamol 100mcg/dose, Aerosol, Inhaler",2022-02-01,6,0,2,4,3.0,90.0,1.0,1.0,1.0,0.0,2.0,7.0,6.0,0.0,0
10009,22,"Salbutamol 100mcg/dose, Aerosol, Inhaler",2022-03-01,4,0,1,3,4.0,120.0,2.0,-1.0,1.0,0.0,2.0,6.0,4.0,0.0,0
10009,22,"Salbutamol 100mcg/dose, Aerosol, Inhaler",2022-05-01,3,0,2,1,1.5,45.0,1.0,1.0,1.3333333333333333,0.0,0.0,4.0,3.0,0.0,0
10009,22,"Salbutamol 100mcg/dose, Aerosol, Inhaler",2022-06-01,1,4,3,2,0.3333333333333333,10.0,2.0,1.0,1.6666666666666667,0.0,0.0,3.0,1.0,0.0,0
10009,22,"Salbutamol 100mcg/dose, Aerosol, Inhaler",2022-07-01,2,0,1,1,2.0,60.0,3.0,-2.0,2.0,4.0,1.3333333333333333,1.0,2.0,0.0,1
10009,22,"Salbutamol 100mcg/dose, Aerosol, Inhaler",2022-08-01,1,0,1,0,1.0,30.0,1.0,0.0,2.0,0.0,1.3333333333333333,2.0,1.0,0.0,1
10009,22,"Salbutamol 100mcg/dose, Aerosol, Inhaler",2022-09-01,0,0,0,0,,,1.0,-1.0,1.6666666666666667,0.0,1.3333333333333333,1.0,0.0,1.0,1
10009,22,"Salbutamol 100mcg/dose, Aerosol, Inhaler",2022-11-01,0,0,0,0,,,0.0,0.0,0.6666666666666666,0.0,0.0,0.0,0.0,1.0,0
10009,22,"Salbutamol 100mcg/dose, Aerosol, Inhaler",2022-12-01,0,6,1,5,0.0,0.0,0.0,1.0,0.3333333333333333,0.0,0.0,0.0,0.0,1.0,0
10009,22,"Salbutamol 100mcg/dose, Aerosol, Inhaler",2023-01-01,5,0,1,4,5.0,150.0,1.0,0.0,0.3333333333333333,6.0,2.0,0.0,5.0,0.0,0
10009,22,"Salbutamol 100mcg/dose, Aerosol, Inhaler",2023-02-01,4,0,1,3,4.0,120.0,1.0,0.0,0.6666666666666666,0.0,2.0,5.0,4.0,0.0,0
10009,22,"Salbutamol 100mcg/dose, Aerosol, Inhaler",2023-03-01,3,0,2,1,1.5,45.0,1.0,1.0,1.0,0.0,2.0,4.0,3.0,0.0,0
10009,22,"Salbutamol 100mcg/dose, Aerosol, Inhaler",2023-04-01,1,4,1,4,1.0,30.0,2.0,-1.0,1.3333333333333333,0.0,0.0,3.0,1.0,0.0,0
10009,22,"Salbutamol 100mcg/dose, Aerosol, Inhaler",2023-05-01,4,0,2,2,2.0,60.0,1.0,1.0,1.3333333333333333,4.0,1.3333333333333333,1.0,4.0,0.0,0
10009,22,"Salbutamol 100mcg/dose, Aerosol, Inhaler",2023-07-01,2,0,0,2,,,2.0,-2.0,1.6666666666666667,0.0,1.3333333333333333,4.0,2.0,0.0,0
10009,22,"Salbutamol 100mcg/dose, Aerosol, Inhaler",2023-09-01,2,4,1,5,2.0,60.0,0.0,1.0,1.0,0.0,1.3333333333333333,2.0,2.0,0.0,0
10009,22,"Salbutamol 100mcg/dose, Aerosol, Inhaler",2023-10-01,5,0,2,3,2.5,75.0,1.0,1.0,1.0,4.0,1.3333333333333333,2.0,5.0,0.0,0
10009,28,"Benzyl Benzoate 25%, Emulsion, 100ml, Bot",2019-10-01,31,0,31,0,1.0,30.0,,,,,,,,,1
10009,28,"Benzyl Benzoate 25%, Emulsion, 100ml, Bot",2019-11-01,0,0,0,0,,,31.0,-31.0,31.0,0.0,0.0,31.0,0.0,1.0,0
10009,28,"Benzyl Benzoate 25%, Emulsion, 100ml, Bot",2019-12-01,0,42,19,23,0.0,0.0,0.0,19.0,15.5,0.0,0.0,0.0,0.0,1.0,1
10009,28,"Benzyl Benzoate 25%, Emulsion, 100ml, Bot",2020-01-01,23,0,23,0,1.0,30.0,19.0,4.0,16.666666666666668,42.0,14.0,0.0,23.0,0.0,1
10009,28,"Benzyl Benzoate 25%, Emulsion, 100ml, Bot",2020-04-01,0,0,0,0,,,23.0,-23.0,14.0,0.0,14.0,23.0,0.0,1.0,0
10009,28,"Benzyl Benzoate 25%, Emulsion, 100ml, Bot",2020-10-01,0,73,16,57,0.0,0.0,0.0,16.0,14.0,0.0,14.0,0.0,0.0,1.0,0
10009,28,"Benzyl Benzoate 25%, Emulsion, 100ml, Bot",2020-11-01,57,0,21,36,2.7142857142857144,81.42857142857143,16.0,5.0,13.0,73.0,24.33333333333333,0.0,57.0,0.0,0
10009,28,"Benzyl Benzoate 25%, Emulsion, 100ml, Bot",2020-12-01,36,0,34,2,1.0588235294117647,31.764705882352946,21.0,13.0,12.333333333333334,0.0,24.33333333333333,57.0,36.0,0.0,0
10009,28,"Benzyl Benzoate 25%, Emulsion, 100ml, Bot",2021-02-01,2,63,11,54,0.1818181818181818,5.454545454545455,34.0,-23.0,23.666666666666668,0.0,24.33333333333333,36.0,2.0,0.0,0
10009,28,"Benzyl Benzoate 25%, Emulsion, 100ml, Bot",2021-03-01,54,0,27,27,2.0,60.0,11.0,16.0,22.0,63.0,21.0,2.0,54.0,0.0,0
10009,28,"Benzyl Benzoate 25%, Emulsion, 100ml, Bot",2021-04-01,27,0,22,5,1.2272727272727273,36.81818181818182,27.0,-5.0,24.0,0.0,21.0,54.0,27.0,0.0,1
10009,28,"Benzyl Benzoate 25%, Emulsion, 100ml, Bot",2021-05-01,5,0,5,0,1.0,30.0,22.0,-17.0,20.0,0.0,21.0,27.0,5.0,0.0,0
10009,28,"Benzyl Benzoate 25%, Emulsion, 100ml, Bot",2021-07-01,0,112,14,98,0.0,0.0,5.0,9.0,18.0,0.0,0.0,5.0,0.0,1.0,0
10009,28,"Benzyl Benzoate 25%, Emulsion, 100ml, Bot",2021-08-01,98,0,10,88,9.8,294.0,14.0,-4.0,13.666666666666666,112.0,37.333333333333336,0.0,98.0,0.0,0
10009,28,"Benzyl Benzoate 25%, Emulsion, 100ml, Bot",2021-09-01,88,0,19,69,4.631578947368421,138.94736842105263,10.0,9.0,9.666666666666666,0.0,37.333333333333336,98.0,88.0,0.0,0
10009,28,"Benzyl Benzoate 25%, Emulsion, 100ml, Bot",2021-10-01,69,0,17,52,4.0588235294117645,121.76470588235291,19.0,-2.0,14.333333333333334,0.0,37.333333333333336,88.0,69.0,0.0,0
10009,28,"Benzyl Benzoate 25%, Emulsion, 100ml, Bot",2021-11-01,52,0,17,35,3.0588235294117645,91.76470588235291,17.0,0.0,15.333333333333334,0.0,0.0,69.0,52.0,0.0,0
10009,28,"Benzyl Benzoate 25%, Emulsion, 100ml, Bot",2021-12-01,35,0,11,24,3.1818181818181817,95.45454545454544,17.0,-6.0,17.666666666666668,0.0,0.0,52.0,35.0,0.0,0
10009,28,"Benzyl Benzoate 25%, Emulsion, 100ml, Bot",2022-04-01,24,90,21,93,1.1428571428571428,34.285714285714285,11.0,10.0,15.0,0.0,0.0,35.0,24.0,0.0,0
10009,28,"Benzyl Benzoate 25%, Emulsion, 100ml, Bot",2022-05-01,93,0,4,89,23.25,697.5,21.0,-17.0,16.333333333333332,90.0,30.0,24.0,93.0,0.0,0
10009,28,"Benzyl Benzoate 25%, Emulsion, 100ml, Bot",2022-06-01,89,0,34,55,2.617647058823529,78.52941176470588,4.0,30.0,12.0,0.0,30.0,93.0,89.0,0.0,0
10009,28,"Benzyl Benzoate 25%, Emulsion, 100ml, Bot",2022-07-01,55,0,32,23,1.71875,51.5625,34.0,-2.0,19.666666666666668,0.0,30.0,89.0,55.0,0.0,0
10009,28,"Benzyl Benzoate 25%, Emulsion, 100ml, Bot",2022-08-01,23,107,49,81,0.4693877551020408,14.081632653061224,32.0,17.0,23.33333333333333,0.0,0.0,55.0,23.0,0.0,0
10009,28,"Benzyl Benzoate 25%, Emulsion, 100ml, Bot",2022-09-01,81,0,31,50,2.6129032258064515,78.38709677419355,49.0,-18.0,38.333333333333336,107.0,35.666666666666664,23.0,81.0,0.0,0
10009,28,"Benzyl Benzoate 25%, Emulsion, 100ml, Bot",2022-10-01,50,0,10,40,5.0,150.0,31.0,-21.0,37.333333333333336,0.0,35.666666666666664,81.0,50.0,0.0,0
10009,28,"Benzyl Benzoate 25%, Emulsion, 100ml, Bot",2022-11-01,40,0,24,16,1.6666666666666667,50.0,10.0,14.0,30.0,0.0,35.666666666666664,50.0,40.0,0.0,0
10009,28,"Benzyl Benzoate 25%, Emulsion, 100ml, Bot",2022-12-01,16,70,0,86,,,24.0,-24.0,21.666666666666668,0.0,0.0,40.0,16.0,0.0,0
10009,28,"Benzyl Benzoate 25%, Emulsion, 100ml, Bot",2023-03-01,86,0,13,73,6.615384615384615,198.46153846153845,0.0,13.0,11.333333333333334,70.0,23.33333333333333,16.0,86.0,0.0,0
10009,28,"Benzyl Benzoate 25%, Emulsion, 100ml, Bot",2023-04-01,73,0,33,40,2.212121212121212,66.36363636363636,13.0,20.0,12.333333333333334,0.0,23.33333333333333,86.0,73.0,0.0,0
10009,28,"Benzyl Benzoate 25%, Emulsion, 100ml, Bot",2023-05-01,40,0,35,5,1.1428571428571428,34.285714285714285,33.0,2.0,15.333333333333334,0.0,23.33333333333333,73.0,40.0,0.0,0
10009,28,"Benzyl Benzoate 25%, Emulsion, 100ml, Bot",2023-08-01,5,109,40,74,0.125,3.75,35.0,5.0,27.0,0.0,0.0,40.0,5.0,0.0,0
10009,28,"Benzyl Benzoate 25%, Emulsion, 100ml, Bot",2023-09-01,74,0,8,66,9.25,277.5,40.0,-32.0,36.0,109.0,36.333333333333336,5.0,74.0,0.0,0
10009,28,"Benzyl Benzoate 25%, Emulsion, 100ml, Bot",2023-10-01,66,0,30,36,2.2,66.0,8.0,22.0,27.666666666666668,0.0,36.333333333333336,74.0,66.0,0.0,0
10009,34,"Folic Acid 5mg, Tab",2019-10-01,204,0,204,0,1.0,30.0,,,,,,,,,0
10009,34,"Folic Acid 5mg, Tab",2019-11-01,0,916,316,600,0.0,0.0,204.0,112.0,204.0,0.0,0.0,204.0,0.0,1.0,0
10009,34,"Folic Acid 5mg, Tab",2019-12-01,600,0,430,170,1.3953488372093024,41.86046511627907,316.0,114.0,260.0,916.0,458.0,0.0,600.0,0.0,0
10009,34,"Folic Acid 5mg, Tab",2020-01-01,170,612,153,629,1.1111111111111112,33.333333333333336,430.0,-277.0,316.6666666666667,0.0,305.3333333333333,600.0,170.0,0.0,0
10009,34,"Folic Acid 5mg, Tab",2020-02-01,629,0,173,456,3.635838150289018,109.07514450867052,153.0,20.0,299.6666666666667,612.0,509.3333333333333,170.0,629.0,0.0,0
10009,34,"Folic Acid 5mg, Tab",2020-03-01,456,0,388,68,1.175257731958763,35.25773195876289,173.0,215.0,252.0,0.0,204.0,629.0,456.0,0.0,0
10009,34,"Folic Acid 5mg, Tab",2020-04-01,68,1203,417,854,0.1630695443645084,4.8920863309352525,388.0,29.0,238.0,0.0,204.0,456.0,68.0,0.0,0
10009,34,"Folic Acid 5mg, Tab",2020-05-01,854,0,191,663,4.471204188481676,134.13612565445027,417.0,-226.0,326.0,1203.0,401.0,68.0,854.0,0.0,0
10009,34,"Folic Acid 5mg, Tab",2020-06-01,663,0,244,419,2.7172131147540983,81.51639344262296,191.0,53.0,332.0,0.0,401.0,854.0,663.0,0.0,0
10009,34,"Folic Acid 5mg, Tab",2020-07-01,419,0,290,129,1.4448275862068964,43.34482758620689,244.0,46.0,284.0,0.0,401.0,663.0,419.0,0.0,0
10009,34,"Folic Acid 5mg, Tab",2020-08-01,129,951,230,850,0.5608695652173913,16.82608695652174,290.0,-60.0,241.66666666666663,0.0,0.0,419.0,129.0,0.0,0
10009,34,"Folic Acid 5mg, Tab",2020-09-01,850,0,430,420,1.976744186046512,59.30232558139535,230.0,200.0,254.66666666666663,951.0,317.0,129.0,850.0,0.0,0
10009,34,"Folic Acid 5mg, Tab",2020-10-01,420,0,320,100,1.3125,39.375,430.0,-110.0,316.6666666666667,0.0,317.0,850.0,420.0,0.0,0
10009,34,"Folic Acid 5mg, Tab",2020-12-01,100,627,373,354,0.2680965147453083,8.04289544235925,320.0,53.0,326.6666666666667,0.0,317.0,420.0,100.0,0.0,0
10009,34,"Folic Acid 5mg, Tab",2021-01-01,354,628,225,757,1.5733333333333333,47.2,373.0,-148.0,374.3333333333333,627.0,209.0,100.0,354.0,0.0,0
10009,34,"Folic Acid 5mg, Tab",2021-02-01,757,0,482,275,1.570539419087137,47.11618257261411,225.0,257.0,306.0,628.0,418.3333333333333,354.0,757.0,0.0,0
10009,34,"Folic Acid 5mg, Tab",2021-03-01,275,903,342,836,0.804093567251462,24.12280701754386,482.0,-140.0,360.0,0.0,418.3333333333333,757.0,275.0,0.0,0
10009,34,"Folic Acid 5mg, Tab",2021-04-01,836,0,201,635,4.159203980099503,124.77611940298507,342.0,-141.0,349.6666666666667,903.0,510.3333333333333,275.0,836.0,0.0,0
10009,34,"Folic Acid 5mg, Tab",2021-05-01,635,0,350,285,1.8142857142857145,54.42857142857143,201.0,149.0,341.6666666666667,0.0,301.0,836.0,635.0,0.0,0
10009,34,"Folic Acid 5mg, Tab",2021-06-01,285,800,201,884,1.417910447761194,42.53731343283582,350.0,-149.0,297.6666666666667,0.0,301.0,635.0,285.0,0.0,0
10009,34,"Folic Acid 5mg, Tab",2021-07-01,884,0,455,429,1.9428571428571428,58.285714285714285,201.0,254.0,250.66666666666663,800.0,266.6666666666667,285.0,884.0,0.0,0
10009,34,"Folic Acid 5mg, Tab",2021-08-01,429,0,253,176,1.6956521739130437,50.869565217391305,455.0,-202.0,335.3333333333333,0.0,266.6666666666667,884.0,429.0,0.0,0
10009,34,"Folic Acid 5mg, Tab",2021-09-01,176,1357,383,1150,0.4595300261096606,13.78590078328982,253.0,130.0,303.0,0.0,266.6666666666667,429.0,176.0,0.0,0
10009,34,"Folic Acid 5mg, Tab",2021-10-01,1150,0,438,712,2.625570776255708,78.76712328767124,383.0,55.0,363.6666666666667,1357.0,452.3333333333333,176.0,1150.0,0.0,0
10009,34,"Folic Acid 5mg, Tab",2021-11-01,712,0,305,407,2.334426229508197,70.0327868852459,438.0,-133.0,358.0,0.0,452.3333333333333,1150.0,712.0,0.0,0
10009,34,"Folic Acid 5mg, Tab",2021-12-01,407,0,177,230,2.299435028248588,68.98305084745762,305.0,-128.0,375.3333333333333,0.0,452.3333333333333,712.0,407.0,0.0,0
10009,34,"Folic Acid 5mg, Tab",2022-01-01,230,1091,227,1094,1.013215859030837,30.396475770925115,177.0,50.0,306.6666666666667,0.0,0.0,407.0,230.0,0.0,0
10009,34,"Folic Acid 5mg, Tab",2022-02-01,1094,0,212,882,5.160377358490566,154.81132075471697,227.0,-15.0,236.33333333333331,1091.0,363.6666666666667,230.0,1094.0,0.0,0
10009,34,"Folic Acid 5mg, Tab",2022-03-01,882,0,273,609,3.230769230769231,96.92307692307692,212.0,61.0,205.33333333333331,0.0,363.6666666666667,1094.0,882.0,0.0,0
10009,34,"Folic Acid 5mg, Tab",2022-04-01,609,0,423,186,1.4397163120567376,43.191489361702125,273.0,150.0,237.33333333333331,0.0,363.6666666666667,882.0,609.0,0.0,0
10009,34,"Folic Acid 5mg, Tab",2022-05-01,186,1116,529,773,0.3516068052930057,10.54820415879017,423.0,106.0,302.6666666666667,0.0,0.0,609.0,186.0,0.0,0
10009,34,"Folic Acid 5mg, Tab",2022-06-01,773,0,261,512,2.9616858237547894,88.85057471264368,529.0,-268.0,408.3333333333333,1116.0,372.0,186.0,773.0,0.0,0
10009,34,"Folic Acid 5mg, Tab",2022-07-01,512,0,333,179,1.5375375375375375,46.12612612612613,261.0,72.0,404.3333333333333,0.0,372.0,773.0,512.0,0.0,0
10009,34,"Folic Acid 5mg, Tab",2022-08-01,179,1448,424,1203,0.4221698113207547,12.66509433962264,333.0,91.0,374.3333333333333,0.0,372.0,512.0,179.0,0.0,0
10009,34,"Folic Acid 5mg, Tab",2022-09-01,1203,0,277,926,4.342960288808665,130.28880866425993,424.0,-147.0,339.3333333333333,1448.0,482.6666666666667,179.0,1203.0,0.0,0
10009,34,"Folic Acid 5mg, Tab",2022-10-01,926,0,471,455,1.9660297239915077,58.98089171974522,277.0,194.0,344.6666666666667,0.0,482.6666666666667,1203.0,926.0,0.0,0
10009,34,"Folic Acid 5mg, Tab",2022-11-01,455,0,273,182,1.6666666666666667,50.0,471.0,-198.0,390.6666666666667,0.0,482.6666666666667,926.0,455.0,0.0,1
10009,34,"Folic Acid 5mg, Tab",2022-12-01,182,0,182,0,1.0,30.0,273.0,-91.0,340.3333333333333,0.0,0.0,455.0,182.0,0.0,0
10009,34,"Folic Acid 5mg, Tab",2023-01-01,0,634,171,463,0.0,0.0,182.0,-11.0,308.6666666666667,0.0,0.0,182.0,0.0,1.0,0
10009,34,"Folic Acid 5mg, Tab",2023-02-01,463,0,403,60,1.1488833746898264,34.46650124069479,171.0,232.0,208.66666666666663,634.0,211.33333333333331,0.0,463.0,0.0,1
10009,34,"Folic Acid 5mg, Tab",2023-05-01,60,0,60,0,1.0,30.0,403.0,-343.0,252.0,0.0,211.33333333333331,463.0,60.0,0.0,0
10009,34,"Folic Acid 5mg, Tab",2023-06-01,0,540,158,382,0.0,0.0,60.0,98.0,211.33333333333331,0.0,211.33333333333331,60.0,0.0,1.0,0
10009,34,"Folic Acid 5mg, Tab",2023-07-01,382,0,312,70,1.2243589743589745,36.73076923076923,158.0,154.0,207.0,540.0,180.0,0.0,382.0,0.0,0
10009,34,"Folic Acid 5mg, Tab",2023-08-01,70,622,435,257,0.160919540229885,4.827586206896552,312.0,123.0,176.66666666666666,0.0,180.0,382.0,70.0,0.0,0
10009,34,"Folic Acid 5mg, Tab",2023-09-01,257,534,443,348,0.5801354401805869,17.404063205417607,435.0,8.0,301.6666666666667,622.0,387.3333333333333,70.0,257.0,0.0,0
10009,35,"Oxytocin 10IU, Inj, Amp",2019-10-01,8,0,3,5,2.6666666666666665,80.0,,,,,,,,,0
10009,35,"Oxytocin 10IU, Inj, Amp",2019-11-01,5,15,7,13,0.7142857142857143,21.42857142857143,3.0,4.0,3.0,0.0,0.0,8.0,5.0,0.0,0
10009,35,"Oxytocin 10IU, Inj, Amp",2019-12-01,13,0,6,7,2.1666666666666665,65.0,7.0,-1.0,5.0,15.0,7.5,5.0,13.0,0.0,0
10009,35,"Oxytocin 10IU, Inj, Amp",2020-01-01,7,26,3,30,2.333333333333333,70.0,6.0,-3.0,5.333333333333333,0.0,5.0,13.0,7.0,0.0,0
10009,35,"Oxytocin 10IU, Inj, Amp",2020-02-01,30,0,6,24,5.0,150.0,3.0,3.0,5.333333333333333,26.0,13.666666666666666,7.0,30.0,0.0,0
10009,35,"Oxytocin 10IU, Inj, Amp",2020-03-01,24,0,4,20,6.0,180.0,6.0,-2.0,5.0,0.0,8.666666666666666,30.0,24.0,0.0,0
10009,35,"Oxytocin 10IU, Inj, Amp",2020-04-01,20,0,13,7,1.5384615384615383,46.15384615384615,4.0,9.0,4.333333333333333,0.0,8.666666666666666,24.0,20.0,0.0,0
10009,35,"Oxytocin 10IU, Inj, Amp",2020-05-01,7,22,5,24,1.4,42.0,13.0,-8.0,7.666666666666667,0.0,0.0,20.0,7.0,0.0,0
10009,35,"Oxytocin 10IU, Inj, Amp",2020-06-01,24,0,8,16,3.0,90.0,5.0,3.0,7.333333333333333,22.0,7.333333333333333,7.0,24.0,0.0,0
10009,35,"Oxytocin 10IU, Inj, Amp",2020-07-01,16,0,2,14,8.0,240.0,8.0,-6.0,8.666666666666666,0.0,7.333333333333333,24.0,16.0,0.0,0
10009,35,"Oxytocin 10IU, Inj, Amp",2020-08-01,14,0,7,7,2.0,60.0,2.0,5.0,5.0,0.0,7.333333333333333,16.0,14.0,0.0,0
10009,35,"Oxytocin 10IU, Inj, Amp",2020-09-01,7,15,8,14,0.875,26.25,7.0,1.0,5.666666666666667,0.0,0.0,14.0,7.0,0.0,0
10009,35,"Oxytocin 10IU, Inj, Amp",2020-11-01,14,0,0,14,,,8.0,-8.0,5.666666666666667,15.0,5.0,7.0,14.0,0.0,0
10009,35,"Oxytocin 10IU, Inj, Amp",2020-12-01,14,0,5,9,2.8,84.0,0.0,5.0,5.0,0.0,5.0,14.0,14.0,0.0,1
10009,35,"Oxytocin 10IU, Inj, Amp",2021-01-01,9,0,9,0,1.0,30.0,5.0,4.0,4.333333333333333,0.0,5.0,14.0,9.0,0.0,0
10009,35,"Oxytocin 10IU, Inj, Amp",2021-02-01,0,21,4,17,0.0,0.0,9.0,-5.0,4.666666666666667,0.0,0.0,9.0,0.0,1.0,0
10009,35,"Oxytocin 10IU, Inj, Amp",2021-03-01,17,0,14,3,1.2142857142857142,36.42857142857142,4.0,10.0,6.0,21.0,7.0,0.0,17.0,0.0,0
10009,35,"Oxytocin 10IU, Inj, Amp",2021-04-01,3,15,12,6,0.25,7.5,14.0,-2.0,9.0,0.0,7.0,17.0,3.0,0.0,0
10009,35,"Oxytocin 10IU, Inj, Amp",2021-06-01,6,0,5,1,1.2,36.0,12.0,-7.0,10.0,15.0,12.0,3.0,6.0,0.0,0
10009,35,"Oxytocin 10IU, Inj, Amp",2021-07-01,1,25,8,18,0.125,3.75,5.0,3.0,10.333333333333334,0.0,5.0,6.0,1.0,0.0,0
10009,35,"Oxytocin 10IU, Inj, Amp",2021-08-01,18,0,6,12,3.0,90.0,8.0,-2.0,8.333333333333334,25.0,13.333333333333334,1.0,18.0,0.0,0
10009,35,"Oxytocin 10IU, Inj, Amp",2021-09-01,12,0,0,12,,,6.0,-6.0,6.333333333333333,0.0,8.333333333333334,18.0,12.0,0.0,0
10009,35,"Oxytocin 10IU, Inj, Amp",2021-10-01,12,0,5,7,2.4,72.0,0.0,5.0,4.666666666666667,0.0,8.333333333333334,12.0,12.0,0.0,0
10009,35,"Oxytocin 10IU, Inj, Amp",2021-11-01,7,14,5,16,1.4,42.0,5.0,0.0,3.6666666666666665,0.0,0.0,12.0,7.0,0.0,0
10009,35,"Oxytocin 10IU, Inj, Amp",2021-12-01,16,0,9,7,1.7777777777777777,53.33333333333333,5.0,4.0,3.333333333333333,14.0,4.666666666666667,7.0,16.0,0.0,0
10009,35,"Oxytocin 10IU, Inj, Amp",2022-01-01,7,26,0,33,,,9.0,-9.0,6.333333333333333,0.0,4.666666666666667,16.0,7.0,0.0,0
10009,35,"Oxytocin 10IU, Inj, Amp",2022-02-01,33,0,3,30,11.0,330.0,0.0,3.0,4.666666666666667,26.0,13.333333333333334,7.0,33.0,0.0,0
10009,35,"Oxytocin 10IU, Inj, Amp",2022-03-01,30,0,9,21,3.333333333333333,100.0,3.0,6.0,4.0,0.0,8.666666666666666,33.0,30.0,0.0,0
10009,35,"Oxytocin 10IU, Inj, Amp",2022-04-01,21,0,10,11,2.1,63.0,9.0,1.0,4.0,0.0,8.666666666666666,30.0,21.0,0.0,0
10009,35,"Oxytocin 10IU, Inj, Amp",2022-05-01,11,0,0,11,,,10.0,-10.0,7.333333333333333,0.0,0.0,21.0,11.0,0.0,0
10009,35,"Oxytocin 10IU, Inj, Amp",2022-06-01,11,0,1,10,11.0,330.0,0.0,1.0,6.333333333333333,0.0,0.0,11.0,11.0,0.0,0
10009,35,"Oxytocin 10IU, Inj, Amp",2022-07-01,10,0,4,6,2.5,75.0,1.0,3.0,3.6666666666666665,0.0,0.0,11.0,10.0,0.0,0
10009,35,"Oxytocin 10IU, Inj, Amp",2022-08-01,6,21,5,22,1.2,36.0,4.0,1.0,1.6666666666666667,0.0,0.0,10.0,6.0,0.0,0
10009,35,"Oxytocin 10IU, Inj, Amp",2022-10-01,22,0,9,13,2.4444444444444446,73.33333333333334,5.0,4.0,3.333333333333333,21.0,7.0,6.0,22.0,0.0,0
10009,35,"Oxytocin 10IU, Inj, Amp",2022-11-01,13,0,4,9,3.25,97.5,9.0,-5.0,6.0,0.0,7.0,22.0,13.0,0.0,0
10009,35,"Oxytocin 10IU, Inj, Amp",2022-12-01,9,0,8,1,1.125,33.75,4.0,4.0,6.0,0.0,7.0,13.0,9.0,0.0,0
10009,35,"Oxytocin 10IU, Inj, Amp",2023-01-01,1,16,3,14,0.3333333333333333,10.0,8.0,-5.0,7.0,0.0,0.0,9.0,1.0,0.0,0
10009,35,"Oxytocin 10IU, Inj, Amp",2023-02-01,14,0,5,9,2.8,84.0,3.0,2.0,5.0,16.0,5.333333333333333,1.0,14.0,0.0,0
10009,35,"Oxytocin 10IU, Inj, Amp",2023-03-01,9,0,6,3,1.5,45.0,5.0,1.0,5.333333333333333,0.0,5.333333333333333,14.0,9.0,0.0,0
10009,35,"Oxytocin 10IU, Inj, Amp",2023-04-01,3,12,12,3,0.25,7.5,6.0,6.0,4.666666666666667,0.0,5.333333333333333,9.0,3.0,0.0,1
10009,35,"Oxytocin 10IU, Inj, Amp",2023-05-01,3,0,3,0,1.0,30.0,12.0,-9.0,7.666666666666667,12.0,4.0,3.0,3.0,0.0,0
10009,35,"Oxytocin 10IU, Inj, Amp",2023-06-01,0,24,8,16,0.0,0.0,3.0,5.0,7.0,0.0,4.0,3.0,0.0,1.0,0
10009,35,"Oxytocin 10IU, Inj, Amp",2023-07-01,16,0,3,13,5.333333333333333,160.0,8.0,-5.0,7.666666666666667,24.0,12.0,0.0,16.0,0.0,0
10009,35,"Oxytocin 10IU, Inj, Amp",2023-08-01,13,0,8,5,1.625,48.75,3.0,5.0,4.666666666666667,0.0,8.0,16.0,13.0,0.0,0
10009,35,"Oxytocin 10IU, Inj, Amp",2023-09-01,5,10,9,6,0.5555555555555556,16.666666666666668,8.0,1.0,6.333333333333333,0.0,8.0,13.0,5.0,0.0,0
10009,35,"Oxytocin 10IU, Inj, Amp",2023-10-01,6,0,4,2,1.5,45.0,9.0,-5.0,6.666666666666667,10.0,3.333333333333333,5.0,6.0,0.0,0
10009,39,"Oral Rehydration Salts (ORS), Sachet",2019-10-01,55,178,98,135,0.5612244897959183,16.83673469387755,,,,,,,,,0
10009,39,"Oral Rehydration Salts (ORS), Sachet",2020-01-01,135,0,97,38,1.3917525773195876,41.75257731958763,98.0,-1.0,98.0,178.0,178.0,55.0,135.0,0.0,0
10009,39,"Oral Rehydration Salts (ORS), Sachet",2020-02-01,38,294,70,262,0.5428571428571428,16.285714285714285,97.0,-27.0,97.5,0.0,89.0,135.0,38.0,0.0,0
10009,39,"Oral Rehydration Salts (ORS), Sachet",2020-03-01,262,0,88,174,2.977272727272727,89.31818181818181,70.0,18.0,88.33333333333333,294.0,157.33333333333334,38.0,262.0,0.0,0
10009,39,"Oral Rehydration Salts (ORS), Sachet",2020-04-01,174,0,48,126,3.625,108.75,88.0,-40.0,85.0,0.0,98.0,262.0,174.0,0.0,0
10009,39,"Oral Rehydration Salts (ORS), Sachet",2020-08-01,126,0,94,32,1.3404255319148937,40.21276595744681,48.0,46.0,68.66666666666667,0.0,98.0,174.0,126.0,0.0,0
10009,39,"Oral Rehydration Salts (ORS), Sachet",2020-09-01,32,240,72,200,0.4444444444444444,13.333333333333332,94.0,-22.0,76.66666666666667,0.0,0.0,126.0,32.0,0.0,0
10009,39,"Oral Rehydration Salts (ORS), Sachet",2020-10-01,200,0,79,121,2.5316455696202533,75.9493670886076,72.0,7.0,71.33333333333333,240.0,80.0,32.0,200.0,0.0,0
10009,39,"Oral Rehydration Salts (ORS), Sachet",2021-01-01,121,0,20,101,6.05,181.5,79.0,-59.0,81.66666666666667,0.0,80.0,200.0,121.0,0.0,0
10009,39,"Oral Rehydration Salts (ORS), Sachet",2021-04-01,101,0,46,55,2.1956521739130435,65.8695652173913,20.0,26.0,57.0,0.0,80.0,121.0,101.0,0.0,0
10009,39,"Oral Rehydration Salts (ORS), Sachet",2021-07-01,55,246,80,221,0.6875,20.625,46.0,34.0,48.333333333333336,0.0,0.0,101.0,55.0,0.0,0
10009,39,"Oral Rehydration Salts (ORS), Sachet",2021-08-01,221,0,106,115,2.0849056603773586,62.54716981132076,80.0,26.0,48.66666666666666,246.0,82.0,55.0,221.0,0.0,0
10009,39,"Oral Rehydration Salts (ORS), Sachet",2021-10-01,115,0,71,44,1.619718309859155,48.59154929577465,106.0,-35.0,77.33333333333333,0.0,82.0,221.0,115.0,0.0,1
10009,39,"Oral Rehydration Salts (ORS), Sachet",2021-11-01,44,0,44,0,1.0,30.0,71.0,-27.0,85.66666666666667,0.0,82.0,115.0,44.0,0.0,0
10009,39,"Oral Rehydration Salts (ORS), Sachet",2022-01-01,0,250,109,141,0.0,0.0,44.0,65.0,73.66666666666667,0.0,0.0,44.0,0.0,1.0,0
10009,39,"Oral Rehydration Salts (ORS), Sachet",2022-02-01,141,0,87,54,1.6206896551724137,48.62068965517241,109.0,-22.0,74.66666666666667,250.0,83.33333333333333,0.0,141.0,0.0,0
10009,39,"Oral Rehydration Salts (ORS), Sachet",2022-03-01,54,308,99,263,0.5454545454545454,16.363636363636363,87.0,12.0,80.0,0.0,83.33333333333333,141.0,54.0,0.0,0
10009,39,"Oral Rehydration Salts (ORS), Sachet",2022-04-01,263,0,117,146,2.247863247863248,67.43589743589743,99.0,18.0,98.33333333333331,308.0,186.0,54.0,263.0,0.0,0
10009,39,"Oral Rehydration Salts (ORS), Sachet",2022-05-01,146,0,110,36,1.3272727272727274,39.81818181818182,117.0,-7.0,101.0,0.0,102.66666666666669,263.0,146.0,0.0,0
10009,39,"Oral Rehydration Salts (ORS), Sachet",2022-06-01,36,369,94,311,0.3829787234042553,11.48936170212766,110.0,-16.0,108.66666666666669,0.0,102.66666666666669,146.0,36.0,0.0,0
10009,39,"Oral Rehydration Salts (ORS), Sachet",2022-07-01,311,0,56,255,5.553571428571429,166.60714285714286,94.0,-38.0,107.0,369.0,123.0,36.0,311.0,0.0,0
10009,39,"Oral Rehydration Salts (ORS), Sachet",2022-09-01,255,0,32,223,7.96875,239.0625,56.0,-24.0,86.66666666666667,0.0,123.0,311.0,255.0,0.0,0
10009,39,"Oral Rehydration Salts (ORS), Sachet",2022-10-01,223,0,63,160,3.5396825396825395,106.1904761904762,32.0,31.0,60.66666666666666,0.0,123.0,255.0,223.0,0.0,0
10009,39,"Oral Rehydration Salts (ORS), Sachet",2022-12-01,160,0,47,113,3.404255319148936,102.12765957446808,63.0,-16.0,50.333333333333336,0.0,0.0,223.0,160.0,0.0,1
10009,39,"Oral Rehydration Salts (ORS), Sachet",2023-02-01,113,0,113,0,1.0,30.0,47.0,66.0,47.333333333333336,0.0,0.0,160.0,113.0,0.0,0
10009,39,"Oral Rehydration Salts (ORS), Sachet",2023-03-01,0,365,79,286,0.0,0.0,113.0,-34.0,74.33333333333333,0.0,0.0,113.0,0.0,1.0,0
10009,39,"Oral Rehydration Salts (ORS), Sachet",2023-04-01,286,0,75,211,3.8133333333333335,114.4,79.0,-4.0,79.66666666666667,365.0,121.66666666666669,0.0,286.0,0.0,0
10009,39,"Oral Rehydration Salts (ORS), Sachet",2023-05-01,211,0,84,127,2.511904761904762,75.35714285714286,75.0,9.0,89.0,0.0,121.66666666666669,286.0,211.0,0.0,0
10009,39,"Oral Rehydration Salts (ORS), Sachet",2023-06-01,127,0,73,54,1.7397260273972603,52.19178082191781,84.0,-11.0,79.33333333333333,0.0,121.66666666666669,211.0,127.0,0.0,0
10009,39,"Oral Rehydration Salts (ORS), Sachet",2023-07-01,54,339,122,271,0.4426229508196721,13.278688524590164,73.0,49.0,77.33333333333333,0.0,0.0,127.0,54.0,0.0,0
10009,39,"Oral Rehydration Salts (ORS), Sachet",2023-08-01,271,0,54,217,5.018518518518518,150.55555555555554,122.0,-68.0,93.0,339.0,113.0,54.0,271.0,0.0,0
10009,39,"Oral Rehydration Salts (ORS), Sachet",2023-10-01,217,0,99,118,2.191919191919192,65.75757575757576,54.0,45.0,83.0,0.0,113.0,271.0,217.0,0.0,0
10009,42,"Methyldopa 250mg, Tab",2019-10-01,53,0,23,30,2.3043478260869565,69.1304347826087,,,,,,,,,1
10009,42,"Methyldopa 250mg, Tab",2019-11-01,30,0,30,0,1.0,30.0,23.0,7.0,23.0,0.0,0.0,53.0,30.0,0.0,0
10009,42,"Methyldopa 250mg, Tab",2019-12-01,0,165,42,123,0.0,0.0,30.0,12.0,26.5,0.0,0.0,30.0,0.0,1.0,0
10009,42,"Methyldopa 250mg, Tab",2020-01-01,123,0,32,91,3.84375,115.3125,42.0,-10.0,31.666666666666668,165.0,55.0,0.0,123.0,0.0,0
10009,42,"Methyldopa 250mg, Tab",2020-03-01,91,0,31,60,2.935483870967742,88.06451612903226,32.0,-1.0,34.666666666666664,0.0,55.0,123.0,91.0,0.0,0
10009,42,"Methyldopa 250mg, Tab",2020-04-01,60,0,44,16,1.3636363636363635,40.90909090909091,31.0,13.0,35.0,0.0,55.0,91.0,60.0,0.0,0
10009,42,"Methyldopa 250mg, Tab",2020-05-01,16,109,52,73,0.3076923076923077,9.230769230769232,44.0,8.0,35.666666666666664,0.0,0.0,60.0,16.0,0.0,0
10009,42,"Methyldopa 250mg, Tab",2020-06-01,73,0,62,11,1.1774193548387095,35.322580645161295,52.0,10.0,42.333333333333336,109.0,36.333333333333336,16.0,73.0,0.0,1
10009,42,"Methyldopa 250mg, Tab",2020-07-01,11,0,11,0,1.0,30.0,62.0,-51.0,52.66666666666666,0.0,36.333333333333336,73.0,11.0,0.0,0
10009,42,"Methyldopa 250mg, Tab",2020-08-01,0,161,48,113,0.0,0.0,11.0,37.0,41.66666666666666,0.0,36.333333333333336,11.0,0.0,1.0,0
10009,42,"Methyldopa 250mg, Tab",2020-09-01,113,0,37,76,3.054054054054054,91.6216216216216,48.0,-11.0,40.333333333333336,161.0,53.66666666666666,0.0,113.0,0.0,0
10009,42,"Methyldopa 250mg, Tab",2020-10-01,76,0,18,58,4.222222222222222,126.66666666666669,37.0,-19.0,32.0,0.0,53.66666666666666,113.0,76.0,0.0,0
10009,42,"Methyldopa 250mg, Tab",2020-11-01,58,0,44,14,1.318181818181818,39.54545454545455,18.0,26.0,34.333333333333336,0.0,53.66666666666666,76.0,58.0,0.0,0
10009,42,"Methyldopa 250mg, Tab",2020-12-01,14,155,50,119,0.28,8.4,44.0,6.0,33.0,0.0,0.0,58.0,14.0,0.0,0
10009,42,"Methyldopa 250mg, Tab",2021-01-01,119,0,36,83,3.305555555555556,99.16666666666666,50.0,-14.0,37.333333333333336,155.0,51.66666666666666,14.0,119.0,0.0,0
10009,42,"Methyldopa 250mg, Tab",2021-02-01,83,0,30,53,2.7666666666666666,83.0,36.0,-6.0,43.333333333333336,0.0,51.66666666666666,119.0,83.0,0.0,0
10009,42,"Methyldopa 250mg, Tab",2021-03-01,53,0,36,17,1.4722222222222223,44.16666666666667,30.0,6.0,38.66666666666666,0.0,51.66666666666666,83.0,53.0,0.0,0
10009,42,"Methyldopa 250mg, Tab",2021-04-01,17,175,45,147,0.3777777777777777,11.333333333333332,36.0,9.0,34.0,0.0,0.0,53.0,17.0,0.0,0
10009,42,"Methyldopa 250mg, Tab",2021-05-01,147,0,36,111,4.083333333333333,122.5,45.0,-9.0,37.0,175.0,58.333333333333336,17.0,147.0,0.0,0
10009,42,"Methyldopa 250mg, Tab",2021-06-01,111,0,29,82,3.827586206896552,114.82758620689654,36.0,-7.0,39.0,0.0,58.333333333333336,147.0,111.0,0.0,0
10009,42,"Methyldopa 250mg, Tab",2021-07-01,82,0,48,34,1.7083333333333333,51.25,29.0,19.0,36.66666666666666,0.0,58.333333333333336,111.0,82.0,0.0,0
10009,42,"Methyldopa 250mg, Tab",2021-08-01,34,135,30,139,1.1333333333333333,34.0,48.0,-18.0,37.66666666666666,0.0,0.0,82.0,34.0,0.0,0
10009,42,"Methyldopa 250mg, Tab",2021-09-01,139,0,39,100,3.5641025641025643,106.92307692307692,30.0,9.0,35.666666666666664,135.0,45.0,34.0,139.0,0.0,0
10009,42,"Methyldopa 250mg, Tab",2021-10-01,100,0,12,88,8.333333333333334,250.00000000000003,39.0,-27.0,39.0,0.0,45.0,139.0,100.0,0.0,0
10009,42,"Methyldopa 250mg, Tab",2021-11-01,88,0,41,47,2.1463414634146343,64.39024390243902,12.0,29.0,27.0,0.0,45.0,100.0,88.0,0.0,0
10009,42,"Methyldopa 250mg, Tab",2021-12-01,47,0,42,5,1.119047619047619,33.57142857142857,41.0,1.0,30.666666666666668,0.0,0.0,88.0,47.0,0.0,0
10009,42,"Methyldopa 250mg, Tab",2022-01-01,5,157,28,134,0.1785714285714285,5.357142857142858,42.0,-14.0,31.666666666666668,0.0,0.0,47.0,5.0,0.0,0
10009,42,"Methyldopa 250mg, Tab",2022-02-01,134,0,50,84,2.68,80.4,28.0,22.0,37.0,157.0,52.333333333333336,5.0,134.0,0.0,0
10009,42,"Methyldopa 250mg, Tab",2022-03-01,84,0,67,17,1.2537313432835822,37.61194029850746,50.0,17.0,40.0,0.0,52.333333333333336,134.0,84.0,0.0,0
10009,42,"Methyldopa 250mg, Tab",2022-04-01,17,185,37,165,0.4594594594594595,13.783783783783784,67.0,-30.0,48.333333333333336,0.0,52.333333333333336,84.0,17.0,0.0,0
10009,42,"Methyldopa 250mg, Tab",2022-05-01,165,0,28,137,5.892857142857143,176.7857142857143,37.0,-9.0,51.333333333333336,185.0,61.66666666666666,17.0,165.0,0.0,0
10009,42,"Methyldopa 250mg, Tab",2022-06-01,137,0,42,95,3.261904761904762,97.85714285714286,28.0,14.0,44.0,0.0,61.66666666666666,165.0,137.0,0.0,0
10009,42,"Methyldopa 250mg, Tab",2022-07-01,95,0,35,60,2.7142857142857144,81.42857142857143,42.0,-7.0,35.666666666666664,0.0,61.66666666666666,137.0,95.0,0.0,0
10009,42,"Methyldopa 250mg, Tab",2022-08-01,60,0,41,19,1.4634146341463414,43.90243902439024,35.0,6.0,35.0,0.0,0.0,95.0,60.0,0.0,0
10009,42,"Methyldopa 250mg, Tab",2022-09-01,19,107,39,87,0.4871794871794871,14.615384615384617,41.0,-2.0,39.333333333333336,0.0,0.0,60.0,19.0,0.0,0
10009,42,"Methyldopa 250mg, Tab",2022-10-01,87,0,8,79,10.875,326.25,39.0,-31.0,38.333333333333336,107.0,35.666666666666664,19.0,87.0,0.0,0
10009,42,"Methyldopa 250mg, Tab",2022-11-01,79,0,30,49,2.6333333333333333,79.0,8.0,22.0,29.33333333333333,0.0,35.666666666666664,87.0,79.0,0.0,0
10009,42,"Methyldopa 250mg, Tab",2022-12-01,49,0,29,20,1.6896551724137931,50.689655172413794,30.0,-1.0,25.666666666666668,0.0,35.666666666666664,79.0,49.0,0.0,0
10009,42,"Methyldopa 250mg, Tab",2023-02-01,20,103,23,100,0.8695652173913043,26.08695652173913,29.0,-6.0,22.33333333333333,0.0,0.0,49.0,20.0,0.0,0
10009,42,"Methyldopa 250mg, Tab",2023-03-01,100,0,40,60,2.5,75.0,23.0,17.0,27.33333333333333,103.0,34.333333333333336,20.0,100.0,0.0,0
10009,42,"Methyldopa 250mg, Tab",2023-04-01,60,0,15,45,4.0,120.0,40.0,-25.0,30.666666666666668,0.0,34.333333333333336,100.0,60.0,0.0,0
10009,42,"Methyldopa 250mg, Tab",2023-06-01,45,0,28,17,1.6071428571428572,48.21428571428572,15.0,13.0,26.0,0.0,34.333333333333336,60.0,45.0,0.0,1
10009,42,"Methyldopa 250mg, Tab",2023-07-01,17,0,17,0,1.0,30.0,28.0,-11.0,27.666666666666668,0.0,0.0,45.0,17.0,0.0,0
10009,42,"Methyldopa 250mg, Tab",2023-08-01,0,186,37,149,0.0,0.0,17.0,20.0,20.0,0.0,0.0,17.0,0.0,1.0,0
10009,42,"Methyldopa 250mg, Tab",2023-09-01,149,0,39,110,3.8205128205128207,114.61538461538464,37.0,2.0,27.33333333333333,186.0,62.0,0.0,149.0,0.0,0
10009,42,"Methyldopa 250mg, Tab",2023-10-01,110,0,43,67,2.558139534883721,76.74418604651163,39.0,4.0,31.0,0.0,62.0,149.0,110.0,0.0,0
10009,43,"Zinc Sulphate 20mg, Dispersible, Tab",2019-10-01,95,0,95,0,1.0,30.0,,,,,,,,,0
10009,43,"Zinc Sulphate 20mg, Dispersible, Tab",2019-11-01,0,180,63,117,0.0,0.0,95.0,-32.0,95.0,0.0,0.0,95.0,0.0,1.0,0
10009,43,"Zinc Sulphate 20mg, Dispersible, Tab",2019-12-01,117,0,73,44,1.6027397260273972,48.08219178082192,63.0,10.0,79.0,180.0,90.0,0.0,117.0,0.0,0
10009,43,"Zinc Sulphate 20mg, Dispersible, Tab",2020-01-01,44,152,1,195,44.0,1320.0,73.0,-72.0,77.0,0.0,60.0,117.0,44.0,0.0,0
10009,43,"Zinc Sulphate 20mg, Dispersible, Tab",2020-02-01,195,0,90,105,2.1666666666666665,65.0,1.0,89.0,45.66666666666666,152.0,110.66666666666669,44.0,195.0,0.0,0
10009,43,"Zinc Sulphate 20mg, Dispersible, Tab",2020-04-01,105,0,55,50,1.9090909090909087,57.27272727272727,90.0,-35.0,54.66666666666666,0.0,50.66666666666666,195.0,105.0,0.0,0
10009,43,"Zinc Sulphate 20mg, Dispersible, Tab",2020-05-01,50,318,51,317,0.9803921568627452,29.41176470588235,55.0,-4.0,48.66666666666666,0.0,50.66666666666666,105.0,50.0,0.0,0
10009,43,"Zinc Sulphate 20mg, Dispersible, Tab",2020-08-01,317,0,21,296,15.095238095238097,452.8571428571428,51.0,-30.0,65.33333333333333,318.0,106.0,50.0,317.0,0.0,0
10009,43,"Zinc Sulphate 20mg, Dispersible, Tab",2020-09-01,296,0,67,229,4.417910447761194,132.53731343283584,21.0,46.0,42.333333333333336,0.0,106.0,317.0,296.0,0.0,0
10009,43,"Zinc Sulphate 20mg, Dispersible, Tab",2020-10-01,229,0,48,181,4.770833333333333,143.125,67.0,-19.0,46.333333333333336,0.0,106.0,296.0,229.0,0.0,0
10009,43,"Zinc Sulphate 20mg, Dispersible, Tab",2020-11-01,181,0,68,113,2.661764705882353,79.85294117647058,48.0,20.0,45.333333333333336,0.0,0.0,229.0,181.0,0.0,0
10009,43,"Zinc Sulphate 20mg, Dispersible, Tab",2020-12-01,113,0,55,58,2.0545454545454547,61.63636363636364,68.0,-13.0,61.0,0.0,0.0,181.0,113.0,0.0,0
10009,43,"Zinc Sulphate 20mg, Dispersible, Tab",2021-02-01,58,294,97,255,0.5979381443298969,17.938144329896907,55.0,42.0,57.0,0.0,0.0,113.0,58.0,0.0,0
10009,43,"Zinc Sulphate 20mg, Dispersible, Tab",2021-04-01,255,0,63,192,4.047619047619048,121.42857142857142,97.0,-34.0,73.33333333333333,294.0,98.0,58.0,255.0,0.0,0
10009,43,"Zinc Sulphate 20mg, Dispersible, Tab",2021-05-01,192,0,58,134,3.310344827586207,99.3103448275862,63.0,-5.0,71.66666666666667,0.0,98.0,255.0,192.0,0.0,0
10009,43,"Zinc Sulphate 20mg, Dispersible, Tab",2021-07-01,134,0,98,36,1.3673469387755102,41.0204081632653,58.0,40.0,72.66666666666667,0.0,98.0,192.0,134.0,0.0,0
10009,43,"Zinc Sulphate 20mg, Dispersible, Tab",2021-10-01,36,270,63,243,0.5714285714285714,17.142857142857142,98.0,-35.0,73.0,0.0,0.0,134.0,36.0,0.0,0
10009,43,"Zinc Sulphate 20mg, Dispersible, Tab",2021-12-01,243,0,39,204,6.230769230769231,186.92307692307693,63.0,-24.0,73.0,270.0,90.0,36.0,243.0,0.0,0
10009,43,"Zinc Sulphate 20mg, Dispersible, Tab",2022-03-01,204,0,33,171,6.181818181818182,185.45454545454544,39.0,-6.0,66.66666666666667,0.0,90.0,243.0,204.0,0.0,0
10009,43,"Zinc Sulphate 20mg, Dispersible, Tab",2022-04-01,171,0,98,73,1.7448979591836735,52.3469387755102,33.0,65.0,45.0,0.0,90.0,204.0,171.0,0.0,0
10009,43,"Zinc Sulphate 20mg, Dispersible, Tab",2022-05-01,73,168,70,171,1.042857142857143,31.28571428571429,98.0,-28.0,56.66666666666666,0.0,0.0,171.0,73.0,0.0,0
10009,43,"Zinc Sulphate 20mg, Dispersible, Tab",2022-06-01,171,0,15,156,11.4,342.0,70.0,-55.0,67.0,168.0,56.0,73.0,171.0,0.0,0
10009,43,"Zinc Sulphate 20mg, Dispersible, Tab",2022-07-01,156,0,39,117,4.0,120.0,15.0,24.0,61.0,0.0,56.0,171.0,156.0,0.0,0
10009,43,"Zinc Sulphate 20mg, Dispersible, Tab",2022-08-01,117,0,83,34,1.4096385542168677,42.28915662650602,39.0,44.0,41.333333333333336,0.0,56.0,156.0,117.0,0.0,0
10009,43,"Zinc Sulphate 20mg, Dispersible, Tab",2022-09-01,34,311,76,269,0.4473684210526316,13.421052631578949,83.0,-7.0,45.66666666666666,0.0,0.0,117.0,34.0,0.0,0
10009,43,"Zinc Sulphate 20mg, Dispersible, Tab",2022-12-01,269,0,63,206,4.26984126984127,128.0952380952381,76.0,-13.0,66.0,311.0,103.66666666666669,34.0,269.0,0.0,0
10009,43,"Zinc Sulphate 20mg, Dispersible, Tab",2023-01-01,206,0,88,118,2.340909090909091,70.22727272727272,63.0,25.0,74.0,0.0,103.66666666666669,269.0,206.0,0.0,0
10009,43,"Zinc Sulphate 20mg, Dispersible, Tab",2023-04-01,118,0,69,49,1.710144927536232,51.30434782608696,88.0,-19.0,75.66666666666667,0.0,103.66666666666669,206.0,118.0,0.0,0
10009,43,"Zinc Sulphate 20mg, Dispersible, Tab",2023-05-01,49,270,101,218,0.4851485148514851,14.554455445544557,69.0,32.0,73.33333333333333,0.0,0.0,118.0,49.0,0.0,0
10009,43,"Zinc Sulphate 20mg, Dispersible, Tab",2023-06-01,218,0,79,139,2.759493670886076,82.78481012658229,101.0,-22.0,86.0,270.0,90.0,49.0,218.0,0.0,0
10009,43,"Zinc Sulphate 20mg, Dispersible, Tab",2023-07-01,139,0,56,83,2.482142857142857,74.46428571428572,79.0,-23.0,83.0,0.0,90.0,218.0,139.0,0.0,0
10009,43,"Zinc Sulphate 20mg, Dispersible, Tab",2023-08-01,83,0,65,18,1.2769230769230768,38.30769230769231,56.0,9.0,78.66666666666667,0.0,90.0,139.0,83.0,0.0,0
10009,43,"Zinc Sulphate 20mg, Dispersible, Tab",2023-09-01,18,196,21,193,0.8571428571428571,25.71428571428571,65.0,-44.0,66.66666666666667,0.0,0.0,83.0,18.0,0.0,0
10009,43,"Zinc Sulphate 20mg, Dispersible, Tab",2023-10-01,193,0,42,151,4.595238095238095,137.85714285714283,21.0,21.0,47.333333333333336,196.0,65.33333333333333,18.0,193.0,0.0,0
10009,46,"Paracetamol (Acetaminophen) 250mg, Dispersible, Tab",2019-11-01,385,0,385,0,1.0,30.0,,,,,,,,,1
10009,46,"Paracetamol (Acetaminophen) 250mg, Dispersible, Tab",2019-12-01,0,0,0,0,,,385.0,-385.0,385.0,0.0,0.0,385.0,0.0,1.0,0
10009,46,"Paracetamol (Acetaminophen) 250mg, Dispersible, Tab",2020-02-01,0,690,130,560,0.0,0.0,0.0,130.0,192.5,0.0,0.0,0.0,0.0,1.0,0
10009,46,"Paracetamol (Acetaminophen) 250mg, Dispersible, Tab",2020-05-01,560,0,326,234,1.7177914110429449,51.53374233128834,130.0,196.0,171.66666666666666,690.0,230.0,0.0,560.0,0.0,1
10009,46,"Paracetamol (Acetaminophen) 250mg, Dispersible, Tab",2020-06-01,234,0,234,0,1.0,30.0,326.0,-92.0,152.0,0.0,230.0,560.0,234.0,0.0,0
10009,46,"Paracetamol (Acetaminophen) 250mg, Dispersible, Tab",2020-09-01,0,788,421,367,0.0,0.0,234.0,187.0,230.0,0.0,230.0,234.0,0.0,1.0,1
10009,46,"Paracetamol (Acetaminophen) 250mg, Dispersible, Tab",2020-10-01,367,0,367,0,1.0,30.0,421.0,-54.0,327.0,788.0,262.6666666666667,0.0,367.0,0.0,1
10009,46,"Paracetamol (Acetaminophen) 250mg, Dispersible, Tab",2020-11-01,0,0,0,0,,,367.0,-367.0,340.6666666666667,0.0,262.6666666666667,367.0,0.0,1.0,0
10009,46,"Paracetamol (Acetaminophen) 250mg, Dispersible, Tab",2020-12-01,0,1005,289,716,0.0,0.0,0.0,289.0,262.6666666666667,0.0,262.6666666666667,0.0,0.0,1.0,0
10009,46,"Paracetamol (Acetaminophen) 250mg, Dispersible, Tab",2021-02-01,716,0,302,414,2.370860927152318,71.12582781456953,289.0,13.0,218.66666666666663,1005.0,335.0,0.0,716.0,0.0,0
10009,46,"Paracetamol (Acetaminophen) 250mg, Dispersible, Tab",2021-03-01,414,0,178,236,2.3258426966292136,69.7752808988764,302.0,-124.0,197.0,0.0,335.0,716.0,414.0,0.0,0
10009,46,"Paracetamol (Acetaminophen) 250mg, Dispersible, Tab",2021-04-01,236,871,474,633,0.4978902953586498,14.936708860759497,178.0,296.0,256.3333333333333,0.0,335.0,414.0,236.0,0.0,0
10009,46,"Paracetamol (Acetaminophen) 250mg, Dispersible, Tab",2021-05-01,633,0,266,367,2.3796992481203008,71.39097744360902,474.0,-208.0,318.0,871.0,290.3333333333333,236.0,633.0,0.0,0
10009,46,"Paracetamol (Acetaminophen) 250mg, Dispersible, Tab",2021-06-01,367,0,229,138,1.6026200873362446,48.07860262008734,266.0,-37.0,306.0,0.0,290.3333333333333,633.0,367.0,0.0,0
10009,46,"Paracetamol (Acetaminophen) 250mg, Dispersible, Tab",2021-07-01,138,1112,322,928,0.4285714285714285,12.857142857142856,229.0,93.0,323.0,0.0,290.3333333333333,367.0,138.0,0.0,0
10009,46,"Paracetamol (Acetaminophen) 250mg, Dispersible, Tab",2021-08-01,928,0,269,659,3.449814126394052,103.49442379182156,322.0,-53.0,272.3333333333333,1112.0,370.6666666666667,138.0,928.0,0.0,0
10009,46,"Paracetamol (Acetaminophen) 250mg, Dispersible, Tab",2021-09-01,659,0,419,240,1.5727923627684963,47.18377088305489,269.0,150.0,273.3333333333333,0.0,370.6666666666667,928.0,659.0,0.0,0
10009,46,"Paracetamol (Acetaminophen) 250mg, Dispersible, Tab",2021-10-01,240,450,0,690,,,419.0,-419.0,336.6666666666667,0.0,370.6666666666667,659.0,240.0,0.0,0
10009,46,"Paracetamol (Acetaminophen) 250mg, Dispersible, Tab",2021-11-01,690,0,348,342,1.9827586206896552,59.48275862068966,0.0,348.0,229.33333333333331,450.0,150.0,240.0,690.0,0.0,1
10009,46,"Paracetamol (Acetaminophen) 250mg, Dispersible, Tab",2021-12-01,342,0,342,0,1.0,30.0,348.0,-6.0,255.66666666666663,0.0,150.0,690.0,342.0,0.0,0
10009,46,"Paracetamol (Acetaminophen) 250mg, Dispersible, Tab",2022-01-01,0,1307,447,860,0.0,0.0,342.0,105.0,230.0,0.0,150.0,342.0,0.0,1.0,0
10009,46,"Paracetamol (Acetaminophen) 250mg, Dispersible, Tab",2022-04-01,860,0,267,593,3.2209737827715355,96.62921348314606,447.0,-180.0,379.0,1307.0,435.6666666666667,0.0,860.0,0.0,0
10009,46,"Paracetamol (Acetaminophen) 250mg, Dispersible, Tab",2022-05-01,593,0,299,294,1.983277591973244,59.49832775919732,267.0,32.0,352.0,0.0,435.6666666666667,860.0,593.0,0.0,0
10009,46,"Paracetamol (Acetaminophen) 250mg, Dispersible, Tab",2022-06-01,294,905,402,797,0.7313432835820896,21.94029850746269,299.0,103.0,337.6666666666667,0.0,435.6666666666667,593.0,294.0,0.0,0
10009,46,"Paracetamol (Acetaminophen) 250mg, Dispersible, Tab",2022-07-01,797,0,351,446,2.2706552706552707,68.11965811965813,402.0,-51.0,322.6666666666667,905.0,301.6666666666667,294.0,797.0,0.0,1
10009,46,"Paracetamol (Acetaminophen) 250mg, Dispersible, Tab",2022-08-01,446,0,446,0,1.0,30.0,351.0,95.0,350.6666666666667,0.0,301.6666666666667,797.0,446.0,0.0,0
10009,46,"Paracetamol (Acetaminophen) 250mg, Dispersible, Tab",2022-09-01,0,886,190,696,0.0,0.0,446.0,-256.0,399.6666666666667,0.0,301.6666666666667,446.0,0.0,1.0,0
10009,46,"Paracetamol (Acetaminophen) 250mg, Dispersible, Tab",2022-10-01,696,0,243,453,2.8641975308641974,85.92592592592592,190.0,53.0,329.0,886.0,295.3333333333333,0.0,696.0,0.0,0
10009,46,"Paracetamol (Acetaminophen) 250mg, Dispersible, Tab",2022-11-01,453,0,310,143,1.461290322580645,43.83870967741935,243.0,67.0,293.0,0.0,295.3333333333333,696.0,453.0,0.0,0
10009,46,"Paracetamol (Acetaminophen) 250mg, Dispersible, Tab",2023-01-01,143,0,94,49,1.5212765957446808,45.63829787234042,310.0,-216.0,247.66666666666663,0.0,295.3333333333333,453.0,143.0,0.0,1
10009,46,"Paracetamol (Acetaminophen) 250mg, Dispersible, Tab",2023-02-01,49,0,49,0,1.0,30.0,94.0,-45.0,215.66666666666663,0.0,0.0,143.0,49.0,0.0,0
10009,46,"Paracetamol (Acetaminophen) 250mg, Dispersible, Tab",2023-04-01,0,1004,579,425,0.0,0.0,49.0,530.0,151.0,0.0,0.0,49.0,0.0,1.0,0
10009,46,"Paracetamol (Acetaminophen) 250mg, Dispersible, Tab",2023-06-01,425,0,336,89,1.2648809523809523,37.94642857142857,579.0,-243.0,240.66666666666663,1004.0,334.6666666666667,0.0,425.0,0.0,1
10009,46,"Paracetamol (Acetaminophen) 250mg, Dispersible, Tab",2023-07-01,89,0,89,0,1.0,30.0,336.0,-247.0,321.3333333333333,0.0,334.6666666666667,425.0,89.0,0.0,0
10009,46,"Paracetamol (Acetaminophen) 250mg, Dispersible, Tab",2023-08-01,0,1240,202,1038,0.0,0.0,89.0,113.0,334.6666666666667,0.0,334.6666666666667,89.0,0.0,1.0,0
10009,46,"Paracetamol (Acetaminophen) 250mg, Dispersible, Tab",2023-09-01,1038,0,225,813,4.613333333333333,138.4,202.0,23.0,209.0,1240.0,413.3333333333333,0.0,1038.0,0.0,0
10009,46,"Paracetamol (Acetaminophen) 250mg, Dispersible, Tab",2023-10-01,813,0,343,470,2.370262390670554,71.10787172011662,225.0,118.0,172.0,0.0,413.3333333333333,1038.0,813.0,0.0,0
10009,47,"Chlorhexidine Gluconate 7.1%, Gel",2019-10-01,2,8,2,8,1.0,30.0,,,,,,,,,0
10009,47,"Chlorhexidine Gluconate 7.1%, Gel",2020-01-01,8,0,0,8,,,2.0,-2.0,2.0,8.0,8.0,2.0,8.0,0.0,0
10009,47,"Chlorhexidine Gluconate 7.1%, Gel",2020-03-01,8,0,2,6,4.0,120.0,0.0,2.0,1.0,0.0,4.0,8.0,8.0,0.0,0
10009,47,"Chlorhexidine Gluconate 7.1%, Gel",2020-04-01,6,0,1,5,6.0,180.0,2.0,-1.0,1.3333333333333333,0.0,2.6666666666666665,8.0,6.0,0.0,0
10009,47,"Chlorhexidine Gluconate 7.1%, Gel",2020-05-01,5,0,1,4,5.0,150.0,1.0,0.0,1.0,0.0,0.0,6.0,5.0,0.0,0
10009,47,"Chlorhexidine Gluconate 7.1%, Gel",2020-07-01,4,0,3,1,1.3333333333333333,40.0,1.0,2.0,1.3333333333333333,0.0,0.0,5.0,4.0,0.0,0
10009,47,"Chlorhexidine Gluconate 7.1%, Gel",2020-08-01,1,6,3,4,0.3333333333333333,10.0,3.0,0.0,1.6666666666666667,0.0,0.0,4.0,1.0,0.0,0
10009,47,"Chlorhexidine Gluconate 7.1%, Gel",2020-10-01,4,0,2,2,2.0,60.0,3.0,-1.0,2.333333333333333,6.0,2.0,1.0,4.0,0.0,0
10009,47,"Chlorhexidine Gluconate 7.1%, Gel",2020-11-01,2,4,0,6,,,2.0,-2.0,2.6666666666666665,0.0,2.0,4.0,2.0,0.0,0
10009,47,"Chlorhexidine Gluconate 7.1%, Gel",2021-01-01,6,0,1,5,6.0,180.0,0.0,1.0,1.6666666666666667,4.0,3.333333333333333,2.0,6.0,0.0,0
10009,47,"Chlorhexidine Gluconate 7.1%, Gel",2021-02-01,5,0,0,5,,,1.0,-1.0,1.0,0.0,1.3333333333333333,6.0,5.0,0.0,0
10009,47,"Chlorhexidine Gluconate 7.1%, Gel",2021-08-01,5,0,0,5,,,0.0,0.0,0.3333333333333333,0.0,1.3333333333333333,5.0,5.0,0.0,0
10009,47,"Chlorhexidine Gluconate 7.1%, Gel",2021-11-01,5,0,2,3,2.5,75.0,0.0,2.0,0.3333333333333333,0.0,0.0,5.0,5.0,0.0,0
10009,47,"Chlorhexidine Gluconate 7.1%, Gel",2022-03-01,3,0,1,2,3.0,90.0,2.0,-1.0,0.6666666666666666,0.0,0.0,5.0,3.0,0.0,0
10009,47,"Chlorhexidine Gluconate 7.1%, Gel",2022-05-01,2,6,0,8,,,1.0,-1.0,1.0,0.0,0.0,3.0,2.0,0.0,0
10009,47,"Chlorhexidine Gluconate 7.1%, Gel",2022-06-01,8,0,2,6,4.0,120.0,0.0,2.0,1.0,6.0,2.0,2.0,8.0,0.0,0
10009,47,"Chlorhexidine Gluconate 7.1%, Gel",2022-07-01,6,0,2,4,3.0,90.0,2.0,0.0,1.0,0.0,2.0,8.0,6.0,0.0,0
10009,47,"Chlorhexidine Gluconate 7.1%, Gel",2022-11-01,4,0,2,2,2.0,60.0,2.0,0.0,1.3333333333333333,0.0,2.0,6.0,4.0,0.0,1
10009,47,"Chlorhexidine Gluconate 7.1%, Gel",2022-12-01,2,0,2,0,1.0,30.0,2.0,0.0,2.0,0.0,0.0,4.0,2.0,0.0,0
10009,47,"Chlorhexidine Gluconate 7.1%, Gel",2023-01-01,0,4,0,4,,,2.0,-2.0,2.0,0.0,0.0,2.0,0.0,1.0,0
10009,47,"Chlorhexidine Gluconate 7.1%, Gel",2023-03-01,4,0,2,2,2.0,60.0,0.0,2.0,1.3333333333333333,4.0,1.3333333333333333,0.0,4.0,0.0,0
10009,47,"Chlorhexidine Gluconate 7.1%, Gel",2023-04-01,2,4,1,5,2.0,60.0,2.0,-1.0,1.3333333333333333,0.0,1.3333333333333333,4.0,2.0,0.0,0
10009,47,"Chlorhexidine Gluconate 7.1%, Gel",2023-05-01,5,0,3,2,1.6666666666666667,50.0,1.0,2.0,1.0,4.0,2.6666666666666665,2.0,5.0,0.0,0
10009,47,"Chlorhexidine Gluconate 7.1%, Gel",2023-08-01,2,8,1,9,2.0,60.0,3.0,-2.0,2.0,0.0,1.3333333333333333,5.0,2.0,0.0,0
10009,47,"Chlorhexidine Gluconate 7.1%, Gel",2023-09-01,9,0,2,7,4.5,135.0,1.0,1.0,1.6666666666666667,8.0,4.0,2.0,9.0,0.0,0
10009,50,"Paracetamol (Acetaminophen) 500mg, Tab",2019-10-01,1249,0,1249,0,1.0,30.0,,,,,,,,,1
10009,50,"Paracetamol (Acetaminophen) 500mg, Tab",2019-11-01,0,0,0,0,,,1249.0,-1249.0,1249.0,0.0,0.0,1249.0,0.0,1.0,0
10009,50,"Paracetamol (Acetaminophen) 500mg, Tab",2020-01-01,0,4977,2134,2843,0.0,0.0,0.0,2134.0,624.5,0.0,0.0,0.0,0.0,1.0,0
10009,50,"Paracetamol (Acetaminophen) 500mg, Tab",2020-02-01,2843,0,1731,1112,1.6424032351242055,49.27209705372617,2134.0,-403.0,1127.6666666666667,4977.0,1659.0,0.0,2843.0,0.0,0
10009,50,"Paracetamol (Acetaminophen) 500mg, Tab",2020-03-01,1112,0,906,206,1.2273730684326711,36.82119205298014,1731.0,-825.0,1288.3333333333333,0.0,1659.0,2843.0,1112.0,0.0,0
10009,50,"Paracetamol (Acetaminophen) 500mg, Tab",2020-09-01,206,5136,1237,4105,0.1665319320937752,4.995957962813257,906.0,331.0,1590.3333333333333,0.0,1659.0,1112.0,206.0,0.0,0
10009,50,"Paracetamol (Acetaminophen) 500mg, Tab",2020-11-01,4105,0,1417,2688,2.8969654199012,86.908962597036,1237.0,180.0,1291.3333333333333,5136.0,1712.0,206.0,4105.0,0.0,0
10009,50,"Paracetamol (Acetaminophen) 500mg, Tab",2021-01-01,2688,0,1069,1619,2.5144995322731525,75.43498596819458,1417.0,-348.0,1186.6666666666667,0.0,1712.0,4105.0,2688.0,0.0,0
10009,50,"Paracetamol (Acetaminophen) 500mg, Tab",2021-02-01,1619,0,1469,150,1.1021102791014294,33.06330837304289,1069.0,400.0,1241.0,0.0,1712.0,2688.0,1619.0,0.0,0
10009,50,"Paracetamol (Acetaminophen) 500mg, Tab",2021-03-01,150,3764,1688,2226,0.0888625592417061,2.665876777251185,1469.0,219.0,1318.3333333333333,0.0,0.0,1619.0,150.0,0.0,0
10009,50,"Paracetamol (Acetaminophen) 500mg, Tab",2021-04-01,2226,0,1422,804,1.5654008438818563,46.962025316455694,1688.0,-266.0,1408.6666666666667,3764.0,1254.6666666666667,150.0,2226.0,0.0,0
10009,50,"Paracetamol (Acetaminophen) 500mg, Tab",2021-05-01,804,0,677,127,1.187592319054653,35.62776957163959,1422.0,-745.0,1526.3333333333333,0.0,1254.6666666666667,2226.0,804.0,0.0,0
10009,50,"Paracetamol (Acetaminophen) 500mg, Tab",2021-06-01,127,4023,1077,3073,0.117920148560817,3.537604456824513,677.0,400.0,1262.3333333333333,0.0,1254.6666666666667,804.0,127.0,0.0,0
10009,50,"Paracetamol (Acetaminophen) 500mg, Tab",2021-08-01,3073,0,1177,1896,2.610875106202209,78.32625318606627,1077.0,100.0,1058.6666666666667,4023.0,1341.0,127.0,3073.0,0.0,0
10009,50,"Paracetamol (Acetaminophen) 500mg, Tab",2021-09-01,1896,0,1582,314,1.1984829329962072,35.95448798988622,1177.0,405.0,977.0,0.0,1341.0,3073.0,1896.0,0.0,1
10009,50,"Paracetamol (Acetaminophen) 500mg, Tab",2021-10-01,314,0,314,0,1.0,30.0,1582.0,-1268.0,1278.6666666666667,0.0,1341.0,1896.0,314.0,0.0,0
10009,50,"Paracetamol (Acetaminophen) 500mg, Tab",2022-01-01,0,2725,781,1944,0.0,0.0,314.0,467.0,1024.3333333333333,0.0,0.0,314.0,0.0,1.0,0
10009,50,"Paracetamol (Acetaminophen) 500mg, Tab",2022-03-01,1944,0,1834,110,1.059978189749182,31.79934569247546,781.0,1053.0,892.3333333333334,2725.0,908.3333333333334,0.0,1944.0,0.0,1
10009,50,"Paracetamol (Acetaminophen) 500mg, Tab",2022-04-01,110,0,110,0,1.0,30.0,1834.0,-1724.0,976.3333333333334,0.0,908.3333333333334,1944.0,110.0,0.0,0
10009,50,"Paracetamol (Acetaminophen) 500mg, Tab",2022-06-01,0,4092,896,3196,0.0,0.0,110.0,786.0,908.3333333333334,0.0,908.3333333333334,110.0,0.0,1.0,0
10009,50,"Paracetamol (Acetaminophen) 500mg, Tab",2022-09-01,3196,0,971,2225,3.291452111225541,98.74356333676624,896.0,75.0,946.6666666666666,4092.0,1364.0,0.0,3196.0,0.0,0
10009,50,"Paracetamol (Acetaminophen) 500mg, Tab",2022-12-01,2225,0,1619,606,1.3743051266213713,41.229153798641136,971.0,648.0,659.0,0.0,1364.0,3196.0,2225.0,0.0,1
10009,50,"Paracetamol (Acetaminophen) 500mg, Tab",2023-02-01,606,0,606,0,1.0,30.0,1619.0,-1013.0,1162.0,0.0,1364.0,2225.0,606.0,0.0,0
10009,50,"Paracetamol (Acetaminophen) 500mg, Tab",2023-03-01,0,1982,563,1419,0.0,0.0,606.0,-43.0,1065.3333333333333,0.0,0.0,606.0,0.0,1.0,0
10009,50,"Paracetamol (Acetaminophen) 500mg, Tab",2023-04-01,1419,0,712,707,1.992977528089888,59.78932584269663,563.0,149.0,929.3333333333334,1982.0,660.6666666666666,0.0,1419.0,0.0,1
10009,50,"Paracetamol (Acetaminophen) 500mg, Tab",2023-05-01,707,0,707,0,1.0,30.0,712.0,-5.0,627.0,0.0,660.6666666666666,1419.0,707.0,0.0,0
10009,50,"Paracetamol (Acetaminophen) 500mg, Tab",2023-07-01,0,2862,968,1894,0.0,0.0,707.0,261.0,660.6666666666666,0.0,660.6666666666666,707.0,0.0,1.0,0
10009,50,"Paracetamol (Acetaminophen) 500mg, Tab",2023-08-01,1894,0,1213,681,1.5614179719703216,46.84253915910965,968.0,245.0,795.6666666666666,2862.0,954.0,0.0,1894.0,0.0,1
10009,50,"Paracetamol (Acetaminophen) 500mg, Tab",2023-09-01,681,0,681,0,1.0,30.0,1213.0,-532.0,962.6666666666666,0.0,954.0,1894.0,681.0,0.0,1
10009,50,"Paracetamol (Acetaminophen) 500mg, Tab",2023-10-01,0,0,0,0,,,681.0,-681.0,954.0,0.0,954.0,681.0,0.0,1.0,1
10009,52,"Povidone Iodine 10%, Solution, Bot",2019-10-01,1,2,1,2,1.0,30.0,,,,,,,,,0
10009,52,"Povidone Iodine 10%, Solution, Bot",2019-12-01,2,0,0,2,,,1.0,-1.0,1.0,2.0,2.0,1.0,2.0,0.0,0
10009,52,"Povidone Iodine 10%, Solution, Bot",2020-01-01,2,0,1,1,2.0,60.0,0.0,1.0,0.5,0.0,1.0,2.0,2.0,0.0,0
10009,52,"Povidone Iodine 10%, Solution, Bot",2020-03-01,1,5,1,5,1.0,30.0,1.0,0.0,0.6666666666666666,0.0,0.6666666666666666,2.0,1.0,0.0,0
10009,52,"Povidone Iodine 10%, Solution, Bot",2020-07-01,5,0,1,4,5.0,150.0,1.0,0.0,0.6666666666666666,5.0,1.6666666666666667,1.0,5.0,0.0,0
10009,52,"Povidone Iodine 10%, Solution, Bot",2020-09-01,4,0,1,3,4.0,120.0,1.0,0.0,1.0,0.0,1.6666666666666667,5.0,4.0,0.0,0
10009,52,"Povidone Iodine 10%, Solution, Bot",2020-10-01,3,0,1,2,3.0,90.0,1.0,0.0,1.0,0.0,1.6666666666666667,4.0,3.0,0.0,0
10009,52,"Povidone Iodine 10%, Solution, Bot",2020-11-01,2,0,1,1,2.0,60.0,1.0,0.0,1.0,0.0,0.0,3.0,2.0,0.0,0
10009,52,"Povidone Iodine 10%, Solution, Bot",2020-12-01,1,4,0,5,,,1.0,-1.0,1.0,0.0,0.0,2.0,1.0,0.0,0
10009,52,"Povidone Iodine 10%, Solution, Bot",2021-01-01,5,0,1,4,5.0,150.0,0.0,1.0,0.6666666666666666,4.0,1.3333333333333333,1.0,5.0,0.0,0
10009,52,"Povidone Iodine 10%, Solution, Bot",2021-02-01,4,0,0,4,,,1.0,-1.0,0.6666666666666666,0.0,1.3333333333333333,5.0,4.0,0.0,0
10009,52,"Povidone Iodine 10%, Solution, Bot",2021-03-01,4,0,0,4,,,0.0,0.0,0.3333333333333333,0.0,1.3333333333333333,4.0,4.0,0.0,0
10009,52,"Povidone Iodine 10%, Solution, Bot",2021-04-01,4,0,0,4,,,0.0,0.0,0.3333333333333333,0.0,0.0,4.0,4.0,0.0,0
10009,52,"Povidone Iodine 10%, Solution, Bot",2021-05-01,4,0,1,3,4.0,120.0,0.0,1.0,0.0,0.0,0.0,4.0,4.0,0.0,0
10009,52,"Povidone Iodine 10%, Solution, Bot",2021-07-01,3,0,0,3,,,1.0,-1.0,0.3333333333333333,0.0,0.0,4.0,3.0,0.0,0
10009,52,"Povidone Iodine 10%, Solution, Bot",2021-08-01,3,0,1,2,3.0,90.0,0.0,1.0,0.3333333333333333,0.0,0.0,3.0,3.0,0.0,0
10009,52,"Povidone Iodine 10%, Solution, Bot",2021-09-01,2,0,0,2,,,1.0,-1.0,0.6666666666666666,0.0,0.0,3.0,2.0,0.0,0
10009,52,"Povidone Iodine 10%, Solution, Bot",2021-10-01,2,0,1,1,2.0,60.0,0.0,1.0,0.3333333333333333,0.0,0.0,2.0,2.0,0.0,1
10009,52,"Povidone Iodine 10%, Solution, Bot",2021-12-01,1,0,1,0,1.0,30.0,1.0,0.0,0.6666666666666666,0.0,0.0,2.0,1.0,0.0,0
10009,52,"Povidone Iodine 10%, Solution, Bot",2022-01-01,0,4,1,3,0.0,0.0,1.0,0.0,0.6666666666666666,0.0,0.0,1.0,0.0,1.0,0
10009,52,"Povidone Iodine 10%, Solution, Bot",2022-02-01,3,0,1,2,3.0,90.0,1.0,0.0,1.0,4.0,1.3333333333333333,0.0,3.0,0.0,0
10009,52,"Povidone Iodine 10%, Solution, Bot",2022-03-01,2,0,1,1,2.0,60.0,1.0,0.0,1.0,0.0,1.3333333333333333,3.0,2.0,0.0,0
10009,52,"Povidone Iodine 10%, Solution, Bot",2022-04-01,1,5,0,6,,,1.0,-1.0,1.0,0.0,1.3333333333333333,2.0,1.0,0.0,0
10009,52,"Povidone Iodine 10%, Solution, Bot",2022-05-01,6,0,0,6,,,0.0,0.0,0.6666666666666666,5.0,1.6666666666666667,1.0,6.0,0.0,0
10009,52,"Povidone Iodine 10%, Solution, Bot",2022-07-01,6,0,1,5,6.0,180.0,0.0,1.0,0.3333333333333333,0.0,1.6666666666666667,6.0,6.0,0.0,0
10009,52,"Povidone Iodine 10%, Solution, Bot",2022-09-01,5,0,0,5,,,1.0,-1.0,0.3333333333333333,0.0,1.6666666666666667,6.0,5.0,0.0,0
10009,52,"Povidone Iodine 10%, Solution, Bot",2022-10-01,5,0,1,4,5.0,150.0,0.0,1.0,0.3333333333333333,0.0,0.0,5.0,5.0,0.0,0
10009,52,"Povidone Iodine 10%, Solution, Bot",2022-11-01,4,0,1,3,4.0,120.0,1.0,0.0,0.6666666666666666,0.0,0.0,5.0,4.0,0.0,0
10009,52,"Povidone Iodine 10%, Solution, Bot",2023-02-01,3,0,1,2,3.0,90.0,1.0,0.0,0.6666666666666666,0.0,0.0,4.0,3.0,0.0,0
10009,52,"Povidone Iodine 10%, Solution, Bot",2023-03-01,2,0,1,1,2.0,60.0,1.0,0.0,1.0,0.0,0.0,3.0,2.0,0.0,0
10009,52,"Povidone Iodine 10%, Solution, Bot",2023-04-01,1,4,2,3,0.5,15.0,1.0,1.0,1.0,0.0,0.0,2.0,1.0,0.0,0
10009,52,"Povidone Iodine 10%, Solution, Bot",2023-05-01,3,0,1,2,3.0,90.0,2.0,-1.0,1.3333333333333333,4.0,1.3333333333333333,1.0,3.0,0.0,0
10009,52,"Povidone Iodine 10%, Solution, Bot",2023-06-01,2,0,0,2,,,1.0,-1.0,1.3333333333333333,0.0,1.3333333333333333,3.0,2.0,0.0,0
10009,52,"Povidone Iodine 10%, Solution, Bot",2023-07-01,2,0,0,2,,,0.0,0.0,1.0,0.0,1.3333333333333333,2.0,2.0,0.0,0
10009,52,"Povidone Iodine 10%, Solution, Bot",2023-08-01,2,0,0,2,,,0.0,0.0,0.3333333333333333,0.0,0.0,2.0,2.0,0.0,0
10010,19,"Ferrous Sulphate 200mg, Tab",2019-10-01,500,0,494,6,1.0121457489878545,30.364372469635622,,,,,,,,,1
10010,19,"Ferrous Sulphate 200mg, Tab",2019-11-01,6,0,6,0,1.0,30.0,494.0,-488.0,494.0,0.0,0.0,500.0,6.0,0.0,0
10010,19,"Ferrous Sulphate 200mg, Tab",2019-12-01,0,2533,481,2052,0.0,0.0,6.0,475.0,250.0,0.0,0.0,6.0,0.0,1.0,0
10010,19,"Ferrous Sulphate 200mg, Tab",2020-02-01,2052,0,481,1571,4.266112266112266,127.98336798336798,481.0,0.0,327.0,2533.0,844.3333333333334,0.0,2052.0,0.0,0
10010,19,"Ferrous Sulphate 200mg, Tab",2020-03-01,1571,0,325,1246,4.833846153846154,145.01538461538462,481.0,-156.0,322.6666666666667,0.0,844.3333333333334,2052.0,1571.0,0.0,0
10010,19,"Ferrous Sulphate 200mg, Tab",2020-04-01,1246,0,671,575,1.8569299552906111,55.707898658718335,325.0,346.0,429.0,0.0,844.3333333333334,1571.0,1246.0,0.0,0
10010,19,"Ferrous Sulphate 200mg, Tab",2020-05-01,575,2596,700,2471,0.8214285714285714,24.642857142857142,671.0,29.0,492.3333333333333,0.0,0.0,1246.0,575.0,0.0,0
10010,19,"Ferrous Sulphate 200mg, Tab",2020-06-01,2471,0,729,1742,3.3895747599451305,101.6872427983539,700.0,29.0,565.3333333333334,2596.0,865.3333333333334,575.0,2471.0,0.0,0
10010,19,"Ferrous Sulphate 200mg, Tab",2020-07-01,1742,0,479,1263,3.636743215031315,109.10229645093943,729.0,-250.0,700.0,0.0,865.3333333333334,2471.0,1742.0,0.0,0
10010,19,"Ferrous Sulphate 200mg, Tab",2020-11-01,1263,0,608,655,2.077302631578948,62.31907894736842,479.0,129.0,636.0,0.0,865.3333333333334,1742.0,1263.0,0.0,0
10010,19,"Ferrous Sulphate 200mg, Tab",2021-01-01,655,1105,475,1285,1.3789473684210527,41.36842105263158,608.0,-133.0,605.3333333333334,0.0,0.0,1263.0,655.0,0.0,0
10010,19,"Ferrous Sulphate 200mg, Tab",2021-06-01,1285,0,639,646,2.01095461658842,60.32863849765258,475.0,164.0,520.6666666666666,1105.0,368.3333333333333,655.0,1285.0,0.0,0
10010,19,"Ferrous Sulphate 200mg, Tab",2021-08-01,646,0,398,248,1.6231155778894473,48.69346733668342,639.0,-241.0,574.0,0.0,368.3333333333333,1285.0,646.0,0.0,0
10010,19,"Ferrous Sulphate 200mg, Tab",2021-10-01,248,2799,426,2621,0.5821596244131455,17.464788732394364,398.0,28.0,504.0,0.0,368.3333333333333,646.0,248.0,0.0,0
10010,19,"Ferrous Sulphate 200mg, Tab",2021-11-01,2621,0,559,2062,4.688729874776387,140.6618962432916,426.0,133.0,487.6666666666667,2799.0,933.0,248.0,2621.0,0.0,0
10010,19,"Ferrous Sulphate 200mg, Tab",2022-01-01,2062,0,609,1453,3.3858784893267653,101.57635467980296,559.0,50.0,461.0,0.0,933.0,2621.0,2062.0,0.0,0
10010,19,"Ferrous Sulphate 200mg, Tab",2022-05-01,1453,0,575,878,2.5269565217391303,75.80869565217391,609.0,-34.0,531.3333333333334,0.0,933.0,2062.0,1453.0,0.0,0
10010,19,"Ferrous Sulphate 200mg, Tab",2022-06-01,878,0,799,79,1.0988735919899877,32.96620775969962,575.0,224.0,581.0,0.0,0.0,1453.0,878.0,0.0,0
10010,19,"Ferrous Sulphate 200mg, Tab",2022-07-01,79,2219,509,1789,0.1552062868369351,4.656188605108055,799.0,-290.0,661.0,0.0,0.0,878.0,79.0,0.0,0
10010,19,"Ferrous Sulphate 200mg, Tab",2022-08-01,1789,0,705,1084,2.537588652482269,76.12765957446808,509.0,196.0,627.6666666666666,2219.0,739.6666666666666,79.0,1789.0,0.0,0
10010,19,"Ferrous Sulphate 200mg, Tab",2022-09-01,1084,0,713,371,1.5203366058906032,45.6100981767181,705.0,8.0,671.0,0.0,739.6666666666666,1789.0,1084.0,0.0,1
10010,19,"Ferrous Sulphate 200mg, Tab",2022-11-01,371,0,371,0,1.0,30.0,713.0,-342.0,642.3333333333334,0.0,739.6666666666666,1084.0,371.0,0.0,0
10010,19,"Ferrous Sulphate 200mg, Tab",2022-12-01,0,1111,715,396,0.0,0.0,371.0,344.0,596.3333333333334,0.0,0.0,371.0,0.0,1.0,1
10010,19,"Ferrous Sulphate 200mg, Tab",2023-01-01,396,0,396,0,1.0,30.0,715.0,-319.0,599.6666666666666,1111.0,370.3333333333333,0.0,396.0,0.0,1
10010,19,"Ferrous Sulphate 200mg, Tab",2023-03-01,0,0,0,0,,,396.0,-396.0,494.0,0.0,370.3333333333333,396.0,0.0,1.0,0
10010,19,"Ferrous Sulphate 200mg, Tab",2023-09-01,0,2081,612,1469,0.0,0.0,0.0,612.0,370.3333333333333,0.0,370.3333333333333,0.0,0.0,1.0,0
10010,19,"Ferrous Sulphate 200mg, Tab",2023-10-01,1469,0,690,779,2.128985507246377,63.86956521739131,612.0,78.0,336.0,2081.0,693.6666666666666,0.0,1469.0,0.0,0
10010,22,"Salbutamol 100mcg/dose, Aerosol, Inhaler",2019-10-01,1,8,2,7,0.5,15.0,,,,,,,,,0
10010,22,"Salbutamol 100mcg/dose, Aerosol, Inhaler",2019-11-01,7,0,1,6,7.0,210.0,2.0,-1.0,2.0,8.0,8.0,1.0,7.0,0.0,0
10010,22,"Salbutamol 100mcg/dose, Aerosol, Inhaler",2019-12-01,6,0,0,6,,,1.0,-1.0,1.5,0.0,4.0,7.0,6.0,0.0,0
10010,22,"Salbutamol 100mcg/dose, Aerosol, Inhaler",2020-02-01,6,0,0,6,,,0.0,0.0,1.0,0.0,2.6666666666666665,6.0,6.0,0.0,0
10010,22,"Salbutamol 100mcg/dose, Aerosol, Inhaler",2020-03-01,6,0,1,5,6.0,180.0,0.0,1.0,0.3333333333333333,0.0,0.0,6.0,6.0,0.0,0
10010,22,"Salbutamol 100mcg/dose, Aerosol, Inhaler",2020-04-01,5,0,2,3,2.5,75.0,1.0,1.0,0.3333333333333333,0.0,0.0,6.0,5.0,0.0,0
10010,22,"Salbutamol 100mcg/dose, Aerosol, Inhaler",2020-07-01,3,0,0,3,,,2.0,-2.0,1.0,0.0,0.0,5.0,3.0,0.0,0
10010,22,"Salbutamol 100mcg/dose, Aerosol, Inhaler",2020-08-01,3,0,0,3,,,0.0,0.0,1.0,0.0,0.0,3.0,3.0,0.0,0
10010,22,"Salbutamol 100mcg/dose, Aerosol, Inhaler",2020-09-01,3,0,1,2,3.0,90.0,0.0,1.0,0.6666666666666666,0.0,0.0,3.0,3.0,0.0,0
10010,22,"Salbutamol 100mcg/dose, Aerosol, Inhaler",2020-10-01,2,8,3,7,0.6666666666666666,20.0,1.0,2.0,0.3333333333333333,0.0,0.0,3.0,2.0,0.0,0
10010,22,"Salbutamol 100mcg/dose, Aerosol, Inhaler",2020-11-01,7,0,2,5,3.5,105.0,3.0,-1.0,1.3333333333333333,8.0,2.6666666666666665,2.0,7.0,0.0,0
10010,22,"Salbutamol 100mcg/dose, Aerosol, Inhaler",2020-12-01,5,0,1,4,5.0,150.0,2.0,-1.0,2.0,0.0,2.6666666666666665,7.0,5.0,0.0,0
10010,22,"Salbutamol 100mcg/dose, Aerosol, Inhaler",2021-01-01,4,0,1,3,4.0,120.0,1.0,0.0,2.0,0.0,2.6666666666666665,5.0,4.0,0.0,0
10010,22,"Salbutamol 100mcg/dose, Aerosol, Inhaler",2021-02-01,3,0,2,1,1.5,45.0,1.0,1.0,1.3333333333333333,0.0,0.0,4.0,3.0,0.0,1
10010,22,"Salbutamol 100mcg/dose, Aerosol, Inhaler",2021-03-01,1,0,1,0,1.0,30.0,2.0,-1.0,1.3333333333333333,0.0,0.0,3.0,1.0,0.0,0
10010,22,"Salbutamol 100mcg/dose, Aerosol, Inhaler",2021-04-01,0,7,1,6,0.0,0.0,1.0,0.0,1.3333333333333333,0.0,0.0,1.0,0.0,1.0,0
10010,22,"Salbutamol 100mcg/dose, Aerosol, Inhaler",2021-05-01,6,0,2,4,3.0,90.0,1.0,1.0,1.3333333333333333,7.0,2.333333333333333,0.0,6.0,0.0,0
10010,22,"Salbutamol 100mcg/dose, Aerosol, Inhaler",2021-06-01,4,0,0,4,,,2.0,-2.0,1.3333333333333333,0.0,2.333333333333333,6.0,4.0,0.0,0
10010,22,"Salbutamol 100mcg/dose, Aerosol, Inhaler",2021-07-01,4,0,3,1,1.3333333333333333,40.0,0.0,3.0,1.0,0.0,2.333333333333333,4.0,4.0,0.0,0
10010,22,"Salbutamol 100mcg/dose, Aerosol, Inhaler",2021-08-01,1,0,0,1,,,3.0,-3.0,1.6666666666666667,0.0,0.0,4.0,1.0,0.0,0
10010,22,"Salbutamol 100mcg/dose, Aerosol, Inhaler",2021-09-01,1,8,3,6,0.3333333333333333,10.0,0.0,3.0,1.0,0.0,0.0,1.0,1.0,0.0,0
10010,22,"Salbutamol 100mcg/dose, Aerosol, Inhaler",2021-11-01,6,0,3,3,2.0,60.0,3.0,0.0,2.0,8.0,2.6666666666666665,1.0,6.0,0.0,0
10010,22,"Salbutamol 100mcg/dose, Aerosol, Inhaler",2021-12-01,3,0,2,1,1.5,45.0,3.0,-1.0,2.0,0.0,2.6666666666666665,6.0,3.0,0.0,0
10010,22,"Salbutamol 100mcg/dose, Aerosol, Inhaler",2022-01-01,1,8,1,8,1.0,30.0,2.0,-1.0,2.6666666666666665,0.0,2.6666666666666665,3.0,1.0,0.0,0
10010,22,"Salbutamol 100mcg/dose, Aerosol, Inhaler",2022-02-01,8,0,2,6,4.0,120.0,1.0,1.0,2.0,8.0,2.6666666666666665,1.0,8.0,0.0,0
10010,22,"Salbutamol 100mcg/dose, Aerosol, Inhaler",2022-03-01,6,0,1,5,6.0,180.0,2.0,-1.0,1.6666666666666667,0.0,2.6666666666666665,8.0,6.0,0.0,0
10010,22,"Salbutamol 100mcg/dose, Aerosol, Inhaler",2022-05-01,5,0,4,1,1.25,37.5,1.0,3.0,1.3333333333333333,0.0,2.6666666666666665,6.0,5.0,0.0,0
10010,22,"Salbutamol 100mcg/dose, Aerosol, Inhaler",2022-06-01,1,8,2,7,0.5,15.0,4.0,-2.0,2.333333333333333,0.0,0.0,5.0,1.0,0.0,0
10010,22,"Salbutamol 100mcg/dose, Aerosol, Inhaler",2022-07-01,7,0,3,4,2.333333333333333,70.0,2.0,1.0,2.333333333333333,8.0,2.6666666666666665,1.0,7.0,0.0,0
10010,22,"Salbutamol 100mcg/dose, Aerosol, Inhaler",2022-08-01,4,0,1,3,4.0,120.0,3.0,-2.0,3.0,0.0,2.6666666666666665,7.0,4.0,0.0,0
10010,22,"Salbutamol 100mcg/dose, Aerosol, Inhaler",2022-09-01,3,0,1,2,3.0,90.0,1.0,0.0,2.0,0.0,2.6666666666666665,4.0,3.0,0.0,0
10010,22,"Salbutamol 100mcg/dose, Aerosol, Inhaler",2022-10-01,2,5,4,3,0.5,15.0,1.0,3.0,1.6666666666666667,0.0,0.0,3.0,2.0,0.0,0
10010,22,"Salbutamol 100mcg/dose, Aerosol, Inhaler",2022-12-01,3,0,0,3,,,4.0,-4.0,2.0,5.0,1.6666666666666667,2.0,3.0,0.0,1
10010,22,"Salbutamol 100mcg/dose, Aerosol, Inhaler",2023-01-01,3,0,3,0,1.0,30.0,0.0,3.0,1.6666666666666667,0.0,1.6666666666666667,3.0,3.0,0.0,0
10010,22,"Salbutamol 100mcg/dose, Aerosol, Inhaler",2023-02-01,0,8,1,7,0.0,0.0,3.0,-2.0,2.333333333333333,0.0,1.6666666666666667,3.0,0.0,1.0,0
10010,22,"Salbutamol 100mcg/dose, Aerosol, Inhaler",2023-04-01,7,0,1,6,7.0,210.0,1.0,0.0,1.3333333333333333,8.0,2.6666666666666665,0.0,7.0,0.0,0
10010,22,"Salbutamol 100mcg/dose, Aerosol, Inhaler",2023-05-01,6,0,2,4,3.0,90.0,1.0,1.0,1.6666666666666667,0.0,2.6666666666666665,7.0,6.0,0.0,0
10010,22,"Salbutamol 100mcg/dose, Aerosol, Inhaler",2023-06-01,4,0,0,4,,,2.0,-2.0,1.3333333333333333,0.0,2.6666666666666665,6.0,4.0,0.0,0
10010,22,"Salbutamol 100mcg/dose, Aerosol, Inhaler",2023-07-01,4,0,3,1,1.3333333333333333,40.0,0.0,3.0,1.0,0.0,0.0,4.0,4.0,0.0,0
10010,22,"Salbutamol 100mcg/dose, Aerosol, Inhaler",2023-08-01,1,7,3,5,0.3333333333333333,10.0,3.0,0.0,1.6666666666666667,0.0,0.0,4.0,1.0,0.0,0
10010,22,"Salbutamol 100mcg/dose, Aerosol, Inhaler",2023-09-01,5,0,2,3,2.5,75.0,3.0,-1.0,2.0,7.0,2.333333333333333,1.0,5.0,0.0,0
10010,22,"Salbutamol 100mcg/dose, Aerosol, Inhaler",2023-10-01,3,0,1,2,3.0,90.0,2.0,-1.0,2.6666666666666665,0.0,2.333333333333333,5.0,3.0,0.0,0
10010,28,"Benzyl Benzoate 25%, Emulsion, 100ml, Bot",2019-10-01,16,0,16,0,1.0,30.0,,,,,,,,,0
10010,28,"Benzyl Benzoate 25%, Emulsion, 100ml, Bot",2019-11-01,0,83,36,47,0.0,0.0,16.0,20.0,16.0,0.0,0.0,16.0,0.0,1.0,0
10010,28,"Benzyl Benzoate 25%, Emulsion, 100ml, Bot",2020-01-01,47,0,17,30,2.764705882352941,82.94117647058823,36.0,-19.0,26.0,83.0,41.5,0.0,47.0,0.0,0
10010,28,"Benzyl Benzoate 25%, Emulsion, 100ml, Bot",2020-02-01,30,121,27,124,1.1111111111111112,33.333333333333336,17.0,10.0,23.0,0.0,27.666666666666668,47.0,30.0,0.0,0
10010,28,"Benzyl Benzoate 25%, Emulsion, 100ml, Bot",2020-03-01,124,0,45,79,2.7555555555555555,82.66666666666667,27.0,18.0,26.666666666666668,121.0,68.0,30.0,124.0,0.0,0
10010,28,"Benzyl Benzoate 25%, Emulsion, 100ml, Bot",2020-04-01,79,0,25,54,3.16,94.8,45.0,-20.0,29.666666666666668,0.0,40.333333333333336,124.0,79.0,0.0,0
10010,28,"Benzyl Benzoate 25%, Emulsion, 100ml, Bot",2020-06-01,54,0,18,36,3.0,90.0,25.0,-7.0,32.333333333333336,0.0,40.333333333333336,79.0,54.0,0.0,1
10010,28,"Benzyl Benzoate 25%, Emulsion, 100ml, Bot",2020-07-01,36,0,36,0,1.0,30.0,18.0,18.0,29.33333333333333,0.0,0.0,54.0,36.0,0.0,0
10010,28,"Benzyl Benzoate 25%, Emulsion, 100ml, Bot",2020-09-01,0,113,38,75,0.0,0.0,36.0,2.0,26.33333333333333,0.0,0.0,36.0,0.0,1.0,0
10010,28,"Benzyl Benzoate 25%, Emulsion, 100ml, Bot",2020-10-01,75,0,20,55,3.75,112.5,38.0,-18.0,30.666666666666668,113.0,37.66666666666666,0.0,75.0,0.0,0
10010,28,"Benzyl Benzoate 25%, Emulsion, 100ml, Bot",2020-11-01,55,0,11,44,5.0,150.0,20.0,-9.0,31.33333333333333,0.0,37.66666666666666,75.0,55.0,0.0,0
10010,28,"Benzyl Benzoate 25%, Emulsion, 100ml, Bot",2020-12-01,44,0,36,8,1.2222222222222223,36.66666666666667,11.0,25.0,23.0,0.0,37.66666666666666,55.0,44.0,0.0,0
10010,28,"Benzyl Benzoate 25%, Emulsion, 100ml, Bot",2021-01-01,8,59,19,48,0.4210526315789473,12.63157894736842,36.0,-17.0,22.33333333333333,0.0,0.0,44.0,8.0,0.0,0
10010,28,"Benzyl Benzoate 25%, Emulsion, 100ml, Bot",2021-02-01,48,0,12,36,4.0,120.0,19.0,-7.0,22.0,59.0,19.666666666666668,8.0,48.0,0.0,0
10010,28,"Benzyl Benzoate 25%, Emulsion, 100ml, Bot",2021-03-01,36,0,32,4,1.125,33.75,12.0,20.0,22.33333333333333,0.0,19.666666666666668,48.0,36.0,0.0,0
10010,28,"Benzyl Benzoate 25%, Emulsion, 100ml, Bot",2021-04-01,4,126,37,93,0.1081081081081081,3.2432432432432434,32.0,5.0,21.0,0.0,19.666666666666668,36.0,4.0,0.0,0
10010,28,"Benzyl Benzoate 25%, Emulsion, 100ml, Bot",2021-05-01,93,0,33,60,2.8181818181818183,84.54545454545455,37.0,-4.0,27.0,126.0,42.0,4.0,93.0,0.0,0
10010,28,"Benzyl Benzoate 25%, Emulsion, 100ml, Bot",2021-06-01,60,0,20,40,3.0,90.0,33.0,-13.0,34.0,0.0,42.0,93.0,60.0,0.0,0
10010,28,"Benzyl Benzoate 25%, Emulsion, 100ml, Bot",2021-07-01,40,0,23,17,1.7391304347826086,52.17391304347826,20.0,3.0,30.0,0.0,42.0,60.0,40.0,0.0,0
10010,28,"Benzyl Benzoate 25%, Emulsion, 100ml, Bot",2021-08-01,17,108,26,99,0.6538461538461539,19.615384615384617,23.0,3.0,25.33333333333333,0.0,0.0,40.0,17.0,0.0,0
10010,28,"Benzyl Benzoate 25%, Emulsion, 100ml, Bot",2021-09-01,99,0,31,68,3.193548387096774,95.80645161290322,26.0,5.0,23.0,108.0,36.0,17.0,99.0,0.0,0
10010,28,"Benzyl Benzoate 25%, Emulsion, 100ml, Bot",2021-10-01,68,0,33,35,2.060606060606061,61.81818181818181,31.0,2.0,26.666666666666668,0.0,36.0,99.0,68.0,0.0,1
10010,28,"Benzyl Benzoate 25%, Emulsion, 100ml, Bot",2021-11-01,35,0,35,0,1.0,30.0,33.0,2.0,30.0,0.0,36.0,68.0,35.0,0.0,1
10010,28,"Benzyl Benzoate 25%, Emulsion, 100ml, Bot",2021-12-01,0,53,53,0,0.0,0.0,35.0,18.0,33.0,0.0,0.0,35.0,0.0,1.0,1
10010,28,"Benzyl Benzoate 25%, Emulsion, 100ml, Bot",2022-01-01,0,0,0,0,,,53.0,-53.0,40.333333333333336,53.0,17.666666666666668,0.0,0.0,1.0,0
10010,28,"Benzyl Benzoate 25%, Emulsion, 100ml, Bot",2022-02-01,0,73,0,73,,,0.0,0.0,29.33333333333333,0.0,17.666666666666668,0.0,0.0,1.0,0
10010,28,"Benzyl Benzoate 25%, Emulsion, 100ml, Bot",2022-03-01,73,0,8,65,9.125,273.75,0.0,8.0,17.666666666666668,73.0,42.0,0.0,73.0,0.0,0
10010,28,"Benzyl Benzoate 25%, Emulsion, 100ml, Bot",2022-04-01,65,0,22,43,2.9545454545454546,88.63636363636364,8.0,14.0,2.6666666666666665,0.0,24.33333333333333,73.0,65.0,0.0,0
10010,28,"Benzyl Benzoate 25%, Emulsion, 100ml, Bot",2022-05-01,43,0,10,33,4.3,129.0,22.0,-12.0,10.0,0.0,24.33333333333333,65.0,43.0,0.0,1
10010,28,"Benzyl Benzoate 25%, Emulsion, 100ml, Bot",2022-06-01,33,0,33,0,1.0,30.0,10.0,23.0,13.333333333333334,0.0,0.0,43.0,33.0,0.0,1
10010,28,"Benzyl Benzoate 25%, Emulsion, 100ml, Bot",2022-07-01,0,0,0,0,,,33.0,-33.0,21.666666666666668,0.0,0.0,33.0,0.0,1.0,0
10010,28,"Benzyl Benzoate 25%, Emulsion, 100ml, Bot",2022-08-01,0,123,29,94,0.0,0.0,0.0,29.0,14.333333333333334,0.0,0.0,0.0,0.0,1.0,0
10010,28,"Benzyl Benzoate 25%, Emulsion, 100ml, Bot",2022-10-01,94,0,24,70,3.9166666666666665,117.5,29.0,-5.0,20.666666666666668,123.0,41.0,0.0,94.0,0.0,0
10010,28,"Benzyl Benzoate 25%, Emulsion, 100ml, Bot",2022-12-01,70,0,36,34,1.9444444444444444,58.333333333333336,24.0,12.0,17.666666666666668,0.0,41.0,94.0,70.0,0.0,0
10010,28,"Benzyl Benzoate 25%, Emulsion, 100ml, Bot",2023-01-01,34,0,26,8,1.3076923076923077,39.23076923076923,36.0,-10.0,29.666666666666668,0.0,41.0,70.0,34.0,0.0,1
10010,28,"Benzyl Benzoate 25%, Emulsion, 100ml, Bot",2023-02-01,8,0,8,0,1.0,30.0,26.0,-18.0,28.666666666666668,0.0,0.0,34.0,8.0,0.0,0
10010,28,"Benzyl Benzoate 25%, Emulsion, 100ml, Bot",2023-03-01,0,70,33,37,0.0,0.0,8.0,25.0,23.33333333333333,0.0,0.0,8.0,0.0,1.0,0
10010,28,"Benzyl Benzoate 25%, Emulsion, 100ml, Bot",2023-04-01,37,0,19,18,1.947368421052632,58.42105263157895,33.0,-14.0,22.33333333333333,70.0,23.33333333333333,0.0,37.0,0.0,0
10010,28,"Benzyl Benzoate 25%, Emulsion, 100ml, Bot",2023-05-01,18,0,13,5,1.3846153846153846,41.53846153846154,19.0,-6.0,20.0,0.0,23.33333333333333,37.0,18.0,0.0,0
10010,28,"Benzyl Benzoate 25%, Emulsion, 100ml, Bot",2023-06-01,5,126,29,102,0.1724137931034483,5.172413793103448,13.0,16.0,21.666666666666668,0.0,23.33333333333333,18.0,5.0,0.0,0
10010,28,"Benzyl Benzoate 25%, Emulsion, 100ml, Bot",2023-07-01,102,0,17,85,6.0,180.0,29.0,-12.0,20.33333333333333,126.0,42.0,5.0,102.0,0.0,0
10010,28,"Benzyl Benzoate 25%, Emulsion, 100ml, Bot",2023-08-01,85,0,7,78,12.142857142857142,364.2857142857143,17.0,-10.0,19.666666666666668,0.0,42.0,102.0,85.0,0.0,0
10010,28,"Benzyl Benzoate 25%, Emulsion, 100ml, Bot",2023-09-01,78,0,14,64,5.571428571428571,167.14285714285714,7.0,7.0,17.666666666666668,0.0,42.0,85.0,78.0,0.0,0
10010,28,"Benzyl Benzoate 25%, Emulsion, 100ml, Bot",2023-10-01,64,0,37,27,1.7297297297297298,51.891891891891895,14.0,23.0,12.666666666666666,0.0,0.0,78.0,64.0,0.0,0
10010,32,"Ampicillin 500mg, Pdr for IM/IV, Inj, Vial",2019-10-01,50,0,37,13,1.351351351351351,40.54054054054054,,,,,,,,,0
10010,32,"Ampicillin 500mg, Pdr for IM/IV, Inj, Vial",2019-11-01,13,128,42,99,0.3095238095238095,9.285714285714286,37.0,5.0,37.0,0.0,0.0,50.0,13.0,0.0,0
10010,32,"Ampicillin 500mg, Pdr for IM/IV, Inj, Vial",2019-12-01,99,0,58,41,1.706896551724138,51.206896551724135,42.0,16.0,39.5,128.0,64.0,13.0,99.0,0.0,0
10010,32,"Ampicillin 500mg, Pdr for IM/IV, Inj, Vial",2020-01-01,41,100,62,79,0.6612903225806451,19.838709677419352,58.0,4.0,45.66666666666666,0.0,42.66666666666666,99.0,41.0,0.0,0
10010,32,"Ampicillin 500mg, Pdr for IM/IV, Inj, Vial",2020-02-01,79,0,70,9,1.1285714285714286,33.857142857142854,62.0,8.0,54.0,100.0,76.0,41.0,79.0,0.0,0
10010,32,"Ampicillin 500mg, Pdr for IM/IV, Inj, Vial",2020-03-01,9,141,38,112,0.2368421052631578,7.105263157894736,70.0,-32.0,63.333333333333336,0.0,33.333333333333336,79.0,9.0,0.0,0
10010,32,"Ampicillin 500mg, Pdr for IM/IV, Inj, Vial",2020-04-01,112,0,29,83,3.8620689655172415,115.86206896551724,38.0,-9.0,56.66666666666666,141.0,80.33333333333333,9.0,112.0,0.0,0
10010,32,"Ampicillin 500mg, Pdr for IM/IV, Inj, Vial",2020-05-01,83,0,69,14,1.2028985507246377,36.08695652173913,29.0,40.0,45.66666666666666,0.0,47.0,112.0,83.0,0.0,0
10010,32,"Ampicillin 500mg, Pdr for IM/IV, Inj, Vial",2020-06-01,14,167,23,158,0.6086956521739131,18.26086956521739,69.0,-46.0,45.333333333333336,0.0,47.0,83.0,14.0,0.0,0
10010,32,"Ampicillin 500mg, Pdr for IM/IV, Inj, Vial",2020-08-01,158,0,14,144,11.285714285714286,338.5714285714286,23.0,-9.0,40.333333333333336,167.0,55.66666666666666,14.0,158.0,0.0,0
10010,32,"Ampicillin 500mg, Pdr for IM/IV, Inj, Vial",2020-09-01,144,0,23,121,6.260869565217392,187.82608695652172,14.0,9.0,35.333333333333336,0.0,55.66666666666666,158.0,144.0,0.0,0
10010,32,"Ampicillin 500mg, Pdr for IM/IV, Inj, Vial",2020-10-01,121,0,34,87,3.5588235294117645,106.76470588235291,23.0,11.0,20.0,0.0,55.66666666666666,144.0,121.0,0.0,0
10010,32,"Ampicillin 500mg, Pdr for IM/IV, Inj, Vial",2020-11-01,87,0,43,44,2.0232558139534884,60.69767441860465,34.0,9.0,23.666666666666668,0.0,0.0,121.0,87.0,0.0,0
10010,32,"Ampicillin 500mg, Pdr for IM/IV, Inj, Vial",2020-12-01,44,186,49,181,0.8979591836734694,26.93877551020408,43.0,6.0,33.333333333333336,0.0,0.0,87.0,44.0,0.0,0
10010,32,"Ampicillin 500mg, Pdr for IM/IV, Inj, Vial",2021-01-01,181,0,60,121,3.0166666666666666,90.5,49.0,11.0,42.0,186.0,62.0,44.0,181.0,0.0,0
10010,32,"Ampicillin 500mg, Pdr for IM/IV, Inj, Vial",2021-03-01,121,0,35,86,3.4571428571428573,103.71428571428572,60.0,-25.0,50.66666666666666,0.0,62.0,181.0,121.0,0.0,0
10010,32,"Ampicillin 500mg, Pdr for IM/IV, Inj, Vial",2021-04-01,86,0,58,28,1.4827586206896552,44.48275862068966,35.0,23.0,48.0,0.0,62.0,121.0,86.0,0.0,0
10010,32,"Ampicillin 500mg, Pdr for IM/IV, Inj, Vial",2021-05-01,28,69,30,67,0.9333333333333332,28.0,58.0,-28.0,51.0,0.0,0.0,86.0,28.0,0.0,0
10010,32,"Ampicillin 500mg, Pdr for IM/IV, Inj, Vial",2021-06-01,67,0,25,42,2.68,80.4,30.0,-5.0,41.0,69.0,23.0,28.0,67.0,0.0,0
10010,32,"Ampicillin 500mg, Pdr for IM/IV, Inj, Vial",2021-07-01,42,90,49,83,0.8571428571428571,25.71428571428571,25.0,24.0,37.66666666666666,0.0,23.0,67.0,42.0,0.0,0
10010,32,"Ampicillin 500mg, Pdr for IM/IV, Inj, Vial",2021-08-01,83,0,67,16,1.2388059701492538,37.16417910447761,49.0,18.0,34.666666666666664,90.0,53.0,42.0,83.0,0.0,0
10010,32,"Ampicillin 500mg, Pdr for IM/IV, Inj, Vial",2021-09-01,16,157,6,167,2.6666666666666665,80.0,67.0,-61.0,47.0,0.0,30.0,83.0,16.0,0.0,0
10010,32,"Ampicillin 500mg, Pdr for IM/IV, Inj, Vial",2021-10-01,167,0,24,143,6.958333333333333,208.75,6.0,18.0,40.66666666666666,157.0,82.33333333333333,16.0,167.0,0.0,0
10010,32,"Ampicillin 500mg, Pdr for IM/IV, Inj, Vial",2021-11-01,143,0,79,64,1.810126582278481,54.30379746835443,24.0,55.0,32.333333333333336,0.0,52.333333333333336,167.0,143.0,0.0,0
10010,32,"Ampicillin 500mg, Pdr for IM/IV, Inj, Vial",2021-12-01,64,0,19,45,3.3684210526315788,101.05263157894736,79.0,-60.0,36.333333333333336,0.0,52.333333333333336,143.0,64.0,0.0,0
10010,32,"Ampicillin 500mg, Pdr for IM/IV, Inj, Vial",2022-01-01,45,104,13,136,3.4615384615384617,103.84615384615384,19.0,-6.0,40.66666666666666,0.0,0.0,64.0,45.0,0.0,0
10010,32,"Ampicillin 500mg, Pdr for IM/IV, Inj, Vial",2022-02-01,136,0,34,102,4.0,120.0,13.0,21.0,37.0,104.0,34.666666666666664,45.0,136.0,0.0,0
10010,32,"Ampicillin 500mg, Pdr for IM/IV, Inj, Vial",2022-03-01,102,0,33,69,3.090909090909091,92.72727272727272,34.0,-1.0,22.0,0.0,34.666666666666664,136.0,102.0,0.0,0
10010,32,"Ampicillin 500mg, Pdr for IM/IV, Inj, Vial",2022-04-01,69,0,28,41,2.4642857142857144,73.92857142857143,33.0,-5.0,26.666666666666668,0.0,34.666666666666664,102.0,69.0,0.0,0
10010,32,"Ampicillin 500mg, Pdr for IM/IV, Inj, Vial",2022-05-01,41,0,30,11,1.3666666666666667,41.0,28.0,2.0,31.666666666666668,0.0,0.0,69.0,41.0,0.0,0
10010,32,"Ampicillin 500mg, Pdr for IM/IV, Inj, Vial",2022-07-01,11,190,25,176,0.44,13.2,30.0,-5.0,30.33333333333333,0.0,0.0,41.0,11.0,0.0,0
10010,32,"Ampicillin 500mg, Pdr for IM/IV, Inj, Vial",2022-08-01,176,0,23,153,7.6521739130434785,229.56521739130437,25.0,-2.0,27.666666666666668,190.0,63.333333333333336,11.0,176.0,0.0,0
10010,32,"Ampicillin 500mg, Pdr for IM/IV, Inj, Vial",2022-09-01,153,0,41,112,3.731707317073171,111.95121951219512,23.0,18.0,26.0,0.0,63.333333333333336,176.0,153.0,0.0,0
10010,32,"Ampicillin 500mg, Pdr for IM/IV, Inj, Vial",2022-10-01,112,0,32,80,3.5,105.0,41.0,-9.0,29.666666666666668,0.0,63.333333333333336,153.0,112.0,0.0,0
10010,32,"Ampicillin 500mg, Pdr for IM/IV, Inj, Vial",2022-11-01,80,0,47,33,1.702127659574468,51.06382978723404,32.0,15.0,32.0,0.0,0.0,112.0,80.0,0.0,1
10010,32,"Ampicillin 500mg, Pdr for IM/IV, Inj, Vial",2022-12-01,33,0,33,0,1.0,30.0,47.0,-14.0,40.0,0.0,0.0,80.0,33.0,0.0,1
10010,32,"Ampicillin 500mg, Pdr for IM/IV, Inj, Vial",2023-01-01,0,0,0,0,,,33.0,-33.0,37.333333333333336,0.0,0.0,33.0,0.0,1.0,1
10010,32,"Ampicillin 500mg, Pdr for IM/IV, Inj, Vial",2023-02-01,0,0,0,0,,,0.0,0.0,26.666666666666668,0.0,0.0,0.0,0.0,1.0,1
10010,32,"Ampicillin 500mg, Pdr for IM/IV, Inj, Vial",2023-03-01,0,66,66,0,0.0,0.0,0.0,66.0,11.0,0.0,0.0,0.0,0.0,1.0,1
10010,32,"Ampicillin 500mg, Pdr for IM/IV, Inj, Vial",2023-04-01,0,0,0,0,,,66.0,-66.0,22.0,66.0,22.0,0.0,0.0,1.0,0
10010,32,"Ampicillin 500mg, Pdr for IM/IV, Inj, Vial",2023-05-01,0,109,48,61,0.0,0.0,0.0,48.0,22.0,0.0,22.0,0.0,0.0,1.0,0
10010,32,"Ampicillin 500mg, Pdr for IM/IV, Inj, Vial",2023-06-01,61,0,42,19,1.4523809523809523,43.57142857142857,48.0,-6.0,38.0,109.0,58.333333333333336,0.0,61.0,0.0,0
10010,32,"Ampicillin 500mg, Pdr for IM/IV, Inj, Vial",2023-07-01,19,97,34,82,0.5588235294117647,16.764705882352942,42.0,-8.0,30.0,0.0,36.333333333333336,61.0,19.0,0.0,0
10010,32,"Ampicillin 500mg, Pdr for IM/IV, Inj, Vial",2023-08-01,82,0,76,6,1.0789473684210529,32.36842105263158,34.0,42.0,41.333333333333336,97.0,68.66666666666667,19.0,82.0,0.0,0
10010,32,"Ampicillin 500mg, Pdr for IM/IV, Inj, Vial",2023-09-01,6,170,31,145,0.1935483870967742,5.806451612903226,76.0,-45.0,50.66666666666666,0.0,32.333333333333336,82.0,6.0,0.0,0
10010,32,"Ampicillin 500mg, Pdr for IM/IV, Inj, Vial",2023-10-01,145,0,28,117,5.178571428571429,155.35714285714286,31.0,-3.0,47.0,170.0,89.0,6.0,145.0,0.0,0
10010,34,"Folic Acid 5mg, Tab",2019-10-01,407,0,407,0,1.0,30.0,,,,,,,,,0
10010,34,"Folic Acid 5mg, Tab",2019-11-01,0,1456,404,1052,0.0,0.0,407.0,-3.0,407.0,0.0,0.0,407.0,0.0,1.0,0
10010,34,"Folic Acid 5mg, Tab",2019-12-01,1052,0,382,670,2.7539267015706805,82.61780104712042,404.0,-22.0,405.5,1456.0,728.0,0.0,1052.0,0.0,0
10010,34,"Folic Acid 5mg, Tab",2020-01-01,670,0,187,483,3.5828877005347595,107.48663101604278,382.0,-195.0,397.6666666666667,0.0,485.3333333333333,1052.0,670.0,0.0,1
10010,34,"Folic Acid 5mg, Tab",2020-02-01,483,0,483,0,1.0,30.0,187.0,296.0,324.3333333333333,0.0,485.3333333333333,670.0,483.0,0.0,0
10010,34,"Folic Acid 5mg, Tab",2020-04-01,0,1421,317,1104,0.0,0.0,483.0,-166.0,350.6666666666667,0.0,0.0,483.0,0.0,1.0,0
10010,34,"Folic Acid 5mg, Tab",2020-05-01,1104,0,369,735,2.991869918699187,89.7560975609756,317.0,52.0,329.0,1421.0,473.6666666666667,0.0,1104.0,0.0,0
10010,34,"Folic Acid 5mg, Tab",2020-07-01,735,0,234,501,3.141025641025641,94.23076923076924,369.0,-135.0,389.6666666666667,0.0,473.6666666666667,1104.0,735.0,0.0,0
10010,34,"Folic Acid 5mg, Tab",2020-08-01,501,0,269,232,1.862453531598513,55.87360594795539,234.0,35.0,306.6666666666667,0.0,473.6666666666667,735.0,501.0,0.0,1
10010,34,"Folic Acid 5mg, Tab",2020-09-01,232,0,232,0,1.0,30.0,269.0,-37.0,290.6666666666667,0.0,0.0,501.0,232.0,0.0,0
10010,34,"Folic Acid 5mg, Tab",2020-10-01,0,1042,350,692,0.0,0.0,232.0,118.0,245.0,0.0,0.0,232.0,0.0,1.0,0
10010,34,"Folic Acid 5mg, Tab",2020-11-01,692,0,528,164,1.3106060606060606,39.31818181818181,350.0,178.0,283.6666666666667,1042.0,347.3333333333333,0.0,692.0,0.0,0
10010,34,"Folic Acid 5mg, Tab",2020-12-01,164,1536,381,1319,0.4304461942257218,12.913385826771654,528.0,-147.0,370.0,0.0,347.3333333333333,692.0,164.0,0.0,0
10010,34,"Folic Acid 5mg, Tab",2021-01-01,1319,0,456,863,2.892543859649123,86.77631578947368,381.0,75.0,419.6666666666667,1536.0,859.3333333333334,164.0,1319.0,0.0,0
10010,34,"Folic Acid 5mg, Tab",2021-02-01,863,0,425,438,2.030588235294118,60.91764705882353,456.0,-31.0,455.0,0.0,512.0,1319.0,863.0,0.0,1
10010,34,"Folic Acid 5mg, Tab",2021-04-01,438,0,438,0,1.0,30.0,425.0,13.0,420.6666666666667,0.0,512.0,863.0,438.0,0.0,1
10010,34,"Folic Acid 5mg, Tab",2021-05-01,0,0,0,0,,,438.0,-438.0,439.6666666666667,0.0,0.0,438.0,0.0,1.0,0
10010,34,"Folic Acid 5mg, Tab",2021-07-01,0,1494,225,1269,0.0,0.0,0.0,225.0,287.6666666666667,0.0,0.0,0.0,0.0,1.0,0
10010,34,"Folic Acid 5mg, Tab",2021-08-01,1269,0,495,774,2.5636363636363635,76.9090909090909,225.0,270.0,221.0,1494.0,498.0,0.0,1269.0,0.0,0
10010,34,"Folic Acid 5mg, Tab",2021-09-01,774,0,312,462,2.480769230769231,74.42307692307692,495.0,-183.0,240.0,0.0,498.0,1269.0,774.0,0.0,0
10010,34,"Folic Acid 5mg, Tab",2021-10-01,462,0,301,161,1.5348837209302326,46.04651162790698,312.0,-11.0,344.0,0.0,498.0,774.0,462.0,0.0,0
10010,34,"Folic Acid 5mg, Tab",2021-11-01,161,1518,420,1259,0.3833333333333333,11.5,301.0,119.0,369.3333333333333,0.0,0.0,462.0,161.0,0.0,0
10010,34,"Folic Acid 5mg, Tab",2021-12-01,1259,0,587,672,2.1448040885860307,64.34412265758093,420.0,167.0,344.3333333333333,1518.0,506.0,161.0,1259.0,0.0,0
10010,34,"Folic Acid 5mg, Tab",2022-01-01,672,0,149,523,4.510067114093959,135.3020134228188,587.0,-438.0,436.0,0.0,506.0,1259.0,672.0,0.0,0
10010,34,"Folic Acid 5mg, Tab",2022-02-01,523,0,392,131,1.3341836734693877,40.025510204081634,149.0,243.0,385.3333333333333,0.0,506.0,672.0,523.0,0.0,0
10010,34,"Folic Acid 5mg, Tab",2022-03-01,131,1410,386,1155,0.3393782383419689,10.181347150259066,392.0,-6.0,376.0,0.0,0.0,523.0,131.0,0.0,0
10010,34,"Folic Acid 5mg, Tab",2022-05-01,1155,0,222,933,5.202702702702703,156.08108108108107,386.0,-164.0,309.0,1410.0,470.0,131.0,1155.0,0.0,0
10010,34,"Folic Acid 5mg, Tab",2022-06-01,933,0,413,520,2.2590799031477,67.77239709443099,222.0,191.0,333.3333333333333,0.0,470.0,1155.0,933.0,0.0,1
10010,34,"Folic Acid 5mg, Tab",2022-07-01,520,0,520,0,1.0,30.0,413.0,107.0,340.3333333333333,0.0,470.0,933.0,520.0,0.0,0
10010,34,"Folic Acid 5mg, Tab",2022-08-01,0,706,191,515,0.0,0.0,520.0,-329.0,385.0,0.0,0.0,520.0,0.0,1.0,0
10010,34,"Folic Acid 5mg, Tab",2022-09-01,515,0,306,209,1.6830065359477124,50.490196078431374,191.0,115.0,374.6666666666667,706.0,235.33333333333331,0.0,515.0,0.0,0
10010,34,"Folic Acid 5mg, Tab",2022-10-01,209,862,426,645,0.4906103286384976,14.718309859154928,306.0,120.0,339.0,0.0,235.33333333333331,515.0,209.0,0.0,0
10010,34,"Folic Acid 5mg, Tab",2022-11-01,645,0,315,330,2.0476190476190474,61.42857142857142,426.0,-111.0,307.6666666666667,862.0,522.6666666666666,209.0,645.0,0.0,0
10010,34,"Folic Acid 5mg, Tab",2022-12-01,330,1521,312,1539,1.0576923076923077,31.73076923076923,315.0,-3.0,349.0,0.0,287.3333333333333,645.0,330.0,0.0,0
10010,34,"Folic Acid 5mg, Tab",2023-01-01,1539,0,86,1453,17.8953488372093,536.860465116279,312.0,-226.0,351.0,1521.0,794.3333333333334,330.0,1539.0,0.0,0
10010,34,"Folic Acid 5mg, Tab",2023-02-01,1453,0,389,1064,3.735218508997429,112.05655526992288,86.0,303.0,237.66666666666663,0.0,507.0,1539.0,1453.0,0.0,0
10010,34,"Folic Acid 5mg, Tab",2023-03-01,1064,0,284,780,3.746478873239437,112.39436619718307,389.0,-105.0,262.3333333333333,0.0,507.0,1453.0,1064.0,0.0,0
10010,34,"Folic Acid 5mg, Tab",2023-04-01,780,0,564,216,1.3829787234042554,41.48936170212766,284.0,280.0,253.0,0.0,0.0,1064.0,780.0,0.0,0
10010,34,"Folic Acid 5mg, Tab",2023-05-01,216,1196,131,1281,1.6488549618320612,49.46564885496184,564.0,-433.0,412.3333333333333,0.0,0.0,780.0,216.0,0.0,0
10010,34,"Folic Acid 5mg, Tab",2023-07-01,1281,0,219,1062,5.849315068493151,175.4794520547945,131.0,88.0,326.3333333333333,1196.0,398.6666666666667,216.0,1281.0,0.0,0
10010,34,"Folic Acid 5mg, Tab",2023-08-01,1062,0,515,547,2.062135922330097,61.86407766990292,219.0,296.0,304.6666666666667,0.0,398.6666666666667,1281.0,1062.0,0.0,0
10010,34,"Folic Acid 5mg, Tab",2023-09-01,547,0,138,409,3.963768115942029,118.91304347826086,515.0,-377.0,288.3333333333333,0.0,398.6666666666667,1062.0,547.0,0.0,0
10010,34,"Folic Acid 5mg, Tab",2023-10-01,409,0,352,57,1.161931818181818,34.85795454545455,138.0,214.0,290.6666666666667,0.0,0.0,547.0,409.0,0.0,0
10010,35,"Oxytocin 10IU, Inj, Amp",2019-10-01,7,0,7,0,1.0,30.0,,,,,,,,,0
10010,35,"Oxytocin 10IU, Inj, Amp",2019-11-01,0,33,5,28,0.0,0.0,7.0,-2.0,7.0,0.0,0.0,7.0,0.0,1.0,0
10010,35,"Oxytocin 10IU, Inj, Amp",2020-02-01,28,0,9,19,3.111111111111111,93.33333333333331,5.0,4.0,6.0,33.0,16.5,0.0,28.0,0.0,0
10010,35,"Oxytocin 10IU, Inj, Amp",2020-08-01,19,0,9,10,2.111111111111111,63.333333333333336,9.0,0.0,7.0,0.0,11.0,28.0,19.0,0.0,0
10010,35,"Oxytocin 10IU, Inj, Amp",2020-10-01,10,0,9,1,1.1111111111111112,33.333333333333336,9.0,0.0,7.666666666666667,0.0,11.0,19.0,10.0,0.0,1
10010,35,"Oxytocin 10IU, Inj, Amp",2020-11-01,1,0,1,0,1.0,30.0,9.0,-8.0,9.0,0.0,0.0,10.0,1.0,0.0,0
10010,35,"Oxytocin 10IU, Inj, Amp",2021-01-01,0,30,3,27,0.0,0.0,1.0,2.0,6.333333333333333,0.0,0.0,1.0,0.0,1.0,0
10010,35,"Oxytocin 10IU, Inj, Amp",2021-02-01,27,0,6,21,4.5,135.0,3.0,3.0,4.333333333333333,30.0,10.0,0.0,27.0,0.0,0
10010,35,"Oxytocin 10IU, Inj, Amp",2021-03-01,21,0,10,11,2.1,63.0,6.0,4.0,3.333333333333333,0.0,10.0,27.0,21.0,0.0,0
10010,35,"Oxytocin 10IU, Inj, Amp",2021-05-01,11,0,0,11,,,10.0,-10.0,6.333333333333333,0.0,10.0,21.0,11.0,0.0,0
10010,35,"Oxytocin 10IU, Inj, Amp",2021-06-01,11,0,8,3,1.375,41.25,0.0,8.0,5.333333333333333,0.0,0.0,11.0,11.0,0.0,0
10010,35,"Oxytocin 10IU, Inj, Amp",2021-08-01,3,28,9,22,0.3333333333333333,10.0,8.0,1.0,6.0,0.0,0.0,11.0,3.0,0.0,0
10010,35,"Oxytocin 10IU, Inj, Amp",2021-09-01,22,0,7,15,3.142857142857143,94.28571428571428,9.0,-2.0,5.666666666666667,28.0,9.333333333333334,3.0,22.0,0.0,0
10010,35,"Oxytocin 10IU, Inj, Amp",2021-10-01,15,0,6,9,2.5,75.0,7.0,-1.0,8.0,0.0,9.333333333333334,22.0,15.0,0.0,0
10010,35,"Oxytocin 10IU, Inj, Amp",2021-11-01,9,0,7,2,1.2857142857142858,38.57142857142858,6.0,1.0,7.333333333333333,0.0,9.333333333333334,15.0,9.0,0.0,0
10010,35,"Oxytocin 10IU, Inj, Amp",2021-12-01,2,24,14,12,0.1428571428571428,4.285714285714286,7.0,7.0,6.666666666666667,0.0,0.0,9.0,2.0,0.0,0
10010,35,"Oxytocin 10IU, Inj, Amp",2022-02-01,12,0,6,6,2.0,60.0,14.0,-8.0,9.0,24.0,8.0,2.0,12.0,0.0,0
10010,35,"Oxytocin 10IU, Inj, Amp",2022-03-01,6,20,0,26,,,6.0,-6.0,9.0,0.0,8.0,12.0,6.0,0.0,0
10010,35,"Oxytocin 10IU, Inj, Amp",2022-05-01,26,0,12,14,2.1666666666666665,65.0,0.0,12.0,6.666666666666667,20.0,14.666666666666666,6.0,26.0,0.0,0
10010,35,"Oxytocin 10IU, Inj, Amp",2022-06-01,14,0,13,1,1.0769230769230769,32.30769230769231,12.0,1.0,6.0,0.0,6.666666666666667,26.0,14.0,0.0,1
10010,35,"Oxytocin 10IU, Inj, Amp",2022-07-01,1,0,1,0,1.0,30.0,13.0,-12.0,8.333333333333334,0.0,6.666666666666667,14.0,1.0,0.0,0
10010,35,"Oxytocin 10IU, Inj, Amp",2022-09-01,0,31,5,26,0.0,0.0,1.0,4.0,8.666666666666666,0.0,0.0,1.0,0.0,1.0,0
10010,35,"Oxytocin 10IU, Inj, Amp",2022-10-01,26,0,5,21,5.2,156.0,5.0,0.0,6.333333333333333,31.0,10.333333333333334,0.0,26.0,0.0,0
10010,35,"Oxytocin 10IU, Inj, Amp",2022-11-01,21,0,10,11,2.1,63.0,5.0,5.0,3.6666666666666665,0.0,10.333333333333334,26.0,21.0,0.0,0
10010,35,"Oxytocin 10IU, Inj, Amp",2022-12-01,11,0,10,1,1.1,33.0,10.0,0.0,6.666666666666667,0.0,10.333333333333334,21.0,11.0,0.0,1
10010,35,"Oxytocin 10IU, Inj, Amp",2023-01-01,1,0,1,0,1.0,30.0,10.0,-9.0,8.333333333333334,0.0,0.0,11.0,1.0,0.0,0
10010,35,"Oxytocin 10IU, Inj, Amp",2023-02-01,0,28,4,24,0.0,0.0,1.0,3.0,7.0,0.0,0.0,1.0,0.0,1.0,0
10010,35,"Oxytocin 10IU, Inj, Amp",2023-03-01,24,0,8,16,3.0,90.0,4.0,4.0,5.0,28.0,9.333333333333334,0.0,24.0,0.0,0
10010,35,"Oxytocin 10IU, Inj, Amp",2023-04-01,16,0,5,11,3.2,96.0,8.0,-3.0,4.333333333333333,0.0,9.333333333333334,24.0,16.0,0.0,0
10010,35,"Oxytocin 10IU, Inj, Amp",2023-05-01,11,0,3,8,3.6666666666666665,110.0,5.0,-2.0,5.666666666666667,0.0,9.333333333333334,16.0,11.0,0.0,0
10010,35,"Oxytocin 10IU, Inj, Amp",2023-06-01,8,23,6,25,1.3333333333333333,40.0,3.0,3.0,5.333333333333333,0.0,0.0,11.0,8.0,0.0,0
10010,35,"Oxytocin 10IU, Inj, Amp",2023-08-01,25,0,8,17,3.125,93.75,6.0,2.0,4.666666666666667,23.0,7.666666666666667,8.0,25.0,0.0,0
10010,35,"Oxytocin 10IU, Inj, Amp",2023-09-01,17,0,1,16,17.0,510.0,8.0,-7.0,5.666666666666667,0.0,7.666666666666667,25.0,17.0,0.0,0
10010,38,"Albendazole 400mg, Tab",2019-10-01,78,0,78,0,1.0,30.0,,,,,,,,,1
10010,38,"Albendazole 400mg, Tab",2019-11-01,0,0,0,0,,,78.0,-78.0,78.0,0.0,0.0,78.0,0.0,1.0,0
10010,38,"Albendazole 400mg, Tab",2019-12-01,0,220,73,147,0.0,0.0,0.0,73.0,39.0,0.0,0.0,0.0,0.0,1.0,0
10010,38,"Albendazole 400mg, Tab",2020-01-01,147,0,76,71,1.9342105263157892,58.026315789473685,73.0,3.0,50.333333333333336,220.0,73.33333333333333,0.0,147.0,0.0,0
10010,38,"Albendazole 400mg, Tab",2020-02-01,71,0,4,67,17.75,532.5,76.0,-72.0,49.66666666666666,0.0,73.33333333333333,147.0,71.0,0.0,0
10010,38,"Albendazole 400mg, Tab",2020-03-01,67,304,57,314,1.1754385964912282,35.26315789473684,4.0,53.0,51.0,0.0,73.33333333333333,71.0,67.0,0.0,0
10010,38,"Albendazole 400mg, Tab",2020-04-01,314,0,106,208,2.962264150943396,88.86792452830188,57.0,49.0,45.66666666666666,304.0,101.33333333333331,67.0,314.0,0.0,0
10010,38,"Albendazole 400mg, Tab",2020-05-01,208,0,67,141,3.1044776119402986,93.13432835820896,106.0,-39.0,55.66666666666666,0.0,101.33333333333331,314.0,208.0,0.0,0
10010,38,"Albendazole 400mg, Tab",2020-06-01,141,0,42,99,3.357142857142857,100.71428571428572,67.0,-25.0,76.66666666666667,0.0,101.33333333333331,208.0,141.0,0.0,0
10010,38,"Albendazole 400mg, Tab",2020-07-01,99,0,86,13,1.1511627906976745,34.53488372093023,42.0,44.0,71.66666666666667,0.0,0.0,141.0,99.0,0.0,0
10010,38,"Albendazole 400mg, Tab",2020-08-01,13,184,96,101,0.1354166666666666,4.0625,86.0,10.0,65.0,0.0,0.0,99.0,13.0,0.0,1
10010,38,"Albendazole 400mg, Tab",2020-09-01,101,0,101,0,1.0,30.0,96.0,5.0,74.66666666666667,184.0,61.333333333333336,13.0,101.0,0.0,1
10010,38,"Albendazole 400mg, Tab",2020-10-01,0,0,0,0,,,101.0,-101.0,94.33333333333331,0.0,61.333333333333336,101.0,0.0,1.0,1
10010,38,"Albendazole 400mg, Tab",2020-12-01,0,0,0,0,,,0.0,0.0,65.66666666666667,0.0,61.333333333333336,0.0,0.0,1.0,0
10010,38,"Albendazole 400mg, Tab",2021-01-01,0,213,70,143,0.0,0.0,0.0,70.0,33.666666666666664,0.0,0.0,0.0,0.0,1.0,0
10010,38,"Albendazole 400mg, Tab",2021-02-01,143,0,60,83,2.3833333333333333,71.5,70.0,-10.0,23.33333333333333,213.0,71.0,0.0,143.0,0.0,0
10010,38,"Albendazole 400mg, Tab",2021-03-01,83,0,80,3,1.0375,31.125000000000004,60.0,20.0,43.333333333333336,0.0,71.0,143.0,83.0,0.0,0
10010,38,"Albendazole 400mg, Tab",2021-05-01,3,148,76,75,0.0394736842105263,1.1842105263157894,80.0,-4.0,70.0,0.0,71.0,83.0,3.0,0.0,1
10010,38,"Albendazole 400mg, Tab",2021-06-01,75,0,75,0,1.0,30.0,76.0,-1.0,72.0,148.0,49.333333333333336,3.0,75.0,0.0,1
10010,38,"Albendazole 400mg, Tab",2021-07-01,0,0,0,0,,,75.0,-75.0,77.0,0.0,49.333333333333336,75.0,0.0,1.0,0
10010,38,"Albendazole 400mg, Tab",2021-08-01,0,333,51,282,0.0,0.0,0.0,51.0,50.333333333333336,0.0,49.333333333333336,0.0,0.0,1.0,0
10010,38,"Albendazole 400mg, Tab",2021-09-01,282,0,154,128,1.8311688311688312,54.935064935064936,51.0,103.0,42.0,333.0,111.0,0.0,282.0,0.0,0
10010,38,"Albendazole 400mg, Tab",2021-10-01,128,0,82,46,1.5609756097560976,46.829268292682926,154.0,-72.0,68.33333333333333,0.0,111.0,282.0,128.0,0.0,0
10010,38,"Albendazole 400mg, Tab",2021-11-01,46,121,72,95,0.6388888888888888,19.166666666666664,82.0,-10.0,95.66666666666669,0.0,111.0,128.0,46.0,0.0,1
10010,38,"Albendazole 400mg, Tab",2021-12-01,95,0,95,0,1.0,30.0,72.0,23.0,102.66666666666669,121.0,40.333333333333336,46.0,95.0,0.0,1
10010,38,"Albendazole 400mg, Tab",2022-01-01,0,0,0,0,,,95.0,-95.0,83.0,0.0,40.333333333333336,95.0,0.0,1.0,0
10010,38,"Albendazole 400mg, Tab",2022-02-01,0,209,88,121,0.0,0.0,0.0,88.0,55.66666666666666,0.0,40.333333333333336,0.0,0.0,1.0,0
10010,38,"Albendazole 400mg, Tab",2022-03-01,121,0,82,39,1.475609756097561,44.26829268292683,88.0,-6.0,61.0,209.0,69.66666666666667,0.0,121.0,0.0,1
10010,38,"Albendazole 400mg, Tab",2022-04-01,39,0,39,0,1.0,30.0,82.0,-43.0,56.66666666666666,0.0,69.66666666666667,121.0,39.0,0.0,0
10010,38,"Albendazole 400mg, Tab",2022-05-01,0,132,81,51,0.0,0.0,39.0,42.0,69.66666666666667,0.0,69.66666666666667,39.0,0.0,1.0,1
10010,38,"Albendazole 400mg, Tab",2022-06-01,51,0,51,0,1.0,30.0,81.0,-30.0,67.33333333333333,132.0,44.0,0.0,51.0,0.0,1
10010,38,"Albendazole 400mg, Tab",2022-07-01,0,0,0,0,,,51.0,-51.0,57.0,0.0,44.0,51.0,0.0,1.0,1
10010,38,"Albendazole 400mg, Tab",2022-08-01,0,0,0,0,,,0.0,0.0,44.0,0.0,44.0,0.0,0.0,1.0,1
10010,38,"Albendazole 400mg, Tab",2022-09-01,0,0,0,0,,,0.0,0.0,17.0,0.0,0.0,0.0,0.0,1.0,0
10010,38,"Albendazole 400mg, Tab",2022-11-01,0,154,65,89,0.0,0.0,0.0,65.0,0.0,0.0,0.0,0.0,0.0,1.0,0
10010,38,"Albendazole 400mg, Tab",2022-12-01,89,0,68,21,1.3088235294117647,39.26470588235294,65.0,3.0,21.666666666666668,154.0,51.333333333333336,0.0,89.0,0.0,1
10010,38,"Albendazole 400mg, Tab",2023-01-01,21,0,21,0,1.0,30.0,68.0,-47.0,44.333333333333336,0.0,51.333333333333336,89.0,21.0,0.0,0
10010,38,"Albendazole 400mg, Tab",2023-02-01,0,173,108,65,0.0,0.0,21.0,87.0,51.333333333333336,0.0,51.333333333333336,21.0,0.0,1.0,1
10010,38,"Albendazole 400mg, Tab",2023-03-01,65,0,65,0,1.0,30.0,108.0,-43.0,65.66666666666667,173.0,57.66666666666666,0.0,65.0,0.0,1
10010,38,"Albendazole 400mg, Tab",2023-04-01,0,0,0,0,,,65.0,-65.0,64.66666666666667,0.0,57.66666666666666,65.0,0.0,1.0,0
10010,38,"Albendazole 400mg, Tab",2023-05-01,0,126,84,42,0.0,0.0,0.0,84.0,57.66666666666666,0.0,57.66666666666666,0.0,0.0,1.0,1
10010,38,"Albendazole 400mg, Tab",2023-06-01,42,0,42,0,1.0,30.0,84.0,-42.0,49.66666666666666,126.0,42.0,0.0,42.0,0.0,1
10010,38,"Albendazole 400mg, Tab",2023-07-01,0,0,0,0,,,42.0,-42.0,42.0,0.0,42.0,42.0,0.0,1.0,0
10010,38,"Albendazole 400mg, Tab",2023-08-01,0,312,81,231,0.0,0.0,0.0,81.0,42.0,0.0,42.0,0.0,0.0,1.0,0
10010,38,"Albendazole 400mg, Tab",2023-09-01,231,0,77,154,3.0,90.0,81.0,-4.0,41.0,312.0,104.0,0.0,231.0,0.0,0
10010,38,"Albendazole 400mg, Tab",2023-10-01,154,0,65,89,2.3692307692307693,71.07692307692308,77.0,-12.0,52.66666666666666,0.0,104.0,231.0,154.0,0.0,0
10010,39,"Oral Rehydration Salts (ORS), Sachet",2019-12-01,172,0,122,50,1.4098360655737705,42.29508196721312,,,,,,,,,1
10010,39,"Oral Rehydration Salts (ORS), Sachet",2020-02-01,50,0,50,0,1.0,30.0,122.0,-72.0,122.0,0.0,0.0,172.0,50.0,0.0,0
10010,39,"Oral Rehydration Salts (ORS), Sachet",2020-03-01,0,352,41,311,0.0,0.0,50.0,-9.0,86.0,0.0,0.0,50.0,0.0,1.0,0
10010,39,"Oral Rehydration Salts (ORS), Sachet",2020-04-01,311,0,99,212,3.141414141414141,94.24242424242424,41.0,58.0,71.0,352.0,117.33333333333331,0.0,311.0,0.0,0
10010,39,"Oral Rehydration Salts (ORS), Sachet",2020-05-01,212,0,155,57,1.367741935483871,41.03225806451613,99.0,56.0,63.333333333333336,0.0,117.33333333333331,311.0,212.0,0.0,0
10010,39,"Oral Rehydration Salts (ORS), Sachet",2020-06-01,57,0,26,31,2.1923076923076925,65.76923076923077,155.0,-129.0,98.33333333333331,0.0,117.33333333333331,212.0,57.0,0.0,1
10010,39,"Oral Rehydration Salts (ORS), Sachet",2020-07-01,31,0,31,0,1.0,30.0,26.0,5.0,93.33333333333331,0.0,0.0,57.0,31.0,0.0,0
10010,39,"Oral Rehydration Salts (ORS), Sachet",2020-08-01,0,253,144,109,0.0,0.0,31.0,113.0,70.66666666666667,0.0,0.0,31.0,0.0,1.0,1
10010,39,"Oral Rehydration Salts (ORS), Sachet",2020-11-01,109,0,109,0,1.0,30.0,144.0,-35.0,67.0,253.0,84.33333333333333,0.0,109.0,0.0,1
10010,39,"Oral Rehydration Salts (ORS), Sachet",2021-01-01,0,0,0,0,,,109.0,-109.0,94.66666666666669,0.0,84.33333333333333,109.0,0.0,1.0,0
10010,39,"Oral Rehydration Salts (ORS), Sachet",2021-02-01,0,149,64,85,0.0,0.0,0.0,64.0,84.33333333333333,0.0,84.33333333333333,0.0,0.0,1.0,0
10010,39,"Oral Rehydration Salts (ORS), Sachet",2021-03-01,85,0,45,40,1.8888888888888888,56.66666666666666,64.0,-19.0,57.66666666666666,149.0,49.66666666666666,0.0,85.0,0.0,1
10010,39,"Oral Rehydration Salts (ORS), Sachet",2021-06-01,40,0,40,0,1.0,30.0,45.0,-5.0,36.333333333333336,0.0,49.66666666666666,85.0,40.0,0.0,0
10010,39,"Oral Rehydration Salts (ORS), Sachet",2021-08-01,0,307,74,233,0.0,0.0,40.0,34.0,49.66666666666666,0.0,49.66666666666666,40.0,0.0,1.0,0
10010,39,"Oral Rehydration Salts (ORS), Sachet",2021-09-01,233,0,124,109,1.879032258064516,56.37096774193549,74.0,50.0,53.0,307.0,102.33333333333331,0.0,233.0,0.0,0
10010,39,"Oral Rehydration Salts (ORS), Sachet",2021-11-01,109,0,67,42,1.626865671641791,48.80597014925373,124.0,-57.0,79.33333333333333,0.0,102.33333333333331,233.0,109.0,0.0,0
10010,39,"Oral Rehydration Salts (ORS), Sachet",2021-12-01,42,193,85,150,0.4941176470588235,14.823529411764708,67.0,18.0,88.33333333333333,0.0,102.33333333333331,109.0,42.0,0.0,0
10010,39,"Oral Rehydration Salts (ORS), Sachet",2022-02-01,150,0,36,114,4.166666666666667,125.0,85.0,-49.0,92.0,193.0,64.33333333333333,42.0,150.0,0.0,0
10010,39,"Oral Rehydration Salts (ORS), Sachet",2022-04-01,114,0,73,41,1.5616438356164384,46.84931506849316,36.0,37.0,62.66666666666666,0.0,64.33333333333333,150.0,114.0,0.0,0
10010,39,"Oral Rehydration Salts (ORS), Sachet",2022-05-01,41,261,29,273,1.4137931034482758,42.41379310344827,73.0,-44.0,64.66666666666667,0.0,64.33333333333333,114.0,41.0,0.0,0
10010,39,"Oral Rehydration Salts (ORS), Sachet",2022-06-01,273,0,75,198,3.64,109.2,29.0,46.0,46.0,261.0,87.0,41.0,273.0,0.0,0
10010,39,"Oral Rehydration Salts (ORS), Sachet",2022-07-01,198,0,60,138,3.3,99.0,75.0,-15.0,59.0,0.0,87.0,273.0,198.0,0.0,0
10010,39,"Oral Rehydration Salts (ORS), Sachet",2022-10-01,138,0,100,38,1.38,41.4,60.0,40.0,54.66666666666666,0.0,87.0,198.0,138.0,0.0,0
10010,39,"Oral Rehydration Salts (ORS), Sachet",2022-11-01,38,219,126,131,0.3015873015873015,9.047619047619047,100.0,26.0,78.33333333333333,0.0,0.0,138.0,38.0,0.0,0
10010,39,"Oral Rehydration Salts (ORS), Sachet",2023-01-01,131,0,63,68,2.0793650793650795,62.38095238095239,126.0,-63.0,95.33333333333331,219.0,73.0,38.0,131.0,0.0,0
10010,39,"Oral Rehydration Salts (ORS), Sachet",2023-06-01,68,0,67,1,1.0149253731343284,30.44776119402985,63.0,4.0,96.33333333333331,0.0,73.0,131.0,68.0,0.0,0
10010,39,"Oral Rehydration Salts (ORS), Sachet",2023-07-01,1,419,87,333,0.0114942528735632,0.3448275862068966,67.0,20.0,85.33333333333333,0.0,73.0,68.0,1.0,0.0,0
10010,39,"Oral Rehydration Salts (ORS), Sachet",2023-08-01,333,0,119,214,2.7983193277310923,83.94957983193277,87.0,32.0,72.33333333333333,419.0,139.66666666666666,1.0,333.0,0.0,0
10010,39,"Oral Rehydration Salts (ORS), Sachet",2023-09-01,214,0,113,101,1.893805309734513,56.8141592920354,119.0,-6.0,91.0,0.0,139.66666666666666,333.0,214.0,0.0,0
10010,39,"Oral Rehydration Salts (ORS), Sachet",2023-10-01,101,406,101,406,1.0,30.0,113.0,-12.0,106.33333333333331,0.0,139.66666666666666,214.0,101.0,0.0,0
10010,42,"Methyldopa 250mg, Tab",2019-10-01,27,0,27,0,1.0,30.0,,,,,,,,,1
10010,42,"Methyldopa 250mg, Tab",2019-11-01,0,0,0,0,,,27.0,-27.0,27.0,0.0,0.0,27.0,0.0,1.0,1
10010,42,"Methyldopa 250mg, Tab",2019-12-01,0,0,0,0,,,0.0,0.0,13.5,0.0,0.0,0.0,0.0,1.0,1
10010,42,"Methyldopa 250mg, Tab",2020-01-01,0,0,0,0,,,0.0,0.0,9.0,0.0,0.0,0.0,0.0,1.0,0
10010,42,"Methyldopa 250mg, Tab",2020-03-01,0,101,48,53,0.0,0.0,0.0,48.0,0.0,0.0,0.0,0.0,0.0,1.0,0
10010,42,"Methyldopa 250mg, Tab",2020-04-01,53,0,30,23,1.7666666666666666,53.0,48.0,-18.0,16.0,101.0,33.666666666666664,0.0,53.0,0.0,1
10010,42,"Methyldopa 250mg, Tab",2020-05-01,23,0,23,0,1.0,30.0,30.0,-7.0,26.0,0.0,33.666666666666664,53.0,23.0,0.0,0
10010,42,"Methyldopa 250mg, Tab",2020-07-01,0,81,27,54,0.0,0.0,23.0,4.0,33.666666666666664,0.0,33.666666666666664,23.0,0.0,1.0,0
10010,42,"Methyldopa 250mg, Tab",2020-09-01,54,0,51,3,1.0588235294117647,31.764705882352946,27.0,24.0,26.666666666666668,81.0,27.0,0.0,54.0,0.0,1
10010,42,"Methyldopa 250mg, Tab",2020-10-01,3,0,3,0,1.0,30.0,51.0,-48.0,33.666666666666664,0.0,27.0,54.0,3.0,0.0,1
10010,42,"Methyldopa 250mg, Tab",2020-11-01,0,0,0,0,,,3.0,-3.0,27.0,0.0,27.0,3.0,0.0,1.0,0
10010,42,"Methyldopa 250mg, Tab",2020-12-01,0,88,40,48,0.0,0.0,0.0,40.0,18.0,0.0,0.0,0.0,0.0,1.0,0
10010,42,"Methyldopa 250mg, Tab",2021-01-01,48,0,43,5,1.1162790697674418,33.48837209302326,40.0,3.0,14.333333333333334,88.0,29.33333333333333,0.0,48.0,0.0,1
10010,42,"Methyldopa 250mg, Tab",2021-02-01,5,0,5,0,1.0,30.0,43.0,-38.0,27.666666666666668,0.0,29.33333333333333,48.0,5.0,0.0,1
10010,42,"Methyldopa 250mg, Tab",2021-04-01,0,0,0,0,,,5.0,-5.0,29.33333333333333,0.0,29.33333333333333,5.0,0.0,1.0,1
10010,42,"Methyldopa 250mg, Tab",2021-06-01,0,0,0,0,,,0.0,0.0,16.0,0.0,0.0,0.0,0.0,1.0,0
10010,42,"Methyldopa 250mg, Tab",2021-07-01,0,131,41,90,0.0,0.0,0.0,41.0,1.6666666666666667,0.0,0.0,0.0,0.0,1.0,0
10010,42,"Methyldopa 250mg, Tab",2021-09-01,90,0,52,38,1.7307692307692308,51.92307692307693,41.0,11.0,13.666666666666666,131.0,43.66666666666666,0.0,90.0,0.0,0
10010,42,"Methyldopa 250mg, Tab",2021-11-01,38,0,35,3,1.0857142857142856,32.57142857142857,52.0,-17.0,31.0,0.0,43.66666666666666,90.0,38.0,0.0,0
10010,42,"Methyldopa 250mg, Tab",2022-01-01,3,190,37,156,0.081081081081081,2.4324324324324325,35.0,2.0,42.66666666666666,0.0,43.66666666666666,38.0,3.0,0.0,0
10010,42,"Methyldopa 250mg, Tab",2022-02-01,156,0,64,92,2.4375,73.125,37.0,27.0,41.333333333333336,190.0,63.333333333333336,3.0,156.0,0.0,0
10010,42,"Methyldopa 250mg, Tab",2022-03-01,92,0,40,52,2.3,69.0,64.0,-24.0,45.333333333333336,0.0,63.333333333333336,156.0,92.0,0.0,0
10010,42,"Methyldopa 250mg, Tab",2022-04-01,52,0,15,37,3.466666666666667,104.0,40.0,-25.0,47.0,0.0,63.333333333333336,92.0,52.0,0.0,0
10010,42,"Methyldopa 250mg, Tab",2022-05-01,37,126,26,137,1.4230769230769231,42.69230769230769,15.0,11.0,39.66666666666666,0.0,0.0,52.0,37.0,0.0,0
10010,42,"Methyldopa 250mg, Tab",2022-06-01,137,0,54,83,2.537037037037037,76.11111111111111,26.0,28.0,27.0,126.0,42.0,37.0,137.0,0.0,0
10010,42,"Methyldopa 250mg, Tab",2022-07-01,83,0,50,33,1.66,49.8,54.0,-4.0,31.666666666666668,0.0,42.0,137.0,83.0,0.0,0
10010,42,"Methyldopa 250mg, Tab",2022-09-01,33,78,41,70,0.8048780487804879,24.14634146341464,50.0,-9.0,43.333333333333336,0.0,42.0,83.0,33.0,0.0,0
10010,42,"Methyldopa 250mg, Tab",2022-10-01,70,0,20,50,3.5,105.0,41.0,-21.0,48.333333333333336,78.0,26.0,33.0,70.0,0.0,0
10010,42,"Methyldopa 250mg, Tab",2022-11-01,50,0,31,19,1.6129032258064515,48.38709677419354,20.0,11.0,37.0,0.0,26.0,70.0,50.0,0.0,0
10010,42,"Methyldopa 250mg, Tab",2023-01-01,19,173,33,159,0.5757575757575758,17.272727272727273,31.0,2.0,30.666666666666668,0.0,26.0,50.0,19.0,0.0,0
10010,42,"Methyldopa 250mg, Tab",2023-02-01,159,0,52,107,3.0576923076923075,91.73076923076924,33.0,19.0,28.0,173.0,57.66666666666666,19.0,159.0,0.0,0
10010,42,"Methyldopa 250mg, Tab",2023-03-01,107,0,27,80,3.962962962962963,118.88888888888889,52.0,-25.0,38.66666666666666,0.0,57.66666666666666,159.0,107.0,0.0,0
10010,42,"Methyldopa 250mg, Tab",2023-04-01,80,0,40,40,2.0,60.0,27.0,13.0,37.333333333333336,0.0,57.66666666666666,107.0,80.0,0.0,0
10010,42,"Methyldopa 250mg, Tab",2023-05-01,40,146,51,135,0.7843137254901961,23.52941176470588,40.0,11.0,39.66666666666666,0.0,0.0,80.0,40.0,0.0,0
10010,42,"Methyldopa 250mg, Tab",2023-06-01,135,0,45,90,3.0,90.0,51.0,-6.0,39.333333333333336,146.0,48.66666666666666,40.0,135.0,0.0,0
10010,42,"Methyldopa 250mg, Tab",2023-07-01,90,0,52,38,1.7307692307692308,51.92307692307693,45.0,7.0,45.333333333333336,0.0,48.66666666666666,135.0,90.0,0.0,0
10010,42,"Methyldopa 250mg, Tab",2023-09-01,38,161,56,143,0.6785714285714286,20.357142857142858,52.0,4.0,49.333333333333336,0.0,48.66666666666666,90.0,38.0,0.0,0
10010,42,"Methyldopa 250mg, Tab",2023-10-01,143,0,14,129,10.214285714285714,306.4285714285714,56.0,-42.0,51.0,161.0,53.66666666666666,38.0,143.0,0.0,0
10010,43,"Zinc Sulphate 20mg, Dispersible, Tab",2019-11-01,103,0,86,17,1.197674418604651,35.93023255813953,,,,,,,,,0
10010,43,"Zinc Sulphate 20mg, Dispersible, Tab",2020-01-01,17,133,105,45,0.1619047619047619,4.857142857142858,86.0,19.0,86.0,0.0,0.0,103.0,17.0,0.0,0
10010,43,"Zinc Sulphate 20mg, Dispersible, Tab",2020-02-01,45,153,117,81,0.3846153846153846,11.538461538461538,105.0,12.0,95.5,133.0,66.5,17.0,45.0,0.0,0
10010,43,"Zinc Sulphate 20mg, Dispersible, Tab",2020-03-01,81,170,51,200,1.588235294117647,47.647058823529406,117.0,-66.0,102.66666666666669,153.0,95.33333333333331,45.0,81.0,0.0,0
10010,43,"Zinc Sulphate 20mg, Dispersible, Tab",2020-05-01,200,0,112,88,1.7857142857142858,53.57142857142858,51.0,61.0,91.0,170.0,152.0,81.0,200.0,0.0,0
10010,43,"Zinc Sulphate 20mg, Dispersible, Tab",2020-06-01,88,285,72,301,1.2222222222222223,36.66666666666667,112.0,-40.0,93.33333333333331,0.0,107.66666666666669,200.0,88.0,0.0,0
10010,43,"Zinc Sulphate 20mg, Dispersible, Tab",2020-07-01,301,0,84,217,3.583333333333333,107.5,72.0,12.0,78.33333333333333,285.0,151.66666666666666,88.0,301.0,0.0,0
10010,43,"Zinc Sulphate 20mg, Dispersible, Tab",2020-08-01,217,0,84,133,2.583333333333333,77.5,84.0,0.0,89.33333333333333,0.0,95.0,301.0,217.0,0.0,0
10010,43,"Zinc Sulphate 20mg, Dispersible, Tab",2020-11-01,133,0,100,33,1.33,39.900000000000006,84.0,16.0,80.0,0.0,95.0,217.0,133.0,0.0,0
10010,43,"Zinc Sulphate 20mg, Dispersible, Tab",2021-01-01,33,263,80,216,0.4125,12.375,100.0,-20.0,89.33333333333333,0.0,0.0,133.0,33.0,0.0,0
10010,43,"Zinc Sulphate 20mg, Dispersible, Tab",2021-03-01,216,0,74,142,2.918918918918919,87.56756756756756,80.0,-6.0,88.0,263.0,87.66666666666667,33.0,216.0,0.0,0
10010,43,"Zinc Sulphate 20mg, Dispersible, Tab",2021-04-01,142,0,58,84,2.4482758620689653,73.44827586206895,74.0,-16.0,84.66666666666667,0.0,87.66666666666667,216.0,142.0,0.0,0
10010,43,"Zinc Sulphate 20mg, Dispersible, Tab",2021-06-01,84,304,94,294,0.8936170212765957,26.80851063829787,58.0,36.0,70.66666666666667,0.0,87.66666666666667,142.0,84.0,0.0,0
10010,43,"Zinc Sulphate 20mg, Dispersible, Tab",2021-07-01,294,0,96,198,3.0625,91.875,94.0,2.0,75.33333333333333,304.0,101.33333333333331,84.0,294.0,0.0,0
10010,43,"Zinc Sulphate 20mg, Dispersible, Tab",2021-08-01,198,0,98,100,2.020408163265306,60.61224489795918,96.0,2.0,82.66666666666667,0.0,101.33333333333331,294.0,198.0,0.0,0
10010,43,"Zinc Sulphate 20mg, Dispersible, Tab",2021-09-01,100,0,56,44,1.7857142857142858,53.57142857142858,98.0,-42.0,96.0,0.0,101.33333333333331,198.0,100.0,0.0,0
10010,43,"Zinc Sulphate 20mg, Dispersible, Tab",2021-10-01,44,125,3,166,14.666666666666666,440.0,56.0,-53.0,83.33333333333333,0.0,0.0,100.0,44.0,0.0,0
10010,43,"Zinc Sulphate 20mg, Dispersible, Tab",2021-12-01,166,0,87,79,1.908045977011494,57.241379310344826,3.0,84.0,52.333333333333336,125.0,41.66666666666666,44.0,166.0,0.0,0
10010,43,"Zinc Sulphate 20mg, Dispersible, Tab",2022-01-01,79,323,55,347,1.4363636363636365,43.090909090909086,87.0,-32.0,48.66666666666666,0.0,41.66666666666666,166.0,79.0,0.0,0
10010,43,"Zinc Sulphate 20mg, Dispersible, Tab",2022-03-01,347,0,35,312,9.914285714285716,297.42857142857144,55.0,-20.0,48.333333333333336,323.0,149.33333333333334,79.0,347.0,0.0,0
10010,43,"Zinc Sulphate 20mg, Dispersible, Tab",2022-04-01,312,0,74,238,4.216216216216216,126.48648648648648,35.0,39.0,59.0,0.0,107.66666666666669,347.0,312.0,0.0,0
10010,43,"Zinc Sulphate 20mg, Dispersible, Tab",2022-06-01,238,0,74,164,3.216216216216216,96.48648648648648,74.0,0.0,54.66666666666666,0.0,107.66666666666669,312.0,238.0,0.0,0
10010,43,"Zinc Sulphate 20mg, Dispersible, Tab",2022-07-01,164,0,85,79,1.9294117647058824,57.88235294117647,74.0,11.0,61.0,0.0,0.0,238.0,164.0,0.0,0
10010,43,"Zinc Sulphate 20mg, Dispersible, Tab",2022-09-01,79,130,42,167,1.880952380952381,56.42857142857143,85.0,-43.0,77.66666666666667,0.0,0.0,164.0,79.0,0.0,0
10010,43,"Zinc Sulphate 20mg, Dispersible, Tab",2022-10-01,167,0,17,150,9.823529411764708,294.7058823529412,42.0,-25.0,67.0,130.0,43.333333333333336,79.0,167.0,0.0,0
10010,43,"Zinc Sulphate 20mg, Dispersible, Tab",2022-11-01,150,0,102,48,1.4705882352941178,44.117647058823536,17.0,85.0,48.0,0.0,43.333333333333336,167.0,150.0,0.0,0
10010,43,"Zinc Sulphate 20mg, Dispersible, Tab",2022-12-01,48,146,35,159,1.3714285714285714,41.142857142857146,102.0,-67.0,53.66666666666666,0.0,43.333333333333336,150.0,48.0,0.0,0
10010,43,"Zinc Sulphate 20mg, Dispersible, Tab",2023-02-01,159,0,72,87,2.208333333333333,66.25,35.0,37.0,51.333333333333336,146.0,48.66666666666666,48.0,159.0,0.0,0
10010,43,"Zinc Sulphate 20mg, Dispersible, Tab",2023-03-01,87,119,146,60,0.5958904109589042,17.876712328767123,72.0,74.0,69.66666666666667,0.0,48.66666666666666,159.0,87.0,0.0,0
10010,43,"Zinc Sulphate 20mg, Dispersible, Tab",2023-04-01,60,283,126,217,0.4761904761904761,14.285714285714285,146.0,-20.0,84.33333333333333,119.0,88.33333333333333,87.0,60.0,0.0,0
10010,43,"Zinc Sulphate 20mg, Dispersible, Tab",2023-05-01,217,0,31,186,7.0,210.0,126.0,-95.0,114.66666666666669,283.0,134.0,60.0,217.0,0.0,0
10010,43,"Zinc Sulphate 20mg, Dispersible, Tab",2023-06-01,186,0,83,103,2.240963855421686,67.22891566265059,31.0,52.0,101.0,0.0,134.0,217.0,186.0,0.0,0
10010,43,"Zinc Sulphate 20mg, Dispersible, Tab",2023-07-01,103,0,81,22,1.271604938271605,38.14814814814815,83.0,-2.0,80.0,0.0,94.33333333333331,186.0,103.0,0.0,0
10010,43,"Zinc Sulphate 20mg, Dispersible, Tab",2023-08-01,22,257,79,200,0.2784810126582278,8.354430379746836,81.0,-2.0,65.0,0.0,0.0,103.0,22.0,0.0,0
10010,43,"Zinc Sulphate 20mg, Dispersible, Tab",2023-09-01,200,0,63,137,3.1746031746031744,95.23809523809524,79.0,-16.0,81.0,257.0,85.66666666666667,22.0,200.0,0.0,0
10010,43,"Zinc Sulphate 20mg, Dispersible, Tab",2023-10-01,137,0,83,54,1.6506024096385543,49.51807228915663,63.0,20.0,74.33333333333333,0.0,85.66666666666667,200.0,137.0,0.0,0
10010,46,"Paracetamol (Acetaminophen) 250mg, Dispersible, Tab",2019-10-01,492,0,455,37,1.0813186813186813,32.43956043956044,,,,,,,,,1
10010,46,"Paracetamol (Acetaminophen) 250mg, Dispersible, Tab",2019-11-01,37,0,37,0,1.0,30.0,455.0,-418.0,455.0,0.0,0.0,492.0,37.0,0.0,0
10010,46,"Paracetamol (Acetaminophen) 250mg, Dispersible, Tab",2019-12-01,0,494,277,217,0.0,0.0,37.0,240.0,246.0,0.0,0.0,37.0,0.0,1.0,1
10010,46,"Paracetamol (Acetaminophen) 250mg, Dispersible, Tab",2020-01-01,217,0,217,0,1.0,30.0,277.0,-60.0,256.3333333333333,494.0,164.66666666666666,0.0,217.0,0.0,1
10010,46,"Paracetamol (Acetaminophen) 250mg, Dispersible, Tab",2020-02-01,0,0,0,0,,,217.0,-217.0,177.0,0.0,164.66666666666666,217.0,0.0,1.0,0
10010,46,"Paracetamol (Acetaminophen) 250mg, Dispersible, Tab",2020-03-01,0,595,329,266,0.0,0.0,0.0,329.0,164.66666666666666,0.0,164.66666666666666,0.0,0.0,1.0,1
10010,46,"Paracetamol (Acetaminophen) 250mg, Dispersible, Tab",2020-04-01,266,0,266,0,1.0,30.0,329.0,-63.0,182.0,595.0,198.33333333333331,0.0,266.0,0.0,1
10010,46,"Paracetamol (Acetaminophen) 250mg, Dispersible, Tab",2020-05-01,0,0,0,0,,,266.0,-266.0,198.33333333333331,0.0,198.33333333333331,266.0,0.0,1.0,0
10010,46,"Paracetamol (Acetaminophen) 250mg, Dispersible, Tab",2020-06-01,0,491,211,280,0.0,0.0,0.0,211.0,198.33333333333331,0.0,198.33333333333331,0.0,0.0,1.0,0
10010,46,"Paracetamol (Acetaminophen) 250mg, Dispersible, Tab",2020-07-01,280,0,106,174,2.641509433962264,79.24528301886792,211.0,-105.0,159.0,491.0,163.66666666666666,0.0,280.0,0.0,1
10010,46,"Paracetamol (Acetaminophen) 250mg, Dispersible, Tab",2020-08-01,174,0,174,0,1.0,30.0,106.0,68.0,105.66666666666669,0.0,163.66666666666666,280.0,174.0,0.0,1
10010,46,"Paracetamol (Acetaminophen) 250mg, Dispersible, Tab",2020-09-01,0,0,0,0,,,174.0,-174.0,163.66666666666666,0.0,163.66666666666666,174.0,0.0,1.0,0
10010,46,"Paracetamol (Acetaminophen) 250mg, Dispersible, Tab",2020-10-01,0,1256,251,1005,0.0,0.0,0.0,251.0,93.33333333333331,0.0,0.0,0.0,0.0,1.0,0
10010,46,"Paracetamol (Acetaminophen) 250mg, Dispersible, Tab",2020-11-01,1005,0,162,843,6.203703703703703,186.1111111111111,251.0,-89.0,141.66666666666666,1256.0,418.6666666666667,0.0,1005.0,0.0,0
10010,46,"Paracetamol (Acetaminophen) 250mg, Dispersible, Tab",2020-12-01,843,0,442,401,1.907239819004525,57.21719457013575,162.0,280.0,137.66666666666666,0.0,418.6666666666667,1005.0,843.0,0.0,0
10010,46,"Paracetamol (Acetaminophen) 250mg, Dispersible, Tab",2021-01-01,401,0,352,49,1.1392045454545454,34.17613636363636,442.0,-90.0,285.0,0.0,418.6666666666667,843.0,401.0,0.0,1
10010,46,"Paracetamol (Acetaminophen) 250mg, Dispersible, Tab",2021-02-01,49,0,49,0,1.0,30.0,352.0,-303.0,318.6666666666667,0.0,0.0,401.0,49.0,0.0,0
10010,46,"Paracetamol (Acetaminophen) 250mg, Dispersible, Tab",2021-03-01,0,646,262,384,0.0,0.0,49.0,213.0,281.0,0.0,0.0,49.0,0.0,1.0,1
10010,46,"Paracetamol (Acetaminophen) 250mg, Dispersible, Tab",2021-04-01,384,0,384,0,1.0,30.0,262.0,122.0,221.0,646.0,215.33333333333331,0.0,384.0,0.0,1
10010,46,"Paracetamol (Acetaminophen) 250mg, Dispersible, Tab",2021-06-01,0,0,0,0,,,384.0,-384.0,231.66666666666663,0.0,215.33333333333331,384.0,0.0,1.0,0
10010,46,"Paracetamol (Acetaminophen) 250mg, Dispersible, Tab",2021-07-01,0,1021,255,766,0.0,0.0,0.0,255.0,215.33333333333331,0.0,215.33333333333331,0.0,0.0,1.0,0
10010,46,"Paracetamol (Acetaminophen) 250mg, Dispersible, Tab",2021-08-01,766,0,363,403,2.1101928374655645,63.305785123966935,255.0,108.0,213.0,1021.0,340.3333333333333,0.0,766.0,0.0,0
10010,46,"Paracetamol (Acetaminophen) 250mg, Dispersible, Tab",2021-09-01,403,0,266,137,1.5150375939849623,45.45112781954887,363.0,-97.0,206.0,0.0,340.3333333333333,766.0,403.0,0.0,0
10010,46,"Paracetamol (Acetaminophen) 250mg, Dispersible, Tab",2021-10-01,137,887,444,580,0.3085585585585585,9.256756756756758,266.0,178.0,294.6666666666667,0.0,340.3333333333333,403.0,137.0,0.0,0
10010,46,"Paracetamol (Acetaminophen) 250mg, Dispersible, Tab",2021-11-01,580,0,369,211,1.5718157181571817,47.15447154471544,444.0,-75.0,357.6666666666667,887.0,295.6666666666667,137.0,580.0,0.0,1
10010,46,"Paracetamol (Acetaminophen) 250mg, Dispersible, Tab",2021-12-01,211,0,211,0,1.0,30.0,369.0,-158.0,359.6666666666667,0.0,295.6666666666667,580.0,211.0,0.0,1
10010,46,"Paracetamol (Acetaminophen) 250mg, Dispersible, Tab",2022-02-01,0,0,0,0,,,211.0,-211.0,341.3333333333333,0.0,295.6666666666667,211.0,0.0,1.0,0
10010,46,"Paracetamol (Acetaminophen) 250mg, Dispersible, Tab",2022-03-01,0,1288,348,940,0.0,0.0,0.0,348.0,193.33333333333331,0.0,0.0,0.0,0.0,1.0,0
10010,46,"Paracetamol (Acetaminophen) 250mg, Dispersible, Tab",2022-04-01,940,0,294,646,3.197278911564626,95.91836734693878,348.0,-54.0,186.33333333333331,1288.0,429.3333333333333,0.0,940.0,0.0,0
10010,46,"Paracetamol (Acetaminophen) 250mg, Dispersible, Tab",2022-06-01,646,0,134,512,4.82089552238806,144.6268656716418,294.0,-160.0,214.0,0.0,429.3333333333333,940.0,646.0,0.0,0
10010,46,"Paracetamol (Acetaminophen) 250mg, Dispersible, Tab",2022-07-01,512,0,257,255,1.9922178988326849,59.76653696498055,134.0,123.0,258.6666666666667,0.0,429.3333333333333,646.0,512.0,0.0,0
10010,46,"Paracetamol (Acetaminophen) 250mg, Dispersible, Tab",2022-09-01,255,560,452,363,0.5641592920353983,16.924778761061948,257.0,195.0,228.33333333333331,0.0,0.0,512.0,255.0,0.0,1
10010,46,"Paracetamol (Acetaminophen) 250mg, Dispersible, Tab",2022-10-01,363,0,363,0,1.0,30.0,452.0,-89.0,281.0,560.0,186.66666666666663,255.0,363.0,0.0,1
10010,46,"Paracetamol (Acetaminophen) 250mg, Dispersible, Tab",2022-11-01,0,0,0,0,,,363.0,-363.0,357.3333333333333,0.0,186.66666666666663,363.0,0.0,1.0,0
10010,46,"Paracetamol (Acetaminophen) 250mg, Dispersible, Tab",2023-01-01,0,1094,369,725,0.0,0.0,0.0,369.0,271.6666666666667,0.0,186.66666666666663,0.0,0.0,1.0,0
10010,46,"Paracetamol (Acetaminophen) 250mg, Dispersible, Tab",2023-02-01,725,0,61,664,11.885245901639344,356.55737704918033,369.0,-308.0,244.0,1094.0,364.6666666666667,0.0,725.0,0.0,0
10010,46,"Paracetamol (Acetaminophen) 250mg, Dispersible, Tab",2023-03-01,664,0,6,658,110.66666666666669,3320.0,61.0,-55.0,143.33333333333334,0.0,364.6666666666667,725.0,664.0,0.0,0
10010,46,"Paracetamol (Acetaminophen) 250mg, Dispersible, Tab",2023-04-01,658,0,612,46,1.0751633986928104,32.25490196078431,6.0,606.0,145.33333333333334,0.0,364.6666666666667,664.0,658.0,0.0,0
10010,46,"Paracetamol (Acetaminophen) 250mg, Dispersible, Tab",2023-05-01,46,1456,129,1373,0.3565891472868217,10.697674418604652,612.0,-483.0,226.33333333333331,0.0,0.0,658.0,46.0,0.0,0
10010,46,"Paracetamol (Acetaminophen) 250mg, Dispersible, Tab",2023-06-01,1373,0,194,1179,7.077319587628866,212.319587628866,129.0,65.0,249.0,1456.0,485.3333333333333,46.0,1373.0,0.0,0
10010,46,"Paracetamol (Acetaminophen) 250mg, Dispersible, Tab",2023-07-01,1179,0,163,1016,7.233128834355829,216.99386503067487,194.0,-31.0,311.6666666666667,0.0,485.3333333333333,1373.0,1179.0,0.0,0
10010,46,"Paracetamol (Acetaminophen) 250mg, Dispersible, Tab",2023-09-01,1016,0,284,732,3.5774647887323945,107.32394366197184,163.0,121.0,162.0,0.0,485.3333333333333,1179.0,1016.0,0.0,0
10010,46,"Paracetamol (Acetaminophen) 250mg, Dispersible, Tab",2023-10-01,732,0,235,497,3.1148936170212767,93.4468085106383,284.0,-49.0,213.66666666666663,0.0,0.0,1016.0,732.0,0.0,0
10010,47,"Chlorhexidine Gluconate 7.1%, Gel",2019-10-01,3,0,0,3,,,,,,,,,,,0
10010,47,"Chlorhexidine Gluconate 7.1%, Gel",2019-11-01,3,0,1,2,3.0,90.0,0.0,1.0,0.0,0.0,0.0,3.0,3.0,0.0,1
10010,47,"Chlorhexidine Gluconate 7.1%, Gel",2019-12-01,2,0,2,0,1.0,30.0,1.0,1.0,0.5,0.0,0.0,3.0,2.0,0.0,0
10010,47,"Chlorhexidine Gluconate 7.1%, Gel",2020-01-01,0,7,2,5,0.0,0.0,2.0,0.0,1.0,0.0,0.0,2.0,0.0,1.0,0
10010,47,"Chlorhexidine Gluconate 7.1%, Gel",2020-02-01,5,0,1,4,5.0,150.0,2.0,-1.0,1.6666666666666667,7.0,2.333333333333333,0.0,5.0,0.0,0
10010,47,"Chlorhexidine Gluconate 7.1%, Gel",2020-03-01,4,0,2,2,2.0,60.0,1.0,1.0,1.6666666666666667,0.0,2.333333333333333,5.0,4.0,0.0,0
10010,47,"Chlorhexidine Gluconate 7.1%, Gel",2020-04-01,2,8,1,9,2.0,60.0,2.0,-1.0,1.6666666666666667,0.0,2.333333333333333,4.0,2.0,0.0,0
10010,47,"Chlorhexidine Gluconate 7.1%, Gel",2020-05-01,9,0,1,8,9.0,270.0,1.0,0.0,1.3333333333333333,8.0,2.6666666666666665,2.0,9.0,0.0,0
10010,47,"Chlorhexidine Gluconate 7.1%, Gel",2020-07-01,8,0,1,7,8.0,240.0,1.0,0.0,1.3333333333333333,0.0,2.6666666666666665,9.0,8.0,0.0,0
10010,47,"Chlorhexidine Gluconate 7.1%, Gel",2020-08-01,7,0,2,5,3.5,105.0,1.0,1.0,1.0,0.0,2.6666666666666665,8.0,7.0,0.0,0
10010,47,"Chlorhexidine Gluconate 7.1%, Gel",2020-09-01,5,0,3,2,1.6666666666666667,50.0,2.0,1.0,1.3333333333333333,0.0,0.0,7.0,5.0,0.0,1
10010,47,"Chlorhexidine Gluconate 7.1%, Gel",2020-10-01,2,0,2,0,1.0,30.0,3.0,-1.0,2.0,0.0,0.0,5.0,2.0,0.0,0
10010,47,"Chlorhexidine Gluconate 7.1%, Gel",2020-11-01,0,6,2,4,0.0,0.0,2.0,0.0,2.333333333333333,0.0,0.0,2.0,0.0,1.0,0
10010,47,"Chlorhexidine Gluconate 7.1%, Gel",2020-12-01,4,0,2,2,2.0,60.0,2.0,0.0,2.333333333333333,6.0,2.0,0.0,4.0,0.0,0
10010,47,"Chlorhexidine Gluconate 7.1%, Gel",2021-02-01,2,0,1,1,2.0,60.0,2.0,-1.0,2.0,0.0,2.0,4.0,2.0,0.0,0
10010,47,"Chlorhexidine Gluconate 7.1%, Gel",2021-03-01,1,4,1,4,1.0,30.0,1.0,0.0,1.6666666666666667,0.0,2.0,2.0,1.0,0.0,0
10010,47,"Chlorhexidine Gluconate 7.1%, Gel",2021-04-01,4,0,2,2,2.0,60.0,1.0,1.0,1.3333333333333333,4.0,1.3333333333333333,1.0,4.0,0.0,1
10010,47,"Chlorhexidine Gluconate 7.1%, Gel",2021-06-01,2,0,2,0,1.0,30.0,2.0,0.0,1.3333333333333333,0.0,1.3333333333333333,4.0,2.0,0.0,1
10010,47,"Chlorhexidine Gluconate 7.1%, Gel",2021-07-01,0,0,0,0,,,2.0,-2.0,1.6666666666666667,0.0,1.3333333333333333,2.0,0.0,1.0,0
10010,47,"Chlorhexidine Gluconate 7.1%, Gel",2021-09-01,0,3,2,1,0.0,0.0,0.0,2.0,1.3333333333333333,0.0,0.0,0.0,0.0,1.0,1
10010,47,"Chlorhexidine Gluconate 7.1%, Gel",2021-10-01,1,0,1,0,1.0,30.0,2.0,-1.0,1.3333333333333333,3.0,1.0,0.0,1.0,0.0,1
10010,47,"Chlorhexidine Gluconate 7.1%, Gel",2021-11-01,0,0,0,0,,,1.0,-1.0,1.0,0.0,1.0,1.0,0.0,1.0,1
10010,47,"Chlorhexidine Gluconate 7.1%, Gel",2021-12-01,0,0,0,0,,,0.0,0.0,1.0,0.0,1.0,0.0,0.0,1.0,1
10010,47,"Chlorhexidine Gluconate 7.1%, Gel",2022-01-01,0,0,0,0,,,0.0,0.0,0.3333333333333333,0.0,0.0,0.0,0.0,1.0,0
10010,47,"Chlorhexidine Gluconate 7.1%, Gel",2022-02-01,0,7,1,6,0.0,0.0,0.0,1.0,0.0,0.0,0.0,0.0,0.0,1.0,0
10010,47,"Chlorhexidine Gluconate 7.1%, Gel",2022-03-01,6,0,0,6,,,1.0,-1.0,0.3333333333333333,7.0,2.333333333333333,0.0,6.0,0.0,0
10010,47,"Chlorhexidine Gluconate 7.1%, Gel",2022-05-01,6,0,2,4,3.0,90.0,0.0,2.0,0.3333333333333333,0.0,2.333333333333333,6.0,6.0,0.0,0
10010,47,"Chlorhexidine Gluconate 7.1%, Gel",2022-06-01,4,0,2,2,2.0,60.0,2.0,0.0,1.0,0.0,2.333333333333333,6.0,4.0,0.0,0
10010,47,"Chlorhexidine Gluconate 7.1%, Gel",2022-07-01,2,5,2,5,1.0,30.0,2.0,0.0,1.3333333333333333,0.0,0.0,4.0,2.0,0.0,0
10010,47,"Chlorhexidine Gluconate 7.1%, Gel",2022-08-01,5,0,2,3,2.5,75.0,2.0,0.0,2.0,5.0,1.6666666666666667,2.0,5.0,0.0,0
10010,47,"Chlorhexidine Gluconate 7.1%, Gel",2022-09-01,3,0,0,3,,,2.0,-2.0,2.0,0.0,1.6666666666666667,5.0,3.0,0.0,0
10010,47,"Chlorhexidine Gluconate 7.1%, Gel",2022-10-01,3,0,1,2,3.0,90.0,0.0,1.0,1.3333333333333333,0.0,1.6666666666666667,3.0,3.0,0.0,0
10010,47,"Chlorhexidine Gluconate 7.1%, Gel",2022-11-01,2,0,1,1,2.0,60.0,1.0,0.0,1.0,0.0,0.0,3.0,2.0,0.0,0
10010,47,"Chlorhexidine Gluconate 7.1%, Gel",2022-12-01,1,3,1,3,1.0,30.0,1.0,0.0,0.6666666666666666,0.0,0.0,2.0,1.0,0.0,0
10010,47,"Chlorhexidine Gluconate 7.1%, Gel",2023-01-01,3,0,1,2,3.0,90.0,1.0,0.0,1.0,3.0,1.0,1.0,3.0,0.0,1
10010,47,"Chlorhexidine Gluconate 7.1%, Gel",2023-02-01,2,0,2,0,1.0,30.0,1.0,1.0,1.0,0.0,1.0,3.0,2.0,0.0,0
10010,47,"Chlorhexidine Gluconate 7.1%, Gel",2023-03-01,0,6,2,4,0.0,0.0,2.0,0.0,1.3333333333333333,0.0,1.0,2.0,0.0,1.0,0
10010,47,"Chlorhexidine Gluconate 7.1%, Gel",2023-04-01,4,0,1,3,4.0,120.0,2.0,-1.0,1.6666666666666667,6.0,2.0,0.0,4.0,0.0,1
10010,47,"Chlorhexidine Gluconate 7.1%, Gel",2023-05-01,3,0,3,0,1.0,30.0,1.0,2.0,1.6666666666666667,0.0,2.0,4.0,3.0,0.0,1
10010,47,"Chlorhexidine Gluconate 7.1%, Gel",2023-06-01,0,0,0,0,,,3.0,-3.0,2.0,0.0,2.0,3.0,0.0,1.0,1
10010,47,"Chlorhexidine Gluconate 7.1%, Gel",2023-07-01,0,0,0,0,,,0.0,0.0,1.3333333333333333,0.0,0.0,0.0,0.0,1.0,1
10010,47,"Chlorhexidine Gluconate 7.1%, Gel",2023-08-01,0,0,0,0,,,0.0,0.0,1.0,0.0,0.0,0.0,0.0,1.0,0
10010,47,"Chlorhexidine Gluconate 7.1%, Gel",2023-09-01,0,9,0,9,,,0.0,0.0,0.0,0.0,0.0,0.0,0.0,1.0,0
10010,47,"Chlorhexidine Gluconate 7.1%, Gel",2023-10-01,9,0,2,7,4.5,135.0,0.0,2.0,0.0,9.0,3.0,0.0,9.0,0.0,0
10010,50,"Paracetamol (Acetaminophen) 500mg, Tab",2019-10-01,2369,0,2039,330,1.161844041196665,34.85532123589995,,,,,,,,,1
10010,50,"Paracetamol (Acetaminophen) 500mg, Tab",2019-11-01,330,0,330,0,1.0,30.0,2039.0,-1709.0,2039.0,0.0,0.0,2369.0,330.0,0.0,0
10010,50,"Paracetamol (Acetaminophen) 500mg, Tab",2019-12-01,0,4632,360,4272,0.0,0.0,330.0,30.0,1184.5,0.0,0.0,330.0,0.0,1.0,0
10010,50,"Paracetamol (Acetaminophen) 500mg, Tab",2020-02-01,4272,0,1346,2926,3.1738484398216937,95.2154531946508,360.0,986.0,909.6666666666666,4632.0,1544.0,0.0,4272.0,0.0,0
10010,50,"Paracetamol (Acetaminophen) 500mg, Tab",2020-04-01,2926,0,1432,1494,2.043296089385475,61.29888268156424,1346.0,86.0,678.6666666666666,0.0,1544.0,4272.0,2926.0,0.0,0
10010,50,"Paracetamol (Acetaminophen) 500mg, Tab",2020-05-01,1494,0,1371,123,1.0897155361050328,32.691466083150985,1432.0,-61.0,1046.0,0.0,1544.0,2926.0,1494.0,0.0,0
10010,50,"Paracetamol (Acetaminophen) 500mg, Tab",2020-06-01,123,4418,1504,3037,0.081781914893617,2.453457446808511,1371.0,133.0,1383.0,0.0,0.0,1494.0,123.0,0.0,0
10010,50,"Paracetamol (Acetaminophen) 500mg, Tab",2020-08-01,3037,0,1579,1458,1.9233692210259656,57.70107663077898,1504.0,75.0,1435.6666666666667,4418.0,1472.6666666666667,123.0,3037.0,0.0,1
10010,50,"Paracetamol (Acetaminophen) 500mg, Tab",2020-09-01,1458,0,1458,0,1.0,30.0,1579.0,-121.0,1484.6666666666667,0.0,1472.6666666666667,3037.0,1458.0,0.0,0
10010,50,"Paracetamol (Acetaminophen) 500mg, Tab",2020-10-01,0,5100,824,4276,0.0,0.0,1458.0,-634.0,1513.6666666666667,0.0,1472.6666666666667,1458.0,0.0,1.0,0
10010,50,"Paracetamol (Acetaminophen) 500mg, Tab",2020-12-01,4276,0,1715,2561,2.4932944606414,74.79883381924198,824.0,891.0,1287.0,5100.0,1700.0,0.0,4276.0,0.0,0
10010,50,"Paracetamol (Acetaminophen) 500mg, Tab",2021-01-01,2561,0,518,2043,4.944015444015444,148.32046332046332,1715.0,-1197.0,1332.3333333333333,0.0,1700.0,4276.0,2561.0,0.0,0
10010,50,"Paracetamol (Acetaminophen) 500mg, Tab",2021-02-01,2043,0,853,1190,2.3950762016412663,71.85228604923799,518.0,335.0,1019.0,0.0,1700.0,2561.0,2043.0,0.0,0
10010,50,"Paracetamol (Acetaminophen) 500mg, Tab",2021-06-01,1190,3407,947,3650,1.2565997888067582,37.69799366420274,853.0,94.0,1028.6666666666667,0.0,0.0,2043.0,1190.0,0.0,0
10010,50,"Paracetamol (Acetaminophen) 500mg, Tab",2021-07-01,3650,0,1833,1817,1.9912711402073104,59.738134206219314,947.0,886.0,772.6666666666666,3407.0,1135.6666666666667,1190.0,3650.0,0.0,0
10010,50,"Paracetamol (Acetaminophen) 500mg, Tab",2021-08-01,1817,0,1305,512,1.392337164750958,41.770114942528735,1833.0,-528.0,1211.0,0.0,1135.6666666666667,3650.0,1817.0,0.0,0
10010,50,"Paracetamol (Acetaminophen) 500mg, Tab",2021-09-01,512,5272,1414,4370,0.3620933521923621,10.862800565770865,1305.0,109.0,1361.6666666666667,0.0,1135.6666666666667,1817.0,512.0,0.0,0
10010,50,"Paracetamol (Acetaminophen) 500mg, Tab",2021-10-01,4370,0,1111,3259,3.9333933393339335,118.001800180018,1414.0,-303.0,1517.3333333333333,5272.0,1757.3333333333333,512.0,4370.0,0.0,0
10010,50,"Paracetamol (Acetaminophen) 500mg, Tab",2021-12-01,3259,0,812,2447,4.013546798029557,120.4064039408867,1111.0,-299.0,1276.6666666666667,0.0,1757.3333333333333,4370.0,3259.0,0.0,0
10010,50,"Paracetamol (Acetaminophen) 500mg, Tab",2022-01-01,2447,0,1552,895,1.5766752577319587,47.30025773195876,812.0,740.0,1112.3333333333333,0.0,1757.3333333333333,3259.0,2447.0,0.0,0
10010,50,"Paracetamol (Acetaminophen) 500mg, Tab",2022-02-01,895,0,466,429,1.9206008583690988,57.61802575107296,1552.0,-1086.0,1158.3333333333333,0.0,0.0,2447.0,895.0,0.0,0
10010,50,"Paracetamol (Acetaminophen) 500mg, Tab",2022-03-01,429,4508,1161,3776,0.3695090439276486,11.085271317829458,466.0,695.0,943.3333333333334,0.0,0.0,895.0,429.0,0.0,0
10010,50,"Paracetamol (Acetaminophen) 500mg, Tab",2022-04-01,3776,0,526,3250,7.178707224334601,215.361216730038,1161.0,-635.0,1059.6666666666667,4508.0,1502.6666666666667,429.0,3776.0,0.0,0
10010,50,"Paracetamol (Acetaminophen) 500mg, Tab",2022-06-01,3250,0,1199,2051,2.7105921601334444,81.31776480400333,526.0,673.0,717.6666666666666,0.0,1502.6666666666667,3776.0,3250.0,0.0,0
10010,50,"Paracetamol (Acetaminophen) 500mg, Tab",2022-08-01,2051,0,1671,380,1.227408737283064,36.82226211849192,1199.0,472.0,962.0,0.0,1502.6666666666667,3250.0,2051.0,0.0,0
10010,50,"Paracetamol (Acetaminophen) 500mg, Tab",2022-09-01,380,2878,1447,1811,0.2626123013130615,7.878369039391845,1671.0,-224.0,1132.0,0.0,0.0,2051.0,380.0,0.0,0
10010,50,"Paracetamol (Acetaminophen) 500mg, Tab",2022-10-01,1811,0,774,1037,2.339793281653747,70.1937984496124,1447.0,-673.0,1439.0,2878.0,959.3333333333334,380.0,1811.0,0.0,0
10010,50,"Paracetamol (Acetaminophen) 500mg, Tab",2022-11-01,1037,2860,1147,2750,0.90409764603313,27.1229293809939,774.0,373.0,1297.3333333333333,0.0,959.3333333333334,1811.0,1037.0,0.0,0
10010,50,"Paracetamol (Acetaminophen) 500mg, Tab",2022-12-01,2750,0,839,1911,3.2777115613825982,98.33134684147797,1147.0,-308.0,1122.6666666666667,2860.0,1912.6666666666667,1037.0,2750.0,0.0,0
10010,50,"Paracetamol (Acetaminophen) 500mg, Tab",2023-01-01,1911,0,945,966,2.022222222222222,60.66666666666666,839.0,106.0,920.0,0.0,953.3333333333334,2750.0,1911.0,0.0,1
10010,50,"Paracetamol (Acetaminophen) 500mg, Tab",2023-02-01,966,0,966,0,1.0,30.0,945.0,21.0,977.0,0.0,953.3333333333334,1911.0,966.0,0.0,0
10010,50,"Paracetamol (Acetaminophen) 500mg, Tab",2023-03-01,0,2343,1022,1321,0.0,0.0,966.0,56.0,916.6666666666666,0.0,0.0,966.0,0.0,1.0,1
10010,50,"Paracetamol (Acetaminophen) 500mg, Tab",2023-04-01,1321,0,1321,0,1.0,30.0,1022.0,299.0,977.6666666666666,2343.0,781.0,0.0,1321.0,0.0,0
10010,50,"Paracetamol (Acetaminophen) 500mg, Tab",2023-05-01,0,5208,1754,3454,0.0,0.0,1321.0,433.0,1103.0,0.0,781.0,1321.0,0.0,1.0,0
10010,50,"Paracetamol (Acetaminophen) 500mg, Tab",2023-06-01,3454,0,1814,1640,1.9040793825799336,57.122381477398015,1754.0,60.0,1365.6666666666667,5208.0,2517.0,0.0,3454.0,0.0,0
10010,50,"Paracetamol (Acetaminophen) 500mg, Tab",2023-07-01,1640,0,911,729,1.8002195389681668,54.006586169045,1814.0,-903.0,1629.6666666666667,0.0,1736.0,3454.0,1640.0,0.0,0
10010,50,"Paracetamol (Acetaminophen) 500mg, Tab",2023-08-01,729,3745,968,3506,0.753099173553719,22.59297520661157,911.0,57.0,1493.0,0.0,1736.0,1640.0,729.0,0.0,0
10010,50,"Paracetamol (Acetaminophen) 500mg, Tab",2023-09-01,3506,0,1197,2309,2.9289891395154557,87.86967418546365,968.0,229.0,1231.0,3745.0,1248.3333333333333,729.0,3506.0,0.0,0
10010,50,"Paracetamol (Acetaminophen) 500mg, Tab",2023-10-01,2309,0,1223,1086,1.8879803761242848,56.639411283728535,1197.0,26.0,1025.3333333333333,0.0,1248.3333333333333,3506.0,2309.0,0.0,0
